
target/x86_64-unknown-none/debug/user_boot：     文件格式 elf64-x86-64


Disassembly of section .text:

0000000000ef0c40 <_ZN63_$LT$common_std..error..RcError$u20$as$u20$core..fmt..Debug$GT$3fmt17h5af9ecfea329b2e5E>:
pub type RcResult<T> = Result<T, RcError>;

#[allow(dead_code)]
#[repr(isize)]
#[derive(Debug, Clone, Copy)]
  ef0c40:	48 83 ec 38          	sub    $0x38,%rsp
  ef0c44:	48 89 74 24 08       	mov    %rsi,0x8(%rsp)
  ef0c49:	48 89 7c 24 28       	mov    %rdi,0x28(%rsp)
  ef0c4e:	48 89 74 24 30       	mov    %rsi,0x30(%rsp)
  ef0c53:	48 8b 07             	mov    (%rdi),%rax
  ef0c56:	48 83 c0 0e          	add    $0xe,%rax
  ef0c5a:	48 89 44 24 10       	mov    %rax,0x10(%rsp)
  ef0c5f:	48 8b 44 24 10       	mov    0x10(%rsp),%rax
  ef0c64:	48 8b 04 c5 00 02 20 	mov    0x200200(,%rax,8),%rax
  ef0c6b:	00 
  ef0c6c:	ff e0                	jmp    *%rax
  ef0c6e:	0f 0b                	ud2
  ef0c70:	48 c7 44 24 18 78 02 	movq   $0x200278,0x18(%rsp)
  ef0c77:	20 00 
  ef0c79:	48 c7 44 24 20 02 00 	movq   $0x2,0x20(%rsp)
  ef0c80:	00 00 
  ef0c82:	e9 2b 01 00 00       	jmp    ef0db2 <_ZN63_$LT$common_std..error..RcError$u20$as$u20$core..fmt..Debug$GT$3fmt17h5af9ecfea329b2e5E+0x172>
  ef0c87:	48 c7 44 24 18 7a 02 	movq   $0x20027a,0x18(%rsp)
  ef0c8e:	20 00 
  ef0c90:	48 c7 44 24 20 09 00 	movq   $0x9,0x20(%rsp)
  ef0c97:	00 00 
  ef0c99:	e9 14 01 00 00       	jmp    ef0db2 <_ZN63_$LT$common_std..error..RcError$u20$as$u20$core..fmt..Debug$GT$3fmt17h5af9ecfea329b2e5E+0x172>
  ef0c9e:	48 c7 44 24 18 83 02 	movq   $0x200283,0x18(%rsp)
  ef0ca5:	20 00 
  ef0ca7:	48 c7 44 24 20 09 00 	movq   $0x9,0x20(%rsp)
  ef0cae:	00 00 
  ef0cb0:	e9 fd 00 00 00       	jmp    ef0db2 <_ZN63_$LT$common_std..error..RcError$u20$as$u20$core..fmt..Debug$GT$3fmt17h5af9ecfea329b2e5E+0x172>
  ef0cb5:	48 c7 44 24 18 8c 02 	movq   $0x20028c,0x18(%rsp)
  ef0cbc:	20 00 
  ef0cbe:	48 c7 44 24 20 0c 00 	movq   $0xc,0x20(%rsp)
  ef0cc5:	00 00 
  ef0cc7:	e9 e6 00 00 00       	jmp    ef0db2 <_ZN63_$LT$common_std..error..RcError$u20$as$u20$core..fmt..Debug$GT$3fmt17h5af9ecfea329b2e5E+0x172>
  ef0ccc:	48 c7 44 24 18 c8 02 	movq   $0x2002c8,0x18(%rsp)
  ef0cd3:	20 00 
  ef0cd5:	48 c7 44 24 20 10 00 	movq   $0x10,0x20(%rsp)
  ef0cdc:	00 00 
  ef0cde:	e9 cf 00 00 00       	jmp    ef0db2 <_ZN63_$LT$common_std..error..RcError$u20$as$u20$core..fmt..Debug$GT$3fmt17h5af9ecfea329b2e5E+0x172>
  ef0ce3:	48 c7 44 24 18 d8 02 	movq   $0x2002d8,0x18(%rsp)
  ef0cea:	20 00 
  ef0cec:	48 c7 44 24 20 0b 00 	movq   $0xb,0x20(%rsp)
  ef0cf3:	00 00 
  ef0cf5:	e9 b8 00 00 00       	jmp    ef0db2 <_ZN63_$LT$common_std..error..RcError$u20$as$u20$core..fmt..Debug$GT$3fmt17h5af9ecfea329b2e5E+0x172>
  ef0cfa:	48 c7 44 24 18 e3 02 	movq   $0x2002e3,0x18(%rsp)
  ef0d01:	20 00 
  ef0d03:	48 c7 44 24 20 0d 00 	movq   $0xd,0x20(%rsp)
  ef0d0a:	00 00 
  ef0d0c:	e9 a1 00 00 00       	jmp    ef0db2 <_ZN63_$LT$common_std..error..RcError$u20$as$u20$core..fmt..Debug$GT$3fmt17h5af9ecfea329b2e5E+0x172>
  ef0d11:	48 c7 44 24 18 f0 02 	movq   $0x2002f0,0x18(%rsp)
  ef0d18:	20 00 
  ef0d1a:	48 c7 44 24 20 0c 00 	movq   $0xc,0x20(%rsp)
  ef0d21:	00 00 
  ef0d23:	e9 8a 00 00 00       	jmp    ef0db2 <_ZN63_$LT$common_std..error..RcError$u20$as$u20$core..fmt..Debug$GT$3fmt17h5af9ecfea329b2e5E+0x172>
  ef0d28:	48 c7 44 24 18 fc 02 	movq   $0x2002fc,0x18(%rsp)
  ef0d2f:	20 00 
  ef0d31:	48 c7 44 24 20 08 00 	movq   $0x8,0x20(%rsp)
  ef0d38:	00 00 
  ef0d3a:	eb 76                	jmp    ef0db2 <_ZN63_$LT$common_std..error..RcError$u20$as$u20$core..fmt..Debug$GT$3fmt17h5af9ecfea329b2e5E+0x172>
  ef0d3c:	48 c7 44 24 18 0c 03 	movq   $0x20030c,0x18(%rsp)
  ef0d43:	20 00 
  ef0d45:	48 c7 44 24 20 08 00 	movq   $0x8,0x20(%rsp)
  ef0d4c:	00 00 
  ef0d4e:	eb 62                	jmp    ef0db2 <_ZN63_$LT$common_std..error..RcError$u20$as$u20$core..fmt..Debug$GT$3fmt17h5af9ecfea329b2e5E+0x172>
  ef0d50:	48 c7 44 24 18 2c 03 	movq   $0x20032c,0x18(%rsp)
  ef0d57:	20 00 
  ef0d59:	48 c7 44 24 20 0d 00 	movq   $0xd,0x20(%rsp)
  ef0d60:	00 00 
  ef0d62:	eb 4e                	jmp    ef0db2 <_ZN63_$LT$common_std..error..RcError$u20$as$u20$core..fmt..Debug$GT$3fmt17h5af9ecfea329b2e5E+0x172>
  ef0d64:	48 c7 44 24 18 39 03 	movq   $0x200339,0x18(%rsp)
  ef0d6b:	20 00 
  ef0d6d:	48 c7 44 24 20 0e 00 	movq   $0xe,0x20(%rsp)
  ef0d74:	00 00 
  ef0d76:	eb 3a                	jmp    ef0db2 <_ZN63_$LT$common_std..error..RcError$u20$as$u20$core..fmt..Debug$GT$3fmt17h5af9ecfea329b2e5E+0x172>
  ef0d78:	48 c7 44 24 18 98 02 	movq   $0x200298,0x18(%rsp)
  ef0d7f:	20 00 
  ef0d81:	48 c7 44 24 20 10 00 	movq   $0x10,0x20(%rsp)
  ef0d88:	00 00 
  ef0d8a:	eb 26                	jmp    ef0db2 <_ZN63_$LT$common_std..error..RcError$u20$as$u20$core..fmt..Debug$GT$3fmt17h5af9ecfea329b2e5E+0x172>
  ef0d8c:	48 c7 44 24 18 47 03 	movq   $0x200347,0x18(%rsp)
  ef0d93:	20 00 
  ef0d95:	48 c7 44 24 20 0a 00 	movq   $0xa,0x20(%rsp)
  ef0d9c:	00 00 
  ef0d9e:	eb 12                	jmp    ef0db2 <_ZN63_$LT$common_std..error..RcError$u20$as$u20$core..fmt..Debug$GT$3fmt17h5af9ecfea329b2e5E+0x172>
  ef0da0:	48 c7 44 24 18 51 03 	movq   $0x200351,0x18(%rsp)
  ef0da7:	20 00 
  ef0da9:	48 c7 44 24 20 0a 00 	movq   $0xa,0x20(%rsp)
  ef0db0:	00 00 
  ef0db2:	48 8b 7c 24 08       	mov    0x8(%rsp),%rdi
  ef0db7:	48 8b 74 24 18       	mov    0x18(%rsp),%rsi
  ef0dbc:	48 8b 54 24 20       	mov    0x20(%rsp),%rdx
  ef0dc1:	e8 aa c1 00 00       	call   efcf70 <_ZN4core3fmt9Formatter9write_str17hf965cee11a947509E>
  ef0dc6:	24 01                	and    $0x1,%al
  ef0dc8:	48 83 c4 38          	add    $0x38,%rsp
  ef0dcc:	c3                   	ret
  ef0dcd:	cc                   	int3
  ef0dce:	cc                   	int3
  ef0dcf:	cc                   	int3

0000000000ef0dd0 <_ZN5alloc5alloc12alloc_zeroed17h2c260bd53544bb83E>:
/// ```
#[stable(feature = "global_alloc", since = "1.28.0")]
#[must_use = "losing the pointer will leak memory"]
#[inline]
#[cfg_attr(miri, track_caller)] // even without panics, this helps for Miri backtraces
pub unsafe fn alloc_zeroed(layout: Layout) -> *mut u8 {
  ef0dd0:	48 83 ec 38          	sub    $0x38,%rsp
  ef0dd4:	48 89 7c 24 08       	mov    %rdi,0x8(%rsp)
  ef0dd9:	48 89 74 24 10       	mov    %rsi,0x10(%rsp)
/// ```
#[inline]
#[stable(feature = "volatile", since = "1.9.0")]
#[cfg_attr(miri, track_caller)] // even without panics, this helps for Miri backtraces
#[rustc_diagnostic_item = "ptr_read_volatile"]
pub unsafe fn read_volatile<T>(src: *const T) -> T {
  ef0dde:	48 c7 44 24 18 c0 ff 	movq   $0xefffc0,0x18(%rsp)
  ef0de5:	ef 00 
                        This Undefined Behavior check is optional, and cannot be relied on for safety."));
                }
            }

            if ::core::ub_checks::$kind() {
                precondition_check($($arg,)*);
  ef0de7:	48 c7 c7 c0 ff ef 00 	mov    $0xefffc0,%rdi
  ef0dee:	be 01 00 00 00       	mov    $0x1,%esi
  ef0df3:	31 d2                	xor    %edx,%edx
  ef0df5:	e8 f6 0a 00 00       	call   ef18f0 <_ZN4core3ptr13read_volatile18precondition_check17h4830b567473a173cE>
                addr: *const () = src as *const (),
                align: usize = align_of::<T>(),
                is_zst: bool = T::IS_ZST,
            ) => ub_checks::maybe_is_aligned_and_not_null(addr, align, is_zst)
        );
        intrinsics::volatile_load(src)
  ef0dfa:	8a 05 c0 f1 00 00    	mov    0xf1c0(%rip),%al        # efffc0 <__rust_no_alloc_shim_is_unstable>
  ef0e00:	88 44 24 27          	mov    %al,0x27(%rsp)
    unsafe {
        // Make sure we don't accidentally allow omitting the allocator shim in
        // stable code until it is actually stabilized.
        core::ptr::read_volatile(&__rust_no_alloc_shim_is_unstable);

        __rust_alloc_zeroed(layout.size(), layout.align())
  ef0e04:	48 8d 44 24 08       	lea    0x8(%rsp),%rax
  ef0e09:	48 89 44 24 28       	mov    %rax,0x28(%rsp)
    #[stable(feature = "alloc_layout", since = "1.28.0")]
    #[rustc_const_stable(feature = "const_alloc_layout_size_align", since = "1.50.0")]
    #[must_use]
    #[inline]
    pub const fn size(&self) -> usize {
        self.size
  ef0e0e:	48 8b 7c 24 10       	mov    0x10(%rsp),%rdi
  ef0e13:	48 8d 44 24 08       	lea    0x8(%rsp),%rax
  ef0e18:	48 89 44 24 30       	mov    %rax,0x30(%rsp)
    #[rustc_const_stable(feature = "const_alloc_layout_size_align", since = "1.50.0")]
    #[must_use = "this returns the minimum alignment, \
                  without modifying the layout"]
    #[inline]
    pub const fn align(&self) -> usize {
        self.align.as_usize()
  ef0e1d:	48 8b 74 24 08       	mov    0x8(%rsp),%rsi
  ef0e22:	e8 69 19 00 00       	call   ef2790 <_RNvCs3T2uyX70NBl_7___rustc19___rust_alloc_zeroed>
    }
}
  ef0e27:	48 83 c4 38          	add    $0x38,%rsp
  ef0e2b:	c3                   	ret
  ef0e2c:	cc                   	int3
  ef0e2d:	cc                   	int3
  ef0e2e:	cc                   	int3
  ef0e2f:	cc                   	int3

0000000000ef0e30 <_ZN5alloc5alloc15exchange_malloc17hc39efe67574ee887E>:
/// The allocator for `Box`.
#[cfg(not(no_global_oom_handling))]
#[lang = "exchange_malloc"]
#[inline]
#[cfg_attr(miri, track_caller)] // even without panics, this helps for Miri backtraces
unsafe fn exchange_malloc(size: usize, align: usize) -> *mut u8 {
  ef0e30:	48 83 ec 58          	sub    $0x58,%rsp
  ef0e34:	48 89 34 24          	mov    %rsi,(%rsp)
  ef0e38:	48 89 7c 24 08       	mov    %rdi,0x8(%rsp)
  ef0e3d:	48 89 7c 24 20       	mov    %rdi,0x20(%rsp)
  ef0e42:	48 89 74 24 28       	mov    %rsi,0x28(%rsp)
    fn allocate(&self, layout: Layout) -> Result<NonNull<[u8]>, AllocError> {
  ef0e47:	b8 01 00 00 00       	mov    $0x1,%eax
  ef0e4c:	48 89 44 24 30       	mov    %rax,0x30(%rsp)
  ef0e51:	48 8b 34 24          	mov    (%rsp),%rsi
  ef0e55:	48 8b 7c 24 08       	mov    0x8(%rsp),%rdi
  ef0e5a:	e8 71 03 00 00       	call   ef11d0 <_ZN4core5alloc6layout6Layout25from_size_align_unchecked18precondition_check17hdbd2356533c4115cE>
  ef0e5f:	48 8b 54 24 08       	mov    0x8(%rsp),%rdx
  ef0e64:	48 8b 34 24          	mov    (%rsp),%rsi
        unsafe { Layout { size, align: mem::transmute(align) } }
  ef0e68:	48 89 74 24 38       	mov    %rsi,0x38(%rsp)
  ef0e6d:	48 89 54 24 40       	mov    %rdx,0x40(%rsp)
        self.alloc_impl(layout, false)
  ef0e72:	31 c0                	xor    %eax,%eax
  ef0e74:	bf 01 00 00 00       	mov    $0x1,%edi
  ef0e79:	31 c9                	xor    %ecx,%ecx
  ef0e7b:	e8 b0 00 00 00       	call   ef0f30 <_ZN5alloc5alloc6Global10alloc_impl17hede1624ec3182bc8E>
  ef0e80:	48 89 44 24 10       	mov    %rax,0x10(%rsp)
  ef0e85:	48 89 54 24 18       	mov    %rdx,0x18(%rsp)
    let layout = unsafe { Layout::from_size_align_unchecked(size, align) };
    match Global.allocate(layout) {
  ef0e8a:	48 8b 54 24 10       	mov    0x10(%rsp),%rdx
  ef0e8f:	31 c0                	xor    %eax,%eax
  ef0e91:	b9 01 00 00 00       	mov    $0x1,%ecx
  ef0e96:	48 83 fa 00          	cmp    $0x0,%rdx
  ef0e9a:	48 0f 44 c1          	cmove  %rcx,%rax
  ef0e9e:	48 a9 01 00 00 00    	test   $0x1,%rax
  ef0ea4:	74 0e                	je     ef0eb4 <_ZN5alloc5alloc15exchange_malloc17hc39efe67574ee887E+0x84>
  ef0ea6:	48 8b 74 24 08       	mov    0x8(%rsp),%rsi
  ef0eab:	48 8b 3c 24          	mov    (%rsp),%rdi
        Ok(ptr) => ptr.as_mut_ptr(),
        Err(_) => handle_alloc_error(layout),
  ef0eaf:	e8 e9 ab 00 00       	call   efba9d <_ZN5alloc5alloc18handle_alloc_error17h6c4520e7ee4e2909E>
        Ok(ptr) => ptr.as_mut_ptr(),
  ef0eb4:	48 8b 44 24 10       	mov    0x10(%rsp),%rax
  ef0eb9:	48 8b 4c 24 18       	mov    0x18(%rsp),%rcx
  ef0ebe:	48 89 44 24 48       	mov    %rax,0x48(%rsp)
  ef0ec3:	48 89 4c 24 50       	mov    %rcx,0x50(%rsp)
    }
}
  ef0ec8:	48 83 c4 58          	add    $0x58,%rsp
  ef0ecc:	c3                   	ret
  ef0ecd:	cc                   	int3
  ef0ece:	cc                   	int3
  ef0ecf:	cc                   	int3

0000000000ef0ed0 <_ZN5alloc5alloc5alloc17h03116c86cbedc11aE>:
pub unsafe fn alloc(layout: Layout) -> *mut u8 {
  ef0ed0:	48 83 ec 38          	sub    $0x38,%rsp
  ef0ed4:	48 89 7c 24 08       	mov    %rdi,0x8(%rsp)
  ef0ed9:	48 89 74 24 10       	mov    %rsi,0x10(%rsp)
pub unsafe fn read_volatile<T>(src: *const T) -> T {
  ef0ede:	48 c7 44 24 18 c0 ff 	movq   $0xefffc0,0x18(%rsp)
  ef0ee5:	ef 00 
  ef0ee7:	48 c7 c7 c0 ff ef 00 	mov    $0xefffc0,%rdi
  ef0eee:	be 01 00 00 00       	mov    $0x1,%esi
  ef0ef3:	31 d2                	xor    %edx,%edx
  ef0ef5:	e8 f6 09 00 00       	call   ef18f0 <_ZN4core3ptr13read_volatile18precondition_check17h4830b567473a173cE>
        intrinsics::volatile_load(src)
  ef0efa:	8a 05 c0 f0 00 00    	mov    0xf0c0(%rip),%al        # efffc0 <__rust_no_alloc_shim_is_unstable>
  ef0f00:	88 44 24 27          	mov    %al,0x27(%rsp)
        __rust_alloc(layout.size(), layout.align())
  ef0f04:	48 8d 44 24 08       	lea    0x8(%rsp),%rax
  ef0f09:	48 89 44 24 28       	mov    %rax,0x28(%rsp)
        self.size
  ef0f0e:	48 8b 7c 24 10       	mov    0x10(%rsp),%rdi
  ef0f13:	48 8d 44 24 08       	lea    0x8(%rsp),%rax
  ef0f18:	48 89 44 24 30       	mov    %rax,0x30(%rsp)
        self.align.as_usize()
  ef0f1d:	48 8b 74 24 08       	mov    0x8(%rsp),%rsi
  ef0f22:	e8 69 17 00 00       	call   ef2690 <_RNvCs3T2uyX70NBl_7___rustc12___rust_alloc>
}
  ef0f27:	48 83 c4 38          	add    $0x38,%rsp
  ef0f2b:	c3                   	ret
  ef0f2c:	cc                   	int3
  ef0f2d:	cc                   	int3
  ef0f2e:	cc                   	int3
  ef0f2f:	cc                   	int3

0000000000ef0f30 <_ZN5alloc5alloc6Global10alloc_impl17hede1624ec3182bc8E>:
    fn alloc_impl(&self, layout: Layout, zeroed: bool) -> Result<NonNull<[u8]>, AllocError> {
  ef0f30:	48 81 ec 08 01 00 00 	sub    $0x108,%rsp
  ef0f37:	88 c8                	mov    %cl,%al
  ef0f39:	88 44 24 27          	mov    %al,0x27(%rsp)
  ef0f3d:	48 89 74 24 30       	mov    %rsi,0x30(%rsp)
  ef0f42:	48 89 54 24 38       	mov    %rdx,0x38(%rsp)
  ef0f47:	48 89 7c 24 70       	mov    %rdi,0x70(%rsp)
  ef0f4c:	24 01                	and    $0x1,%al
  ef0f4e:	88 44 24 7e          	mov    %al,0x7e(%rsp)
    /// but `let slice = NonNull::from(&x[..]);` would be a better way to write code like this.)
    #[stable(feature = "nonnull_slice_from_raw_parts", since = "1.70.0")]
    #[rustc_const_stable(feature = "const_slice_from_raw_parts_mut", since = "1.83.0")]
    #[must_use]
    #[inline]
    pub const fn slice_from_raw_parts(data: NonNull<T>, len: usize) -> Self {
  ef0f52:	48 c7 84 24 80 00 00 	movq   $0x0,0x80(%rsp)
  ef0f59:	00 00 00 00 00 
pub const fn slice_from_raw_parts_mut<T>(data: *mut T, len: usize) -> *mut [T] {
  ef0f5e:	48 c7 84 24 88 00 00 	movq   $0x0,0x88(%rsp)
  ef0f65:	00 00 00 00 00 
        match layout.size() {
  ef0f6a:	48 8d 44 24 30       	lea    0x30(%rsp),%rax
  ef0f6f:	48 89 84 24 98 00 00 	mov    %rax,0x98(%rsp)
  ef0f76:	00 
        self.size
  ef0f77:	48 8b 44 24 38       	mov    0x38(%rsp),%rax
  ef0f7c:	48 89 44 24 28       	mov    %rax,0x28(%rsp)
  ef0f81:	48 89 84 24 a0 00 00 	mov    %rax,0xa0(%rsp)
  ef0f88:	00 
  ef0f89:	48 83 f8 00          	cmp    $0x0,%rax
  ef0f8d:	75 4c                	jne    ef0fdb <_ZN5alloc5alloc6Global10alloc_impl17hede1624ec3182bc8E+0xab>
            0 => Ok(NonNull::slice_from_raw_parts(layout.dangling(), 0)),
  ef0f8f:	48 8d 44 24 30       	lea    0x30(%rsp),%rax
  ef0f94:	48 89 84 24 a8 00 00 	mov    %rax,0xa8(%rsp)
  ef0f9b:	00 
    /// some other means.
    #[unstable(feature = "alloc_layout_extra", issue = "55724")]
    #[must_use]
    #[inline]
    pub const fn dangling(&self) -> NonNull<u8> {
        NonNull::without_provenance(self.align.as_nonzero())
  ef0f9c:	48 8b 4c 24 30       	mov    0x30(%rsp),%rcx
  ef0fa1:	48 89 4c 24 10       	mov    %rcx,0x10(%rsp)
    without_provenance_mut(addr)
  ef0fa6:	31 c0                	xor    %eax,%eax
  ef0fa8:	48 01 c8             	add    %rcx,%rax
        unsafe { NonNull { pointer } }
  ef0fab:	48 89 84 24 b0 00 00 	mov    %rax,0xb0(%rsp)
  ef0fb2:	00 
        unsafe { mem::transmute::<Self, *mut T>(self) }
  ef0fb3:	31 c0                	xor    %eax,%eax
  ef0fb5:	48 01 c8             	add    %rcx,%rax
  ef0fb8:	48 89 44 24 18       	mov    %rax,0x18(%rsp)
  ef0fbd:	48 89 84 24 b8 00 00 	mov    %rax,0xb8(%rsp)
  ef0fc4:	00 
#[inline]
pub const fn from_raw_parts_mut<T: ?Sized>(
    data_pointer: *mut impl Thin,
    metadata: <T as Pointee>::Metadata,
) -> *mut T {
    aggregate_raw_ptr(data_pointer, metadata)
  ef0fc5:	48 89 84 24 c0 00 00 	mov    %rax,0xc0(%rsp)
  ef0fcc:	00 
  ef0fcd:	48 c7 84 24 c8 00 00 	movq   $0x0,0xc8(%rsp)
  ef0fd4:	00 00 00 00 00 
            if ::core::ub_checks::$kind() {
  ef0fd9:	eb 0a                	jmp    ef0fe5 <_ZN5alloc5alloc6Global10alloc_impl17hede1624ec3182bc8E+0xb5>
  ef0fdb:	8a 44 24 27          	mov    0x27(%rsp),%al
                let raw_ptr = if zeroed { alloc_zeroed(layout) } else { alloc(layout) };
  ef0fdf:	a8 01                	test   $0x1,%al
  ef0fe1:	75 4e                	jne    ef1031 <_ZN5alloc5alloc6Global10alloc_impl17hede1624ec3182bc8E+0x101>
  ef0fe3:	eb 36                	jmp    ef101b <_ZN5alloc5alloc6Global10alloc_impl17hede1624ec3182bc8E+0xeb>
  ef0fe5:	48 8b 44 24 10       	mov    0x10(%rsp),%rax
                (ptr: *mut () = ptr as *mut ()) => !ptr.is_null()
  ef0fea:	31 c9                	xor    %ecx,%ecx
  ef0fec:	89 cf                	mov    %ecx,%edi
  ef0fee:	48 01 c7             	add    %rax,%rdi
                precondition_check($($arg,)*);
  ef0ff1:	e8 ba 01 00 00       	call   ef11b0 <_ZN4core3ptr8non_null16NonNull$LT$T$GT$13new_unchecked18precondition_check17hc0efaebeabbe265dE>
  ef0ff6:	48 8b 44 24 18       	mov    0x18(%rsp),%rax
            0 => Ok(NonNull::slice_from_raw_parts(layout.dangling(), 0)),
  ef0ffb:	48 89 44 24 40       	mov    %rax,0x40(%rsp)
  ef1000:	48 c7 44 24 48 00 00 	movq   $0x0,0x48(%rsp)
  ef1007:	00 00 
    }
  ef1009:	48 8b 44 24 40       	mov    0x40(%rsp),%rax
  ef100e:	48 8b 54 24 48       	mov    0x48(%rsp),%rdx
  ef1013:	48 81 c4 08 01 00 00 	add    $0x108,%rsp
  ef101a:	c3                   	ret
                let raw_ptr = if zeroed { alloc_zeroed(layout) } else { alloc(layout) };
  ef101b:	48 8b 7c 24 30       	mov    0x30(%rsp),%rdi
  ef1020:	48 8b 74 24 38       	mov    0x38(%rsp),%rsi
  ef1025:	e8 a6 fe ff ff       	call   ef0ed0 <_ZN5alloc5alloc5alloc17h03116c86cbedc11aE>
  ef102a:	48 89 44 24 50       	mov    %rax,0x50(%rsp)
  ef102f:	eb 14                	jmp    ef1045 <_ZN5alloc5alloc6Global10alloc_impl17hede1624ec3182bc8E+0x115>
  ef1031:	48 8b 7c 24 30       	mov    0x30(%rsp),%rdi
  ef1036:	48 8b 74 24 38       	mov    0x38(%rsp),%rsi
  ef103b:	e8 90 fd ff ff       	call   ef0dd0 <_ZN5alloc5alloc12alloc_zeroed17h2c260bd53544bb83E>
  ef1040:	48 89 44 24 50       	mov    %rax,0x50(%rsp)
                let ptr = NonNull::new(raw_ptr).ok_or(AllocError)?;
  ef1045:	48 8b 44 24 50       	mov    0x50(%rsp),%rax
  ef104a:	48 89 44 24 08       	mov    %rax,0x8(%rsp)
  ef104f:	48 89 84 24 d0 00 00 	mov    %rax,0xd0(%rsp)
  ef1056:	00 
        if !ptr.is_null() {
  ef1057:	48 83 f8 00          	cmp    $0x0,%rax
  ef105b:	75 2c                	jne    ef1089 <_ZN5alloc5alloc6Global10alloc_impl17hede1624ec3182bc8E+0x159>
            None
  ef105d:	48 c7 44 24 68 00 00 	movq   $0x0,0x68(%rsp)
  ef1064:	00 00 
    #[inline]
    #[stable(feature = "rust1", since = "1.0.0")]
    pub fn ok_or<E>(self, err: E) -> Result<T, E> {
        match self {
            Some(v) => Ok(v),
            None => Err(err),
  ef1066:	48 c7 44 24 60 00 00 	movq   $0x0,0x60(%rsp)
  ef106d:	00 00 
impl<T, E, F: From<E>> ops::FromResidual<Result<convert::Infallible, E>> for Result<T, F> {
    #[inline]
    #[track_caller]
    fn from_residual(residual: Result<convert::Infallible, E>) -> Self {
        match residual {
            Err(e) => Err(From::from(e)),
  ef106f:	48 8b 0d 42 f2 30 ff 	mov    -0xcf0dbe(%rip),%rcx        # 2002b8 <_ZN63_$LT$common_std..error..RcError$u20$as$u20$core..fmt..Debug$GT$3fmt17h5af9ecfea329b2e5E-0xcf0988>
  ef1076:	48 8b 05 43 f2 30 ff 	mov    -0xcf0dbd(%rip),%rax        # 2002c0 <_ZN63_$LT$common_std..error..RcError$u20$as$u20$core..fmt..Debug$GT$3fmt17h5af9ecfea329b2e5E-0xcf0980>
  ef107d:	48 89 4c 24 40       	mov    %rcx,0x40(%rsp)
  ef1082:	48 89 44 24 48       	mov    %rax,0x48(%rsp)
    }
  ef1087:	eb 80                	jmp    ef1009 <_ZN5alloc5alloc6Global10alloc_impl17hede1624ec3182bc8E+0xd9>
            if ::core::ub_checks::$kind() {
  ef1089:	eb 00                	jmp    ef108b <_ZN5alloc5alloc6Global10alloc_impl17hede1624ec3182bc8E+0x15b>
  ef108b:	48 8b 7c 24 08       	mov    0x8(%rsp),%rdi
                precondition_check($($arg,)*);
  ef1090:	e8 1b 01 00 00       	call   ef11b0 <_ZN4core3ptr8non_null16NonNull$LT$T$GT$13new_unchecked18precondition_check17hc0efaebeabbe265dE>
  ef1095:	48 8b 44 24 28       	mov    0x28(%rsp),%rax
  ef109a:	48 8b 4c 24 08       	mov    0x8(%rsp),%rcx
            Some(unsafe { Self::new_unchecked(ptr) })
  ef109f:	48 89 4c 24 68       	mov    %rcx,0x68(%rsp)
            Some(v) => Ok(v),
  ef10a4:	48 8b 4c 24 68       	mov    0x68(%rsp),%rcx
  ef10a9:	48 89 8c 24 d8 00 00 	mov    %rcx,0xd8(%rsp)
  ef10b0:	00 
  ef10b1:	48 89 4c 24 60       	mov    %rcx,0x60(%rsp)
            Ok(v) => ControlFlow::Continue(v),
  ef10b6:	48 8b 4c 24 60       	mov    0x60(%rsp),%rcx
  ef10bb:	48 89 8c 24 e0 00 00 	mov    %rcx,0xe0(%rsp)
  ef10c2:	00 
  ef10c3:	48 89 4c 24 58       	mov    %rcx,0x58(%rsp)
                let ptr = NonNull::new(raw_ptr).ok_or(AllocError)?;
  ef10c8:	48 8b 4c 24 58       	mov    0x58(%rsp),%rcx
  ef10cd:	48 89 0c 24          	mov    %rcx,(%rsp)
  ef10d1:	48 89 8c 24 e8 00 00 	mov    %rcx,0xe8(%rsp)
  ef10d8:	00 
        unsafe { mem::transmute::<Self, *mut T>(self) }
  ef10d9:	48 89 8c 24 f0 00 00 	mov    %rcx,0xf0(%rsp)
  ef10e0:	00 
  ef10e1:	48 89 8c 24 f8 00 00 	mov    %rcx,0xf8(%rsp)
  ef10e8:	00 
  ef10e9:	48 89 84 24 00 01 00 	mov    %rax,0x100(%rsp)
  ef10f0:	00 
  ef10f1:	48 8b 3c 24          	mov    (%rsp),%rdi
  ef10f5:	e8 b6 00 00 00       	call   ef11b0 <_ZN4core3ptr8non_null16NonNull$LT$T$GT$13new_unchecked18precondition_check17hc0efaebeabbe265dE>
  ef10fa:	48 8b 44 24 28       	mov    0x28(%rsp),%rax
  ef10ff:	48 8b 0c 24          	mov    (%rsp),%rcx
                Ok(NonNull::slice_from_raw_parts(ptr, size))
  ef1103:	48 89 4c 24 40       	mov    %rcx,0x40(%rsp)
  ef1108:	48 89 44 24 48       	mov    %rax,0x48(%rsp)
            },
  ef110d:	e9 f7 fe ff ff       	jmp    ef1009 <_ZN5alloc5alloc6Global10alloc_impl17hede1624ec3182bc8E+0xd9>
  ef1112:	cc                   	int3
  ef1113:	cc                   	int3
  ef1114:	cc                   	int3
  ef1115:	cc                   	int3
  ef1116:	cc                   	int3
  ef1117:	cc                   	int3
  ef1118:	cc                   	int3
  ef1119:	cc                   	int3
  ef111a:	cc                   	int3
  ef111b:	cc                   	int3
  ef111c:	cc                   	int3
  ef111d:	cc                   	int3
  ef111e:	cc                   	int3
  ef111f:	cc                   	int3

0000000000ef1120 <_ZN5alloc5slice29_$LT$impl$u20$$u5b$T$u5d$$GT$8into_vec17hd531b9ca079d6752E>:
    /// ```
    #[rustc_allow_incoherent_impl]
    #[stable(feature = "rust1", since = "1.0.0")]
    #[inline]
    #[rustc_diagnostic_item = "slice_into_vec"]
    pub fn into_vec<A: Allocator>(self: Box<Self, A>) -> Vec<T, A> {
  ef1120:	48 83 ec 78          	sub    $0x78,%rsp
  ef1124:	48 89 54 24 08       	mov    %rdx,0x8(%rsp)
  ef1129:	48 89 74 24 10       	mov    %rsi,0x10(%rsp)
  ef112e:	48 89 7c 24 18       	mov    %rdi,0x18(%rsp)
  ef1133:	48 89 7c 24 20       	mov    %rdi,0x20(%rsp)
  ef1138:	48 89 74 24 30       	mov    %rsi,0x30(%rsp)
  ef113d:	48 89 54 24 38       	mov    %rdx,0x38(%rsp)
        unsafe {
            let len = self.len();
  ef1142:	48 89 54 24 48       	mov    %rdx,0x48(%rsp)
        // We carefully get the raw pointer out in a way that Miri's aliasing model understands what
        // is happening: using the primitive "deref" of `Box`. In case `A` is *not* `Global`, we
        // want *no* aliasing requirements here!
        // In case `A` *is* `Global`, this does not quite have the right behavior; `into_raw`
        // works around that.
        let ptr = &raw mut **b;
  ef1147:	48 89 74 24 50       	mov    %rsi,0x50(%rsp)
  ef114c:	48 89 54 24 58       	mov    %rdx,0x58(%rsp)
            let (b, alloc) = Box::into_raw_with_allocator(self);
            Vec::from_raw_parts_in(b as *mut T, len, len, alloc)
  ef1151:	48 89 74 24 60       	mov    %rsi,0x60(%rsp)
    #[stable(feature = "ptr_cast", since = "1.38.0")]
    #[rustc_const_stable(feature = "const_ptr_cast", since = "1.38.0")]
    #[rustc_diagnostic_item = "ptr_cast"]
    #[inline(always)]
    pub const fn cast<U>(self) -> *mut U {
        self as _
  ef1156:	48 89 74 24 68       	mov    %rsi,0x68(%rsp)
  ef115b:	48 8b 44 24 08       	mov    0x8(%rsp),%rax
            /// Immediate language UB if `val == 0`, as it violates the validity
            /// invariant of this type.
            #[inline]
            pub const unsafe fn new_unchecked(val: $int) -> Self {
                // SAFETY: Caller promised that `val` is non-zero.
                unsafe { $name(val) }
  ef1160:	48 89 44 24 28       	mov    %rax,0x28(%rsp)
        // SAFETY: Precondition passed to the caller
        unsafe {
            let ptr = ptr.cast();
            let capacity = new_cap::<T>(capacity);
            Self {
                inner: RawVecInner::from_raw_parts_in(ptr, capacity, alloc),
  ef1165:	48 8b 44 24 28       	mov    0x28(%rsp),%rax
  ef116a:	48 89 04 24          	mov    %rax,(%rsp)
  ef116e:	48 89 44 24 70       	mov    %rax,0x70(%rsp)
  ef1173:	48 8b 7c 24 10       	mov    0x10(%rsp),%rdi
  ef1178:	e8 33 00 00 00       	call   ef11b0 <_ZN4core3ptr8non_null16NonNull$LT$T$GT$13new_unchecked18precondition_check17hc0efaebeabbe265dE>
  ef117d:	48 8b 44 24 20       	mov    0x20(%rsp),%rax
  ef1182:	48 8b 4c 24 18       	mov    0x18(%rsp),%rcx
  ef1187:	48 8b 54 24 08       	mov    0x8(%rsp),%rdx
  ef118c:	48 8b 74 24 10       	mov    0x10(%rsp),%rsi
  ef1191:	48 8b 3c 24          	mov    (%rsp),%rdi
    /// }
    /// ```
    #[inline]
    #[unstable(feature = "allocator_api", issue = "32838")]
    pub unsafe fn from_raw_parts_in(ptr: *mut T, length: usize, capacity: usize, alloc: A) -> Self {
        unsafe { Vec { buf: RawVec::from_raw_parts_in(ptr, capacity, alloc), len: length } }
  ef1195:	48 89 39             	mov    %rdi,(%rcx)
  ef1198:	48 89 71 08          	mov    %rsi,0x8(%rcx)
  ef119c:	48 89 51 10          	mov    %rdx,0x10(%rcx)
        }
    }
  ef11a0:	48 83 c4 78          	add    $0x78,%rsp
  ef11a4:	c3                   	ret
  ef11a5:	cc                   	int3
  ef11a6:	cc                   	int3
  ef11a7:	cc                   	int3
  ef11a8:	cc                   	int3
  ef11a9:	cc                   	int3
  ef11aa:	cc                   	int3
  ef11ab:	cc                   	int3
  ef11ac:	cc                   	int3
  ef11ad:	cc                   	int3
  ef11ae:	cc                   	int3
  ef11af:	cc                   	int3

0000000000ef11b0 <_ZN4core3ptr8non_null16NonNull$LT$T$GT$13new_unchecked18precondition_check17hc0efaebeabbe265dE>:
            const fn precondition_check($($name:$ty),*) {
  ef11b0:	50                   	push   %rax
  ef11b1:	48 89 3c 24          	mov    %rdi,(%rsp)
                (ptr: *mut () = ptr as *mut ()) => !ptr.is_null()
  ef11b5:	48 83 ff 00          	cmp    $0x0,%rdi
  ef11b9:	75 11                	jne    ef11cc <_ZN4core3ptr8non_null16NonNull$LT$T$GT$13new_unchecked18precondition_check17hc0efaebeabbe265dE+0x1c>
                    ::core::panicking::panic_nounwind(concat!("unsafe precondition(s) violated: ", $message,
  ef11bb:	48 c7 c7 5b 03 20 00 	mov    $0x20035b,%rdi
  ef11c2:	be d2 00 00 00       	mov    $0xd2,%esi
  ef11c7:	e8 c4 ae 00 00       	call   efc090 <_ZN4core9panicking14panic_nounwind17h73726ac9567abe6cE>
            }
  ef11cc:	58                   	pop    %rax
  ef11cd:	c3                   	ret
  ef11ce:	cc                   	int3
  ef11cf:	cc                   	int3

0000000000ef11d0 <_ZN4core5alloc6layout6Layout25from_size_align_unchecked18precondition_check17hdbd2356533c4115cE>:
            const fn precondition_check($($name:$ty),*) {
  ef11d0:	48 83 ec 18          	sub    $0x18,%rsp
  ef11d4:	48 89 7c 24 08       	mov    %rdi,0x8(%rsp)
  ef11d9:	48 89 74 24 10       	mov    %rsi,0x10(%rsp)
            ) => Layout::is_size_align_valid(size, align)
  ef11de:	e8 2d c3 00 00       	call   efd510 <_ZN4core5alloc6layout6Layout19is_size_align_valid17ha11f759dd1b6f314E>
  ef11e3:	a8 01                	test   $0x1,%al
  ef11e5:	75 11                	jne    ef11f8 <_ZN4core5alloc6layout6Layout25from_size_align_unchecked18precondition_check17hdbd2356533c4115cE+0x28>
                    ::core::panicking::panic_nounwind(concat!("unsafe precondition(s) violated: ", $message,
  ef11e7:	48 c7 c7 2d 04 20 00 	mov    $0x20042d,%rdi
  ef11ee:	be 19 01 00 00       	mov    $0x119,%esi
  ef11f3:	e8 98 ae 00 00       	call   efc090 <_ZN4core9panicking14panic_nounwind17h73726ac9567abe6cE>
            }
  ef11f8:	48 83 c4 18          	add    $0x18,%rsp
  ef11fc:	c3                   	ret
  ef11fd:	cc                   	int3
  ef11fe:	cc                   	int3
  ef11ff:	cc                   	int3

0000000000ef1200 <_start>:
use alloc::vec;

extern crate alloc;

#[unsafe(no_mangle)]
pub unsafe extern "sysv64" fn _start() -> ! {
  ef1200:	48 81 ec 58 02 00 00 	sub    $0x258,%rsp
  ef1207:	48 8d 7c 24 60       	lea    0x60(%rsp),%rdi
    let (channel0, channel1) = Channel::create().unwrap();
  ef120c:	e8 ff 0c 00 00       	call   ef1f10 <_ZN10common_std3ipc7Channel6create17h3fdf7f1de340e161E>
        match self {
  ef1211:	8b 44 24 60          	mov    0x60(%rsp),%eax
  ef1215:	48 a9 01 00 00 00    	test   $0x1,%rax
  ef121b:	74 34                	je     ef1251 <_start+0x51>
            Err(e) => unwrap_failed("called `Result::unwrap()` on an `Err` value", &e),
  ef121d:	48 8b 44 24 68       	mov    0x68(%rsp),%rax
  ef1222:	48 89 84 24 48 02 00 	mov    %rax,0x248(%rsp)
  ef1229:	00 
  ef122a:	48 c7 c7 68 05 20 00 	mov    $0x200568,%rdi
  ef1231:	48 c7 c1 48 05 20 00 	mov    $0x200548,%rcx
  ef1238:	49 c7 c0 b0 05 20 00 	mov    $0x2005b0,%r8
  ef123f:	be 2b 00 00 00       	mov    $0x2b,%esi
  ef1244:	48 8d 94 24 48 02 00 	lea    0x248(%rsp),%rdx
  ef124b:	00 
  ef124c:	e8 2f af 00 00       	call   efc180 <_ZN4core6result13unwrap_failed17h6f6c330032cb9c63E>
            Ok(t) => t,
  ef1251:	8b 4c 24 64          	mov    0x64(%rsp),%ecx
  ef1255:	8b 44 24 68          	mov    0x68(%rsp),%eax
  ef1259:	89 8c 24 50 02 00 00 	mov    %ecx,0x250(%rsp)
  ef1260:	89 84 24 54 02 00 00 	mov    %eax,0x254(%rsp)
  ef1267:	89 4c 24 58          	mov    %ecx,0x58(%rsp)
  ef126b:	89 44 24 5c          	mov    %eax,0x5c(%rsp)
  ef126f:	be 04 00 00 00       	mov    $0x4,%esi

    common_std::task::Process::create(
        "terminal",
        include_bytes!(core::env!("CARGO_BIN_FILE_TERMINAL")),
        vec![channel1.as_handle()],
  ef1274:	48 89 f7             	mov    %rsi,%rdi
  ef1277:	e8 b4 fb ff ff       	call   ef0e30 <_ZN5alloc5alloc15exchange_malloc17hc39efe67574ee887E>
  ef127c:	48 89 44 24 48       	mov    %rax,0x48(%rsp)
  ef1281:	48 8d 7c 24 5c       	lea    0x5c(%rsp),%rdi
  ef1286:	e8 a5 0e 00 00       	call   ef2130 <_ZN10common_std3ipc7Channel9as_handle17he4c73c73ea6846faE>
  ef128b:	89 c1                	mov    %eax,%ecx
  ef128d:	48 8b 44 24 48       	mov    0x48(%rsp),%rax
  ef1292:	89 4c 24 54          	mov    %ecx,0x54(%rsp)
  ef1296:	48 83 e0 03          	and    $0x3,%rax
  ef129a:	48 83 f8 00          	cmp    $0x0,%rax
  ef129e:	75 19                	jne    ef12b9 <_start+0xb9>
  ef12a0:	48 8b 44 24 48       	mov    0x48(%rsp),%rax
  ef12a5:	48 83 f8 00          	cmp    $0x0,%rax
  ef12a9:	0f 94 c0             	sete   %al
  ef12ac:	24 ff                	and    $0xff,%al
  ef12ae:	34 ff                	xor    $0xff,%al
  ef12b0:	a8 01                	test   $0x1,%al
  ef12b2:	75 1b                	jne    ef12cf <_start+0xcf>
  ef12b4:	e9 69 01 00 00       	jmp    ef1422 <_start+0x222>
  ef12b9:	48 8b 74 24 48       	mov    0x48(%rsp),%rsi
  ef12be:	48 c7 c2 40 c5 b7 00 	mov    $0xb7c540,%rdx
  ef12c5:	bf 04 00 00 00       	mov    $0x4,%edi
  ef12ca:	e8 0c ae 00 00       	call   efc0db <_ZN4core9panicking36panic_misaligned_pointer_dereference17h959e3ed829549467E>
  ef12cf:	48 8b 74 24 48       	mov    0x48(%rsp),%rsi
  ef12d4:	8b 44 24 54          	mov    0x54(%rsp),%eax
  ef12d8:	89 06                	mov    %eax,(%rsi)
  ef12da:	48 8d bc 24 80 00 00 	lea    0x80(%rsp),%rdi
  ef12e1:	00 
  ef12e2:	ba 01 00 00 00       	mov    $0x1,%edx
  ef12e7:	e8 34 fe ff ff       	call   ef1120 <_ZN5alloc5slice29_$LT$impl$u20$$u5b$T$u5d$$GT$8into_vec17hd531b9ca079d6752E>
    common_std::task::Process::create(
  ef12ec:	48 c7 c6 1c 03 20 00 	mov    $0x20031c,%rsi
  ef12f3:	48 c7 c1 c8 05 20 00 	mov    $0x2005c8,%rcx
  ef12fa:	48 8d 7c 24 70       	lea    0x70(%rsp),%rdi
  ef12ff:	ba 08 00 00 00       	mov    $0x8,%edx
  ef1304:	41 b8 78 bf 97 00    	mov    $0x97bf78,%r8d
  ef130a:	4c 8d 8c 24 80 00 00 	lea    0x80(%rsp),%r9
  ef1311:	00 
  ef1312:	e8 a9 07 00 00       	call   ef1ac0 <_ZN10common_std4task7Process6create17hf99154dc8f7c707bE>
        match self {
  ef1317:	8b 44 24 70          	mov    0x70(%rsp),%eax
  ef131b:	48 a9 01 00 00 00    	test   $0x1,%rax
  ef1321:	74 34                	je     ef1357 <_start+0x157>
            Err(e) => unwrap_failed("called `Result::unwrap()` on an `Err` value", &e),
  ef1323:	48 8b 44 24 78       	mov    0x78(%rsp),%rax
  ef1328:	48 89 84 24 f8 01 00 	mov    %rax,0x1f8(%rsp)
  ef132f:	00 
  ef1330:	48 c7 c7 68 05 20 00 	mov    $0x200568,%rdi
  ef1337:	48 c7 c1 48 05 20 00 	mov    $0x200548,%rcx
  ef133e:	49 c7 c0 58 c5 b7 00 	mov    $0xb7c558,%r8
  ef1345:	be 2b 00 00 00       	mov    $0x2b,%esi
  ef134a:	48 8d 94 24 f8 01 00 	lea    0x1f8(%rsp),%rdx
  ef1351:	00 
  ef1352:	e8 29 ae 00 00       	call   efc180 <_ZN4core6result13unwrap_failed17h6f6c330032cb9c63E>
            Ok(t) => t,
  ef1357:	8b 44 24 74          	mov    0x74(%rsp),%eax
  ef135b:	89 84 24 04 02 00 00 	mov    %eax,0x204(%rsp)
  ef1362:	48 8d bc 24 a0 00 00 	lea    0xa0(%rsp),%rdi
  ef1369:	00 
    )
    .unwrap();

    let (channel2, channel3) = Channel::create().unwrap();
  ef136a:	e8 a1 0b 00 00       	call   ef1f10 <_ZN10common_std3ipc7Channel6create17h3fdf7f1de340e161E>
        match self {
  ef136f:	8b 84 24 a0 00 00 00 	mov    0xa0(%rsp),%eax
  ef1376:	48 a9 01 00 00 00    	test   $0x1,%rax
  ef137c:	74 37                	je     ef13b5 <_start+0x1b5>
            Err(e) => unwrap_failed("called `Result::unwrap()` on an `Err` value", &e),
  ef137e:	48 8b 84 24 a8 00 00 	mov    0xa8(%rsp),%rax
  ef1385:	00 
  ef1386:	48 89 84 24 38 02 00 	mov    %rax,0x238(%rsp)
  ef138d:	00 
  ef138e:	48 c7 c7 68 05 20 00 	mov    $0x200568,%rdi
  ef1395:	48 c7 c1 48 05 20 00 	mov    $0x200548,%rcx
  ef139c:	49 c7 c0 70 c5 b7 00 	mov    $0xb7c570,%r8
  ef13a3:	be 2b 00 00 00       	mov    $0x2b,%esi
  ef13a8:	48 8d 94 24 38 02 00 	lea    0x238(%rsp),%rdx
  ef13af:	00 
  ef13b0:	e8 cb ad 00 00       	call   efc180 <_ZN4core6result13unwrap_failed17h6f6c330032cb9c63E>
            Ok(t) => t,
  ef13b5:	8b 8c 24 a4 00 00 00 	mov    0xa4(%rsp),%ecx
  ef13bc:	8b 84 24 a8 00 00 00 	mov    0xa8(%rsp),%eax
  ef13c3:	89 8c 24 40 02 00 00 	mov    %ecx,0x240(%rsp)
  ef13ca:	89 84 24 44 02 00 00 	mov    %eax,0x244(%rsp)
  ef13d1:	89 8c 24 98 00 00 00 	mov    %ecx,0x98(%rsp)
  ef13d8:	89 84 24 9c 00 00 00 	mov    %eax,0x9c(%rsp)
  ef13df:	48 8d bc 24 e0 00 00 	lea    0xe0(%rsp),%rdi
  ef13e6:	00 
    channel0
        .write(&MessagePacket::new(vec![], vec![channel3.as_handle()]))
  ef13e7:	e8 54 06 00 00       	call   ef1a40 <_ZN5alloc3vec12Vec$LT$T$GT$3new17h01e27301ee309a42E>
  ef13ec:	be 04 00 00 00       	mov    $0x4,%esi
  ef13f1:	48 89 f7             	mov    %rsi,%rdi
  ef13f4:	e8 37 fa ff ff       	call   ef0e30 <_ZN5alloc5alloc15exchange_malloc17hc39efe67574ee887E>
  ef13f9:	48 89 44 24 38       	mov    %rax,0x38(%rsp)
  ef13fe:	48 8d bc 24 9c 00 00 	lea    0x9c(%rsp),%rdi
  ef1405:	00 
  ef1406:	e8 25 0d 00 00       	call   ef2130 <_ZN10common_std3ipc7Channel9as_handle17he4c73c73ea6846faE>
  ef140b:	89 c1                	mov    %eax,%ecx
  ef140d:	48 8b 44 24 38       	mov    0x38(%rsp),%rax
  ef1412:	89 4c 24 44          	mov    %ecx,0x44(%rsp)
  ef1416:	48 83 e0 03          	and    $0x3,%rax
  ef141a:	48 83 f8 00          	cmp    $0x0,%rax
  ef141e:	74 0e                	je     ef142e <_start+0x22e>
  ef1420:	eb 25                	jmp    ef1447 <_start+0x247>
        vec![channel1.as_handle()],
  ef1422:	48 c7 c7 40 c5 b7 00 	mov    $0xb7c540,%rdi
  ef1429:	e8 11 ad 00 00       	call   efc13f <_ZN4core9panicking30panic_null_pointer_dereference17h2d94b71991026ab3E>
  ef142e:	48 8b 44 24 38       	mov    0x38(%rsp),%rax
        .write(&MessagePacket::new(vec![], vec![channel3.as_handle()]))
  ef1433:	48 83 f8 00          	cmp    $0x0,%rax
  ef1437:	0f 94 c0             	sete   %al
  ef143a:	24 ff                	and    $0xff,%al
  ef143c:	34 ff                	xor    $0xff,%al
  ef143e:	a8 01                	test   $0x1,%al
  ef1440:	75 1b                	jne    ef145d <_start+0x25d>
  ef1442:	e9 00 01 00 00       	jmp    ef1547 <_start+0x347>
  ef1447:	48 8b 74 24 38       	mov    0x38(%rsp),%rsi
  ef144c:	48 c7 c2 88 c5 b7 00 	mov    $0xb7c588,%rdx
  ef1453:	bf 04 00 00 00       	mov    $0x4,%edi
  ef1458:	e8 7e ac 00 00       	call   efc0db <_ZN4core9panicking36panic_misaligned_pointer_dereference17h959e3ed829549467E>
  ef145d:	48 8b 74 24 38       	mov    0x38(%rsp),%rsi
  ef1462:	8b 44 24 44          	mov    0x44(%rsp),%eax
  ef1466:	89 06                	mov    %eax,(%rsi)
  ef1468:	48 8d bc 24 f8 00 00 	lea    0xf8(%rsp),%rdi
  ef146f:	00 
  ef1470:	ba 01 00 00 00       	mov    $0x1,%edx
  ef1475:	e8 a6 fc ff ff       	call   ef1120 <_ZN5alloc5slice29_$LT$impl$u20$$u5b$T$u5d$$GT$8into_vec17hd531b9ca079d6752E>
  ef147a:	48 8d bc 24 b0 00 00 	lea    0xb0(%rsp),%rdi
  ef1481:	00 
  ef1482:	48 8d b4 24 e0 00 00 	lea    0xe0(%rsp),%rsi
  ef1489:	00 
  ef148a:	48 8d 94 24 f8 00 00 	lea    0xf8(%rsp),%rdx
  ef1491:	00 
  ef1492:	e8 a9 0c 00 00       	call   ef2140 <_ZN10common_std3ipc13MessagePacket3new17h714d26c1d88bbcbeE>
  ef1497:	48 8d 7c 24 58       	lea    0x58(%rsp),%rdi
  ef149c:	48 8d b4 24 b0 00 00 	lea    0xb0(%rsp),%rsi
  ef14a3:	00 
    channel0
  ef14a4:	e8 57 0b 00 00       	call   ef2000 <_ZN10common_std3ipc7Channel5write17h7c7618ae054673ccE>
  ef14a9:	48 89 84 24 18 02 00 	mov    %rax,0x218(%rsp)
  ef14b0:	00 
        match self {
  ef14b1:	b8 01 00 00 00       	mov    $0x1,%eax
  ef14b6:	31 c9                	xor    %ecx,%ecx
  ef14b8:	48 83 bc 24 18 02 00 	cmpq   $0x1,0x218(%rsp)
  ef14bf:	00 01 
  ef14c1:	48 0f 44 c1          	cmove  %rcx,%rax
  ef14c5:	48 a9 01 00 00 00    	test   $0x1,%rax
  ef14cb:	74 37                	je     ef1504 <_start+0x304>
            Err(e) => unwrap_failed("called `Result::unwrap()` on an `Err` value", &e),
  ef14cd:	48 8b 84 24 18 02 00 	mov    0x218(%rsp),%rax
  ef14d4:	00 
  ef14d5:	48 89 84 24 20 02 00 	mov    %rax,0x220(%rsp)
  ef14dc:	00 
  ef14dd:	48 c7 c7 68 05 20 00 	mov    $0x200568,%rdi
  ef14e4:	48 c7 c1 48 05 20 00 	mov    $0x200548,%rcx
  ef14eb:	49 c7 c0 a0 c5 b7 00 	mov    $0xb7c5a0,%r8
  ef14f2:	be 2b 00 00 00       	mov    $0x2b,%esi
  ef14f7:	48 8d 94 24 20 02 00 	lea    0x220(%rsp),%rdx
  ef14fe:	00 
  ef14ff:	e8 7c ac 00 00       	call   efc180 <_ZN4core6result13unwrap_failed17h6f6c330032cb9c63E>
  ef1504:	48 8d bc 24 b0 00 00 	lea    0xb0(%rsp),%rdi
  ef150b:	00 
        .unwrap();
  ef150c:	e8 0f 1f 00 00       	call   ef3420 <_ZN4core3ptr51drop_in_place$LT$common_std..ipc..MessagePacket$GT$17hbed48e653cdfadd2E>
  ef1511:	be 04 00 00 00       	mov    $0x4,%esi

    common_std::task::Process::create(
        "keyboard",
        include_bytes!(core::env!("CARGO_BIN_FILE_KEYBOARD")),
        vec![channel2.as_handle()],
  ef1516:	48 89 f7             	mov    %rsi,%rdi
  ef1519:	e8 12 f9 ff ff       	call   ef0e30 <_ZN5alloc5alloc15exchange_malloc17hc39efe67574ee887E>
  ef151e:	48 89 44 24 28       	mov    %rax,0x28(%rsp)
  ef1523:	48 8d bc 24 98 00 00 	lea    0x98(%rsp),%rdi
  ef152a:	00 
  ef152b:	e8 00 0c 00 00       	call   ef2130 <_ZN10common_std3ipc7Channel9as_handle17he4c73c73ea6846faE>
  ef1530:	89 c1                	mov    %eax,%ecx
  ef1532:	48 8b 44 24 28       	mov    0x28(%rsp),%rax
  ef1537:	89 4c 24 34          	mov    %ecx,0x34(%rsp)
  ef153b:	48 83 e0 03          	and    $0x3,%rax
  ef153f:	48 83 f8 00          	cmp    $0x0,%rax
  ef1543:	74 0e                	je     ef1553 <_start+0x353>
  ef1545:	eb 25                	jmp    ef156c <_start+0x36c>
        .write(&MessagePacket::new(vec![], vec![channel3.as_handle()]))
  ef1547:	48 c7 c7 88 c5 b7 00 	mov    $0xb7c588,%rdi
  ef154e:	e8 ec ab 00 00       	call   efc13f <_ZN4core9panicking30panic_null_pointer_dereference17h2d94b71991026ab3E>
  ef1553:	48 8b 44 24 28       	mov    0x28(%rsp),%rax
        vec![channel2.as_handle()],
  ef1558:	48 83 f8 00          	cmp    $0x0,%rax
  ef155c:	0f 94 c0             	sete   %al
  ef155f:	24 ff                	and    $0xff,%al
  ef1561:	34 ff                	xor    $0xff,%al
  ef1563:	a8 01                	test   $0x1,%al
  ef1565:	75 1b                	jne    ef1582 <_start+0x382>
  ef1567:	e9 75 01 00 00       	jmp    ef16e1 <_start+0x4e1>
  ef156c:	48 8b 74 24 28       	mov    0x28(%rsp),%rsi
  ef1571:	48 c7 c2 80 d3 d2 00 	mov    $0xd2d380,%rdx
  ef1578:	bf 04 00 00 00       	mov    $0x4,%edi
  ef157d:	e8 59 ab 00 00       	call   efc0db <_ZN4core9panicking36panic_misaligned_pointer_dereference17h959e3ed829549467E>
  ef1582:	48 8b 74 24 28       	mov    0x28(%rsp),%rsi
  ef1587:	8b 44 24 34          	mov    0x34(%rsp),%eax
  ef158b:	89 06                	mov    %eax,(%rsi)
  ef158d:	48 8d bc 24 20 01 00 	lea    0x120(%rsp),%rdi
  ef1594:	00 
  ef1595:	ba 01 00 00 00       	mov    $0x1,%edx
  ef159a:	e8 81 fb ff ff       	call   ef1120 <_ZN5alloc5slice29_$LT$impl$u20$$u5b$T$u5d$$GT$8into_vec17hd531b9ca079d6752E>
    common_std::task::Process::create(
  ef159f:	48 c7 c6 24 03 20 00 	mov    $0x200324,%rsi
  ef15a6:	48 c7 c1 b8 c5 b7 00 	mov    $0xb7c5b8,%rcx
  ef15ad:	48 8d bc 24 10 01 00 	lea    0x110(%rsp),%rdi
  ef15b4:	00 
  ef15b5:	ba 08 00 00 00       	mov    $0x8,%edx
  ef15ba:	41 b8 c8 0d 1b 00    	mov    $0x1b0dc8,%r8d
  ef15c0:	4c 8d 8c 24 20 01 00 	lea    0x120(%rsp),%r9
  ef15c7:	00 
  ef15c8:	e8 f3 04 00 00       	call   ef1ac0 <_ZN10common_std4task7Process6create17hf99154dc8f7c707bE>
        match self {
  ef15cd:	8b 84 24 10 01 00 00 	mov    0x110(%rsp),%eax
  ef15d4:	48 a9 01 00 00 00    	test   $0x1,%rax
  ef15da:	74 37                	je     ef1613 <_start+0x413>
            Err(e) => unwrap_failed("called `Result::unwrap()` on an `Err` value", &e),
  ef15dc:	48 8b 84 24 18 01 00 	mov    0x118(%rsp),%rax
  ef15e3:	00 
  ef15e4:	48 89 84 24 e8 01 00 	mov    %rax,0x1e8(%rsp)
  ef15eb:	00 
  ef15ec:	48 c7 c7 68 05 20 00 	mov    $0x200568,%rdi
  ef15f3:	48 c7 c1 48 05 20 00 	mov    $0x200548,%rcx
  ef15fa:	49 c7 c0 98 d3 d2 00 	mov    $0xd2d398,%r8
  ef1601:	be 2b 00 00 00       	mov    $0x2b,%esi
  ef1606:	48 8d 94 24 e8 01 00 	lea    0x1e8(%rsp),%rdx
  ef160d:	00 
  ef160e:	e8 6d ab 00 00       	call   efc180 <_ZN4core6result13unwrap_failed17h6f6c330032cb9c63E>
            Ok(t) => t,
  ef1613:	8b 84 24 14 01 00 00 	mov    0x114(%rsp),%eax
  ef161a:	89 84 24 f4 01 00 00 	mov    %eax,0x1f4(%rsp)
  ef1621:	48 8d bc 24 40 01 00 	lea    0x140(%rsp),%rdi
  ef1628:	00 
    )
    .unwrap();

    let (channel2, channel3) = Channel::create().unwrap();
  ef1629:	e8 e2 08 00 00       	call   ef1f10 <_ZN10common_std3ipc7Channel6create17h3fdf7f1de340e161E>
        match self {
  ef162e:	8b 84 24 40 01 00 00 	mov    0x140(%rsp),%eax
  ef1635:	48 a9 01 00 00 00    	test   $0x1,%rax
  ef163b:	74 37                	je     ef1674 <_start+0x474>
            Err(e) => unwrap_failed("called `Result::unwrap()` on an `Err` value", &e),
  ef163d:	48 8b 84 24 48 01 00 	mov    0x148(%rsp),%rax
  ef1644:	00 
  ef1645:	48 89 84 24 28 02 00 	mov    %rax,0x228(%rsp)
  ef164c:	00 
  ef164d:	48 c7 c7 68 05 20 00 	mov    $0x200568,%rdi
  ef1654:	48 c7 c1 48 05 20 00 	mov    $0x200548,%rcx
  ef165b:	49 c7 c0 b0 d3 d2 00 	mov    $0xd2d3b0,%r8
  ef1662:	be 2b 00 00 00       	mov    $0x2b,%esi
  ef1667:	48 8d 94 24 28 02 00 	lea    0x228(%rsp),%rdx
  ef166e:	00 
  ef166f:	e8 0c ab 00 00       	call   efc180 <_ZN4core6result13unwrap_failed17h6f6c330032cb9c63E>
            Ok(t) => t,
  ef1674:	8b 8c 24 44 01 00 00 	mov    0x144(%rsp),%ecx
  ef167b:	8b 84 24 48 01 00 00 	mov    0x148(%rsp),%eax
  ef1682:	89 8c 24 30 02 00 00 	mov    %ecx,0x230(%rsp)
  ef1689:	89 84 24 34 02 00 00 	mov    %eax,0x234(%rsp)
  ef1690:	89 8c 24 38 01 00 00 	mov    %ecx,0x138(%rsp)
  ef1697:	89 84 24 3c 01 00 00 	mov    %eax,0x13c(%rsp)
  ef169e:	48 8d bc 24 80 01 00 	lea    0x180(%rsp),%rdi
  ef16a5:	00 
    channel0
        .write(&MessagePacket::new(vec![], vec![channel3.as_handle()]))
  ef16a6:	e8 95 03 00 00       	call   ef1a40 <_ZN5alloc3vec12Vec$LT$T$GT$3new17h01e27301ee309a42E>
  ef16ab:	be 04 00 00 00       	mov    $0x4,%esi
  ef16b0:	48 89 f7             	mov    %rsi,%rdi
  ef16b3:	e8 78 f7 ff ff       	call   ef0e30 <_ZN5alloc5alloc15exchange_malloc17hc39efe67574ee887E>
  ef16b8:	48 89 44 24 18       	mov    %rax,0x18(%rsp)
  ef16bd:	48 8d bc 24 3c 01 00 	lea    0x13c(%rsp),%rdi
  ef16c4:	00 
  ef16c5:	e8 66 0a 00 00       	call   ef2130 <_ZN10common_std3ipc7Channel9as_handle17he4c73c73ea6846faE>
  ef16ca:	89 c1                	mov    %eax,%ecx
  ef16cc:	48 8b 44 24 18       	mov    0x18(%rsp),%rax
  ef16d1:	89 4c 24 24          	mov    %ecx,0x24(%rsp)
  ef16d5:	48 83 e0 03          	and    $0x3,%rax
  ef16d9:	48 83 f8 00          	cmp    $0x0,%rax
  ef16dd:	74 0e                	je     ef16ed <_start+0x4ed>
  ef16df:	eb 25                	jmp    ef1706 <_start+0x506>
        vec![channel2.as_handle()],
  ef16e1:	48 c7 c7 80 d3 d2 00 	mov    $0xd2d380,%rdi
  ef16e8:	e8 52 aa 00 00       	call   efc13f <_ZN4core9panicking30panic_null_pointer_dereference17h2d94b71991026ab3E>
  ef16ed:	48 8b 44 24 18       	mov    0x18(%rsp),%rax
        .write(&MessagePacket::new(vec![], vec![channel3.as_handle()]))
  ef16f2:	48 83 f8 00          	cmp    $0x0,%rax
  ef16f6:	0f 94 c0             	sete   %al
  ef16f9:	24 ff                	and    $0xff,%al
  ef16fb:	34 ff                	xor    $0xff,%al
  ef16fd:	a8 01                	test   $0x1,%al
  ef16ff:	75 1b                	jne    ef171c <_start+0x51c>
  ef1701:	e9 00 01 00 00       	jmp    ef1806 <_start+0x606>
  ef1706:	48 8b 74 24 18       	mov    0x18(%rsp),%rsi
  ef170b:	48 c7 c2 c8 d3 d2 00 	mov    $0xd2d3c8,%rdx
  ef1712:	bf 04 00 00 00       	mov    $0x4,%edi
  ef1717:	e8 bf a9 00 00       	call   efc0db <_ZN4core9panicking36panic_misaligned_pointer_dereference17h959e3ed829549467E>
  ef171c:	48 8b 74 24 18       	mov    0x18(%rsp),%rsi
  ef1721:	8b 44 24 24          	mov    0x24(%rsp),%eax
  ef1725:	89 06                	mov    %eax,(%rsi)
  ef1727:	48 8d bc 24 98 01 00 	lea    0x198(%rsp),%rdi
  ef172e:	00 
  ef172f:	ba 01 00 00 00       	mov    $0x1,%edx
  ef1734:	e8 e7 f9 ff ff       	call   ef1120 <_ZN5alloc5slice29_$LT$impl$u20$$u5b$T$u5d$$GT$8into_vec17hd531b9ca079d6752E>
  ef1739:	48 8d bc 24 50 01 00 	lea    0x150(%rsp),%rdi
  ef1740:	00 
  ef1741:	48 8d b4 24 80 01 00 	lea    0x180(%rsp),%rsi
  ef1748:	00 
  ef1749:	48 8d 94 24 98 01 00 	lea    0x198(%rsp),%rdx
  ef1750:	00 
  ef1751:	e8 ea 09 00 00       	call   ef2140 <_ZN10common_std3ipc13MessagePacket3new17h714d26c1d88bbcbeE>
  ef1756:	48 8d 7c 24 58       	lea    0x58(%rsp),%rdi
  ef175b:	48 8d b4 24 50 01 00 	lea    0x150(%rsp),%rsi
  ef1762:	00 
    channel0
  ef1763:	e8 98 08 00 00       	call   ef2000 <_ZN10common_std3ipc7Channel5write17h7c7618ae054673ccE>
  ef1768:	48 89 84 24 08 02 00 	mov    %rax,0x208(%rsp)
  ef176f:	00 
        match self {
  ef1770:	b8 01 00 00 00       	mov    $0x1,%eax
  ef1775:	31 c9                	xor    %ecx,%ecx
  ef1777:	48 83 bc 24 08 02 00 	cmpq   $0x1,0x208(%rsp)
  ef177e:	00 01 
  ef1780:	48 0f 44 c1          	cmove  %rcx,%rax
  ef1784:	48 a9 01 00 00 00    	test   $0x1,%rax
  ef178a:	74 37                	je     ef17c3 <_start+0x5c3>
            Err(e) => unwrap_failed("called `Result::unwrap()` on an `Err` value", &e),
  ef178c:	48 8b 84 24 08 02 00 	mov    0x208(%rsp),%rax
  ef1793:	00 
  ef1794:	48 89 84 24 10 02 00 	mov    %rax,0x210(%rsp)
  ef179b:	00 
  ef179c:	48 c7 c7 68 05 20 00 	mov    $0x200568,%rdi
  ef17a3:	48 c7 c1 48 05 20 00 	mov    $0x200548,%rcx
  ef17aa:	49 c7 c0 e0 d3 d2 00 	mov    $0xd2d3e0,%r8
  ef17b1:	be 2b 00 00 00       	mov    $0x2b,%esi
  ef17b6:	48 8d 94 24 10 02 00 	lea    0x210(%rsp),%rdx
  ef17bd:	00 
  ef17be:	e8 bd a9 00 00       	call   efc180 <_ZN4core6result13unwrap_failed17h6f6c330032cb9c63E>
  ef17c3:	48 8d bc 24 50 01 00 	lea    0x150(%rsp),%rdi
  ef17ca:	00 
        .unwrap();
  ef17cb:	e8 50 1c 00 00       	call   ef3420 <_ZN4core3ptr51drop_in_place$LT$common_std..ipc..MessagePacket$GT$17hbed48e653cdfadd2E>
  ef17d0:	be 04 00 00 00       	mov    $0x4,%esi

    common_std::task::Process::create(
        "rash",
        include_bytes!(core::env!("CARGO_BIN_FILE_RASH")),
        vec![channel2.as_handle()],
  ef17d5:	48 89 f7             	mov    %rsi,%rdi
  ef17d8:	e8 53 f6 ff ff       	call   ef0e30 <_ZN5alloc5alloc15exchange_malloc17hc39efe67574ee887E>
  ef17dd:	48 89 44 24 08       	mov    %rax,0x8(%rsp)
  ef17e2:	48 8d bc 24 38 01 00 	lea    0x138(%rsp),%rdi
  ef17e9:	00 
  ef17ea:	e8 41 09 00 00       	call   ef2130 <_ZN10common_std3ipc7Channel9as_handle17he4c73c73ea6846faE>
  ef17ef:	89 c1                	mov    %eax,%ecx
  ef17f1:	48 8b 44 24 08       	mov    0x8(%rsp),%rax
  ef17f6:	89 4c 24 14          	mov    %ecx,0x14(%rsp)
  ef17fa:	48 83 e0 03          	and    $0x3,%rax
  ef17fe:	48 83 f8 00          	cmp    $0x0,%rax
  ef1802:	74 0e                	je     ef1812 <_start+0x612>
  ef1804:	eb 25                	jmp    ef182b <_start+0x62b>
        .write(&MessagePacket::new(vec![], vec![channel3.as_handle()]))
  ef1806:	48 c7 c7 c8 d3 d2 00 	mov    $0xd2d3c8,%rdi
  ef180d:	e8 2d a9 00 00       	call   efc13f <_ZN4core9panicking30panic_null_pointer_dereference17h2d94b71991026ab3E>
  ef1812:	48 8b 44 24 08       	mov    0x8(%rsp),%rax
        vec![channel2.as_handle()],
  ef1817:	48 83 f8 00          	cmp    $0x0,%rax
  ef181b:	0f 94 c0             	sete   %al
  ef181e:	24 ff                	and    $0xff,%al
  ef1820:	34 ff                	xor    $0xff,%al
  ef1822:	a8 01                	test   $0x1,%al
  ef1824:	75 1b                	jne    ef1841 <_start+0x641>
  ef1826:	e9 b7 00 00 00       	jmp    ef18e2 <_start+0x6e2>
  ef182b:	48 8b 74 24 08       	mov    0x8(%rsp),%rsi
  ef1830:	48 c7 c2 e0 c9 ee 00 	mov    $0xeec9e0,%rdx
  ef1837:	bf 04 00 00 00       	mov    $0x4,%edi
  ef183c:	e8 9a a8 00 00       	call   efc0db <_ZN4core9panicking36panic_misaligned_pointer_dereference17h959e3ed829549467E>
  ef1841:	48 8b 74 24 08       	mov    0x8(%rsp),%rsi
  ef1846:	8b 44 24 14          	mov    0x14(%rsp),%eax
  ef184a:	89 06                	mov    %eax,(%rsi)
  ef184c:	48 8d bc 24 c0 01 00 	lea    0x1c0(%rsp),%rdi
  ef1853:	00 
  ef1854:	ba 01 00 00 00       	mov    $0x1,%edx
  ef1859:	e8 c2 f8 ff ff       	call   ef1120 <_ZN5alloc5slice29_$LT$impl$u20$$u5b$T$u5d$$GT$8into_vec17hd531b9ca079d6752E>
    common_std::task::Process::create(
  ef185e:	48 c7 c6 fc d3 d2 00 	mov    $0xd2d3fc,%rsi
  ef1865:	48 c7 c1 08 d4 d2 00 	mov    $0xd2d408,%rcx
  ef186c:	48 8d bc 24 b0 01 00 	lea    0x1b0(%rsp),%rdi
  ef1873:	00 
  ef1874:	ba 04 00 00 00       	mov    $0x4,%edx
  ef1879:	41 b8 d8 f5 1b 00    	mov    $0x1bf5d8,%r8d
  ef187f:	4c 8d 8c 24 c0 01 00 	lea    0x1c0(%rsp),%r9
  ef1886:	00 
  ef1887:	e8 34 02 00 00       	call   ef1ac0 <_ZN10common_std4task7Process6create17hf99154dc8f7c707bE>
        match self {
  ef188c:	8b 84 24 b0 01 00 00 	mov    0x1b0(%rsp),%eax
  ef1893:	48 a9 01 00 00 00    	test   $0x1,%rax
  ef1899:	74 37                	je     ef18d2 <_start+0x6d2>
            Err(e) => unwrap_failed("called `Result::unwrap()` on an `Err` value", &e),
  ef189b:	48 8b 84 24 b8 01 00 	mov    0x1b8(%rsp),%rax
  ef18a2:	00 
  ef18a3:	48 89 84 24 d8 01 00 	mov    %rax,0x1d8(%rsp)
  ef18aa:	00 
  ef18ab:	48 c7 c7 68 05 20 00 	mov    $0x200568,%rdi
  ef18b2:	48 c7 c1 48 05 20 00 	mov    $0x200548,%rcx
  ef18b9:	49 c7 c0 f8 c9 ee 00 	mov    $0xeec9f8,%r8
  ef18c0:	be 2b 00 00 00       	mov    $0x2b,%esi
  ef18c5:	48 8d 94 24 d8 01 00 	lea    0x1d8(%rsp),%rdx
  ef18cc:	00 
  ef18cd:	e8 ae a8 00 00       	call   efc180 <_ZN4core6result13unwrap_failed17h6f6c330032cb9c63E>
            Ok(t) => t,
  ef18d2:	8b 84 24 b4 01 00 00 	mov    0x1b4(%rsp),%eax
  ef18d9:	89 84 24 e4 01 00 00 	mov    %eax,0x1e4(%rsp)
  ef18e0:	eb 0c                	jmp    ef18ee <_start+0x6ee>
        vec![channel2.as_handle()],
  ef18e2:	48 c7 c7 e0 c9 ee 00 	mov    $0xeec9e0,%rdi
  ef18e9:	e8 51 a8 00 00       	call   efc13f <_ZN4core9panicking30panic_null_pointer_dereference17h2d94b71991026ab3E>
    )
    .unwrap();

    loop {}
  ef18ee:	eb fe                	jmp    ef18ee <_start+0x6ee>

0000000000ef18f0 <_ZN4core3ptr13read_volatile18precondition_check17h4830b567473a173cE>:
            const fn precondition_check($($name:$ty),*) {
  ef18f0:	48 83 ec 78          	sub    $0x78,%rsp
  ef18f4:	48 89 f1             	mov    %rsi,%rcx
  ef18f7:	48 89 4c 24 08       	mov    %rcx,0x8(%rsp)
  ef18fc:	48 89 7c 24 10       	mov    %rdi,0x10(%rsp)
  ef1901:	88 d0                	mov    %dl,%al
  ef1903:	88 44 24 1f          	mov    %al,0x1f(%rsp)
  ef1907:	48 89 7c 24 50       	mov    %rdi,0x50(%rsp)
  ef190c:	48 89 4c 24 58       	mov    %rcx,0x58(%rsp)
  ef1911:	24 01                	and    $0x1,%al
  ef1913:	88 44 24 67          	mov    %al,0x67(%rsp)
/// Used by the format_args!() macro to create a fmt::Arguments object.
#[doc(hidden)]
#[unstable(feature = "fmt_internals", issue = "none")]
impl<'a> Arguments<'a> {
    #[inline]
    pub const fn new_const<const N: usize>(pieces: &'a [&'static str; N]) -> Self {
  ef1917:	48 c7 44 24 68 40 ca 	movq   $0xeeca40,0x68(%rsp)
  ef191e:	ee 00 
        #[doc(alias = "popcnt")]
        #[must_use = "this returns the result of the operation, \
                      without modifying the original"]
        #[inline(always)]
        pub const fn count_ones(self) -> u32 {
            return intrinsics::ctpop(self);
  ef1920:	48 89 c8             	mov    %rcx,%rax
  ef1923:	48 d1 e8             	shr    $1,%rax
  ef1926:	48 ba 55 55 55 55 55 	movabs $0x5555555555555555,%rdx
  ef192d:	55 55 55 
  ef1930:	48 21 d0             	and    %rdx,%rax
  ef1933:	48 29 c1             	sub    %rax,%rcx
  ef1936:	48 ba 33 33 33 33 33 	movabs $0x3333333333333333,%rdx
  ef193d:	33 33 33 
  ef1940:	48 89 c8             	mov    %rcx,%rax
  ef1943:	48 21 d0             	and    %rdx,%rax
  ef1946:	48 c1 e9 02          	shr    $0x2,%rcx
  ef194a:	48 21 d1             	and    %rdx,%rcx
  ef194d:	48 01 c8             	add    %rcx,%rax
  ef1950:	48 89 c1             	mov    %rax,%rcx
  ef1953:	48 c1 e9 04          	shr    $0x4,%rcx
  ef1957:	48 01 c8             	add    %rcx,%rax
  ef195a:	48 b9 0f 0f 0f 0f 0f 	movabs $0xf0f0f0f0f0f0f0f,%rcx
  ef1961:	0f 0f 0f 
  ef1964:	48 21 c8             	and    %rcx,%rax
  ef1967:	48 b9 01 01 01 01 01 	movabs $0x101010101010101,%rcx
  ef196e:	01 01 01 
  ef1971:	48 0f af c1          	imul   %rcx,%rax
  ef1975:	48 c1 e8 38          	shr    $0x38,%rax
  ef1979:	89 44 24 74          	mov    %eax,0x74(%rsp)
    /// ```
    #[must_use]
    #[inline]
    #[unstable(feature = "pointer_is_aligned_to", issue = "96284")]
    pub fn is_aligned_to(self, align: usize) -> bool {
        if !align.is_power_of_two() {
  ef197d:	83 7c 24 74 01       	cmpl   $0x1,0x74(%rsp)
  ef1982:	75 19                	jne    ef199d <_ZN4core3ptr13read_volatile18precondition_check17h4830b567473a173cE+0xad>
  ef1984:	48 8b 44 24 10       	mov    0x10(%rsp),%rax
  ef1989:	48 8b 4c 24 08       	mov    0x8(%rsp),%rcx
            panic!("is_aligned_to: align is not a power-of-two");
        }

        self.addr() & (align - 1) == 0
  ef198e:	48 83 e9 01          	sub    $0x1,%rcx
  ef1992:	48 21 c8             	and    %rcx,%rax
    const_eval_select!(
        @capture { ptr: *const (), align: usize, is_zst: bool } -> bool:
        if const {
            is_zst || !ptr.is_null()
        } else {
            ptr.is_aligned_to(align) && (is_zst || !ptr.is_null())
  ef1995:	48 83 f8 00          	cmp    $0x0,%rax
  ef1999:	74 50                	je     ef19eb <_ZN4core3ptr13read_volatile18precondition_check17h4830b567473a173cE+0xfb>
  ef199b:	eb 58                	jmp    ef19f5 <_ZN4core3ptr13read_volatile18precondition_check17h4830b567473a173cE+0x105>
        const { assert!(N <= 1) };
        Arguments { pieces, fmt: None, args: &[] }
  ef199d:	48 c7 44 24 20 40 ca 	movq   $0xeeca40,0x20(%rsp)
  ef19a4:	ee 00 
  ef19a6:	48 c7 44 24 28 01 00 	movq   $0x1,0x28(%rsp)
  ef19ad:	00 00 
  ef19af:	48 8b 0d 02 e9 30 ff 	mov    -0xcf16fe(%rip),%rcx        # 2002b8 <_ZN63_$LT$common_std..error..RcError$u20$as$u20$core..fmt..Debug$GT$3fmt17h5af9ecfea329b2e5E-0xcf0988>
  ef19b6:	48 8b 05 03 e9 30 ff 	mov    -0xcf16fd(%rip),%rax        # 2002c0 <_ZN63_$LT$common_std..error..RcError$u20$as$u20$core..fmt..Debug$GT$3fmt17h5af9ecfea329b2e5E-0xcf0980>
  ef19bd:	48 89 4c 24 40       	mov    %rcx,0x40(%rsp)
  ef19c2:	48 89 44 24 48       	mov    %rax,0x48(%rsp)
  ef19c7:	b8 08 00 00 00       	mov    $0x8,%eax
  ef19cc:	48 89 44 24 30       	mov    %rax,0x30(%rsp)
  ef19d1:	48 c7 44 24 38 00 00 	movq   $0x0,0x38(%rsp)
  ef19d8:	00 00 
            panic!("is_aligned_to: align is not a power-of-two");
  ef19da:	48 c7 c6 a8 cb ee 00 	mov    $0xeecba8,%rsi
  ef19e1:	48 8d 7c 24 20       	lea    0x20(%rsp),%rdi
  ef19e6:	e8 d5 a5 00 00       	call   efbfc0 <_ZN4core9panicking9panic_fmt17h2982420c32d2353cE>
  ef19eb:	8a 44 24 1f          	mov    0x1f(%rsp),%al
  ef19ef:	a8 01                	test   $0x1,%al
  ef19f1:	75 18                	jne    ef1a0b <_ZN4core3ptr13read_volatile18precondition_check17h4830b567473a173cE+0x11b>
  ef19f3:	eb 02                	jmp    ef19f7 <_ZN4core3ptr13read_volatile18precondition_check17h4830b567473a173cE+0x107>
            ) => ub_checks::maybe_is_aligned_and_not_null(addr, align, is_zst)
  ef19f5:	eb 16                	jmp    ef1a0d <_ZN4core3ptr13read_volatile18precondition_check17h4830b567473a173cE+0x11d>
  ef19f7:	48 8b 44 24 10       	mov    0x10(%rsp),%rax
                ptr.addr() == 0
  ef19fc:	48 83 f8 00          	cmp    $0x0,%rax
  ef1a00:	0f 94 c0             	sete   %al
  ef1a03:	34 ff                	xor    $0xff,%al
  ef1a05:	a8 01                	test   $0x1,%al
  ef1a07:	75 15                	jne    ef1a1e <_ZN4core3ptr13read_volatile18precondition_check17h4830b567473a173cE+0x12e>
  ef1a09:	eb 02                	jmp    ef1a0d <_ZN4core3ptr13read_volatile18precondition_check17h4830b567473a173cE+0x11d>
  ef1a0b:	eb 11                	jmp    ef1a1e <_ZN4core3ptr13read_volatile18precondition_check17h4830b567473a173cE+0x12e>
                    ::core::panicking::panic_nounwind(concat!("unsafe precondition(s) violated: ", $message,
  ef1a0d:	48 c7 c7 50 ca ee 00 	mov    $0xeeca50,%rdi
  ef1a14:	be e3 00 00 00       	mov    $0xe3,%esi
  ef1a19:	e8 72 a6 00 00       	call   efc090 <_ZN4core9panicking14panic_nounwind17h73726ac9567abe6cE>
            }
  ef1a1e:	48 83 c4 78          	add    $0x78,%rsp
  ef1a22:	c3                   	ret
  ef1a23:	cc                   	int3
  ef1a24:	cc                   	int3
  ef1a25:	cc                   	int3
  ef1a26:	cc                   	int3
  ef1a27:	cc                   	int3
  ef1a28:	cc                   	int3
  ef1a29:	cc                   	int3
  ef1a2a:	cc                   	int3
  ef1a2b:	cc                   	int3
  ef1a2c:	cc                   	int3
  ef1a2d:	cc                   	int3
  ef1a2e:	cc                   	int3
  ef1a2f:	cc                   	int3

0000000000ef1a30 <_RNvCs3T2uyX70NBl_7___rustc26___rust_alloc_error_handler>:
  ef1a30:	e9 eb 0d 00 00       	jmp    ef2820 <_RNvCs3T2uyX70NBl_7___rustc8___rg_oom>
  ef1a35:	cc                   	int3
  ef1a36:	cc                   	int3
  ef1a37:	cc                   	int3
  ef1a38:	cc                   	int3
  ef1a39:	cc                   	int3
  ef1a3a:	cc                   	int3
  ef1a3b:	cc                   	int3
  ef1a3c:	cc                   	int3
  ef1a3d:	cc                   	int3
  ef1a3e:	cc                   	int3
  ef1a3f:	cc                   	int3

0000000000ef1a40 <_ZN5alloc3vec12Vec$LT$T$GT$3new17h01e27301ee309a42E>:
    pub const fn new() -> Self {
  ef1a40:	48 89 f8             	mov    %rdi,%rax
        Vec { buf: RawVec::new(), len: 0 }
  ef1a43:	48 c7 07 00 00 00 00 	movq   $0x0,(%rdi)
  ef1a4a:	31 c9                	xor    %ecx,%ecx
  ef1a4c:	48 83 c1 01          	add    $0x1,%rcx
  ef1a50:	48 89 4f 08          	mov    %rcx,0x8(%rdi)
  ef1a54:	48 c7 47 10 00 00 00 	movq   $0x0,0x10(%rdi)
  ef1a5b:	00 
    }
  ef1a5c:	c3                   	ret
  ef1a5d:	cc                   	int3
  ef1a5e:	cc                   	int3
  ef1a5f:	cc                   	int3

0000000000ef1a60 <_ZN5alloc3vec12Vec$LT$T$GT$3new17hde3c13a7828d7996E>:
    pub const fn new() -> Self {
  ef1a60:	48 89 f8             	mov    %rdi,%rax
        Vec { buf: RawVec::new(), len: 0 }
  ef1a63:	48 c7 07 00 00 00 00 	movq   $0x0,(%rdi)
  ef1a6a:	31 c9                	xor    %ecx,%ecx
  ef1a6c:	48 83 c1 04          	add    $0x4,%rcx
  ef1a70:	48 89 4f 08          	mov    %rcx,0x8(%rdi)
  ef1a74:	48 c7 47 10 00 00 00 	movq   $0x0,0x10(%rdi)
  ef1a7b:	00 
    }
  ef1a7c:	c3                   	ret
  ef1a7d:	cc                   	int3
  ef1a7e:	cc                   	int3
  ef1a7f:	cc                   	int3

0000000000ef1a80 <_ZN5alloc3vec16Vec$LT$T$C$A$GT$3len17h371ee3a57596c064E>:
    /// ```
    #[inline]
    #[stable(feature = "rust1", since = "1.0.0")]
    #[rustc_const_stable(feature = "const_vec_string_slice", since = "1.87.0")]
    #[rustc_confusables("length", "size")]
    pub const fn len(&self) -> usize {
  ef1a80:	50                   	push   %rax
  ef1a81:	48 89 3c 24          	mov    %rdi,(%rsp)
        let len = self.len;
  ef1a85:	48 8b 47 10          	mov    0x10(%rdi),%rax
        // be returned is `usize::checked_div(size_of::<T>()).unwrap_or(usize::MAX)`, which
        // matches the definition of `T::MAX_SLICE_LEN`.
        unsafe { intrinsics::assume(len <= T::MAX_SLICE_LEN) };

        len
    }
  ef1a89:	59                   	pop    %rcx
  ef1a8a:	c3                   	ret
  ef1a8b:	cc                   	int3
  ef1a8c:	cc                   	int3
  ef1a8d:	cc                   	int3
  ef1a8e:	cc                   	int3
  ef1a8f:	cc                   	int3

0000000000ef1a90 <_ZN5alloc3vec16Vec$LT$T$C$A$GT$3len17h7cc146fb1f74c5b2E>:
    pub const fn len(&self) -> usize {
  ef1a90:	50                   	push   %rax
  ef1a91:	48 89 3c 24          	mov    %rdi,(%rsp)
        let len = self.len;
  ef1a95:	48 8b 47 10          	mov    0x10(%rdi),%rax
    }
  ef1a99:	59                   	pop    %rcx
  ef1a9a:	c3                   	ret
  ef1a9b:	cc                   	int3
  ef1a9c:	cc                   	int3
  ef1a9d:	cc                   	int3
  ef1a9e:	cc                   	int3
  ef1a9f:	cc                   	int3

0000000000ef1aa0 <_ZN5alloc3vec16Vec$LT$T$C$A$GT$6as_ptr17h64c856d031bea978E>:
    pub const fn as_ptr(&self) -> *const T {
  ef1aa0:	50                   	push   %rax
  ef1aa1:	48 89 3c 24          	mov    %rdi,(%rsp)
        self.non_null::<T>().as_ptr()
    }

    #[inline]
    const fn non_null<T>(&self) -> NonNull<T> {
        self.ptr.cast().as_non_null_ptr()
  ef1aa5:	48 8b 47 08          	mov    0x8(%rdi),%rax
    }
  ef1aa9:	59                   	pop    %rcx
  ef1aaa:	c3                   	ret
  ef1aab:	cc                   	int3
  ef1aac:	cc                   	int3
  ef1aad:	cc                   	int3
  ef1aae:	cc                   	int3
  ef1aaf:	cc                   	int3

0000000000ef1ab0 <_ZN5alloc3vec16Vec$LT$T$C$A$GT$6as_ptr17hde31767e6bd4076cE>:
    pub const fn as_ptr(&self) -> *const T {
  ef1ab0:	50                   	push   %rax
  ef1ab1:	48 89 3c 24          	mov    %rdi,(%rsp)
  ef1ab5:	48 8b 47 08          	mov    0x8(%rdi),%rax
    }
  ef1ab9:	59                   	pop    %rcx
  ef1aba:	c3                   	ret
  ef1abb:	cc                   	int3
  ef1abc:	cc                   	int3
  ef1abd:	cc                   	int3
  ef1abe:	cc                   	int3
  ef1abf:	cc                   	int3

0000000000ef1ac0 <_ZN10common_std4task7Process6create17hf99154dc8f7c707bE>:
};

pub struct Process(u32);

impl Process {
    pub fn create(name: &str, binary: &[u8], handles: Vec<u32>) -> RcResult<Self> {
  ef1ac0:	48 81 ec 18 02 00 00 	sub    $0x218,%rsp
  ef1ac7:	4c 89 4c 24 18       	mov    %r9,0x18(%rsp)
  ef1acc:	4c 89 44 24 20       	mov    %r8,0x20(%rsp)
  ef1ad1:	48 89 4c 24 28       	mov    %rcx,0x28(%rsp)
  ef1ad6:	48 89 54 24 30       	mov    %rdx,0x30(%rsp)
  ef1adb:	48 89 74 24 38       	mov    %rsi,0x38(%rsp)
  ef1ae0:	48 89 7c 24 40       	mov    %rdi,0x40(%rsp)
  ef1ae5:	48 89 7c 24 48       	mov    %rdi,0x48(%rsp)
  ef1aea:	48 89 b4 24 88 01 00 	mov    %rsi,0x188(%rsp)
  ef1af1:	00 
  ef1af2:	48 89 94 24 90 01 00 	mov    %rdx,0x190(%rsp)
  ef1af9:	00 
  ef1afa:	48 89 8c 24 98 01 00 	mov    %rcx,0x198(%rsp)
  ef1b01:	00 
  ef1b02:	4c 89 84 24 a0 01 00 	mov    %r8,0x1a0(%rsp)
  ef1b09:	00 
    (@noret $index:expr $(,$arg:expr)*) => {
        $crate::syscall!(@impl $index, (), (in), (noreturn), $($arg),*)
    };

    ($index:expr $(,$arg:expr)*) => {{
        let index = $index as isize;
  ef1b0a:	48 c7 84 24 a8 01 00 	movq   $0x1,0x1a8(%rsp)
  ef1b11:	00 01 00 00 00 
        let (channel0, channel1) = Channel::create()?;
  ef1b16:	c6 84 24 87 01 00 00 	movb   $0x0,0x187(%rsp)
  ef1b1d:	00 
  ef1b1e:	c6 84 24 87 01 00 00 	movb   $0x1,0x187(%rsp)
  ef1b25:	01 
  ef1b26:	48 8d 7c 24 68       	lea    0x68(%rsp),%rdi
  ef1b2b:	e8 e0 03 00 00       	call   ef1f10 <_ZN10common_std3ipc7Channel6create17h3fdf7f1de340e161E>
  ef1b30:	48 8d 7c 24 58       	lea    0x58(%rsp),%rdi
  ef1b35:	48 8d 74 24 68       	lea    0x68(%rsp),%rsi
  ef1b3a:	e8 d1 31 00 00       	call   ef4d10 <_ZN79_$LT$core..result..Result$LT$T$C$E$GT$$u20$as$u20$core..ops..try_trait..Try$GT$6branch17h50e99575fa5ac58dE>
  ef1b3f:	8b 44 24 58          	mov    0x58(%rsp),%eax
  ef1b43:	48 a9 01 00 00 00    	test   $0x1,%rax
  ef1b49:	74 23                	je     ef1b6e <_ZN10common_std4task7Process6create17hf99154dc8f7c707bE+0xae>
  ef1b4b:	48 8b 7c 24 40       	mov    0x40(%rsp),%rdi
  ef1b50:	48 8b 74 24 60       	mov    0x60(%rsp),%rsi
  ef1b55:	48 89 b4 24 f0 01 00 	mov    %rsi,0x1f0(%rsp)
  ef1b5c:	00 
  ef1b5d:	48 c7 c2 28 cc ee 00 	mov    $0xeecc28,%rdx
  ef1b64:	e8 e7 2e 00 00       	call   ef4a50 <_ZN153_$LT$core..result..Result$LT$T$C$F$GT$$u20$as$u20$core..ops..try_trait..FromResidual$LT$core..result..Result$LT$core..convert..Infallible$C$E$GT$$GT$$GT$13from_residual17h0927051b308a4b3dE>
  ef1b69:	e9 68 03 00 00       	jmp    ef1ed6 <_ZN10common_std4task7Process6create17hf99154dc8f7c707bE+0x416>
  ef1b6e:	48 8b 7c 24 38       	mov    0x38(%rsp),%rdi
  ef1b73:	48 8b 74 24 30       	mov    0x30(%rsp),%rsi
  ef1b78:	8b 4c 24 5c          	mov    0x5c(%rsp),%ecx
  ef1b7c:	8b 44 24 60          	mov    0x60(%rsp),%eax
  ef1b80:	89 8c 24 b8 01 00 00 	mov    %ecx,0x1b8(%rsp)
  ef1b87:	89 84 24 bc 01 00 00 	mov    %eax,0x1bc(%rsp)
  ef1b8e:	89 4c 24 50          	mov    %ecx,0x50(%rsp)
  ef1b92:	89 44 24 54          	mov    %eax,0x54(%rsp)

        let mut handle = 0u32;
  ef1b96:	c7 44 24 7c 00 00 00 	movl   $0x0,0x7c(%rsp)
  ef1b9d:	00 
  ef1b9e:	48 89 bc 24 f8 01 00 	mov    %rdi,0x1f8(%rsp)
  ef1ba5:	00 
  ef1ba6:	48 89 b4 24 00 02 00 	mov    %rsi,0x200(%rsp)
  ef1bad:	00 
        syscall!(
            1,
            &raw mut handle,
            name.as_ptr() as usize,
            name.len(),
  ef1bae:	e8 3d 03 00 00       	call   ef1ef0 <_ZN4core3str21_$LT$impl$u20$str$GT$3len17h78255702c0983692E>
  ef1bb3:	48 8b 4c 24 28       	mov    0x28(%rsp),%rcx
  ef1bb8:	48 89 c2             	mov    %rax,%rdx
  ef1bbb:	48 8b 44 24 20       	mov    0x20(%rsp),%rax
  ef1bc0:	48 89 54 24 08       	mov    %rdx,0x8(%rsp)
  ef1bc5:	48 89 8c 24 08 02 00 	mov    %rcx,0x208(%rsp)
  ef1bcc:	00 
  ef1bcd:	48 89 84 24 10 02 00 	mov    %rax,0x210(%rsp)
  ef1bd4:	00 
  ef1bd5:	48 8d 7c 24 50       	lea    0x50(%rsp),%rdi
            binary.as_ptr() as usize,
            binary.len(),
            channel0.as_handle()
  ef1bda:	e8 51 05 00 00       	call   ef2130 <_ZN10common_std3ipc7Channel9as_handle17he4c73c73ea6846faE>
  ef1bdf:	48 8b 74 24 38       	mov    0x38(%rsp),%rsi
  ef1be4:	48 8b 54 24 08       	mov    0x8(%rsp),%rdx
  ef1be9:	4c 8b 54 24 28       	mov    0x28(%rsp),%r10
  ef1bee:	4c 8b 44 24 20       	mov    0x20(%rsp),%r8
  ef1bf3:	41 89 c1             	mov    %eax,%r9d
  ef1bf6:	48 8d 7c 24 7c       	lea    0x7c(%rsp),%rdi
  ef1bfb:	b8 01 00 00 00       	mov    $0x1,%eax
macro_rules! _syscall_impl {
    ([$index:expr, ($($ret:tt)?), ($rax_mod:tt), ($($options:tt)?)]
        [$($asm_args:tt)*] [$($_regs:tt)*] ()
    ) => {
        unsafe {
            core::arch::asm!(
  ef1c00:	0f 05                	syscall
  ef1c02:	48 89 84 24 a0 00 00 	mov    %rax,0xa0(%rsp)
  ef1c09:	00 
        let ret = ret as isize;
  ef1c0a:	48 8b 84 24 a0 00 00 	mov    0xa0(%rsp),%rax
  ef1c11:	00 
  ef1c12:	48 89 44 24 10       	mov    %rax,0x10(%rsp)
  ef1c17:	48 89 84 24 c0 01 00 	mov    %rax,0x1c0(%rsp)
  ef1c1e:	00 
        if ret >= 0 {
  ef1c1f:	48 83 f8 00          	cmp    $0x0,%rax
  ef1c23:	7d 1b                	jge    ef1c40 <_ZN10common_std4task7Process6create17hf99154dc8f7c707bE+0x180>
  ef1c25:	48 8b 44 24 10       	mov    0x10(%rsp),%rax
            Err(unsafe { core::mem::transmute::<_, $crate::error::RcError>(ret) })
  ef1c2a:	48 89 84 24 98 00 00 	mov    %rax,0x98(%rsp)
  ef1c31:	00 
  ef1c32:	48 c7 84 24 90 00 00 	movq   $0x1,0x90(%rsp)
  ef1c39:	00 01 00 00 00 
        if ret >= 0 {
  ef1c3e:	eb 19                	jmp    ef1c59 <_ZN10common_std4task7Process6create17hf99154dc8f7c707bE+0x199>
  ef1c40:	48 8b 44 24 10       	mov    0x10(%rsp),%rax
            Ok(ret as usize)
  ef1c45:	48 89 84 24 98 00 00 	mov    %rax,0x98(%rsp)
  ef1c4c:	00 
  ef1c4d:	48 c7 84 24 90 00 00 	movq   $0x0,0x90(%rsp)
  ef1c54:	00 00 00 00 00 
        syscall!(
  ef1c59:	48 8b bc 24 90 00 00 	mov    0x90(%rsp),%rdi
  ef1c60:	00 
  ef1c61:	48 8b b4 24 98 00 00 	mov    0x98(%rsp),%rsi
  ef1c68:	00 
  ef1c69:	e8 32 30 00 00       	call   ef4ca0 <_ZN79_$LT$core..result..Result$LT$T$C$E$GT$$u20$as$u20$core..ops..try_trait..Try$GT$6branch17h3991049274dcbbeaE>
  ef1c6e:	48 89 84 24 80 00 00 	mov    %rax,0x80(%rsp)
  ef1c75:	00 
  ef1c76:	48 89 94 24 88 00 00 	mov    %rdx,0x88(%rsp)
  ef1c7d:	00 
  ef1c7e:	48 f7 84 24 80 00 00 	testq  $0x1,0x80(%rsp)
  ef1c85:	00 01 00 00 00 
  ef1c8a:	74 26                	je     ef1cb2 <_ZN10common_std4task7Process6create17hf99154dc8f7c707bE+0x1f2>
  ef1c8c:	48 8b 7c 24 40       	mov    0x40(%rsp),%rdi
        )?;
  ef1c91:	48 8b b4 24 88 00 00 	mov    0x88(%rsp),%rsi
  ef1c98:	00 
  ef1c99:	48 89 b4 24 e8 01 00 	mov    %rsi,0x1e8(%rsp)
  ef1ca0:	00 
        syscall!(
  ef1ca1:	48 c7 c2 10 cc ee 00 	mov    $0xeecc10,%rdx
  ef1ca8:	e8 a3 2d 00 00       	call   ef4a50 <_ZN153_$LT$core..result..Result$LT$T$C$F$GT$$u20$as$u20$core..ops..try_trait..FromResidual$LT$core..result..Result$LT$core..convert..Infallible$C$E$GT$$GT$$GT$13from_residual17h0927051b308a4b3dE>
  ef1cad:	e9 24 02 00 00       	jmp    ef1ed6 <_ZN10common_std4task7Process6create17hf99154dc8f7c707bE+0x416>
  ef1cb2:	48 8b 7c 24 18       	mov    0x18(%rsp),%rdi
  ef1cb7:	48 8b 84 24 88 00 00 	mov    0x88(%rsp),%rax
  ef1cbe:	00 
  ef1cbf:	48 89 84 24 c8 01 00 	mov    %rax,0x1c8(%rsp)
  ef1cc6:	00 

        channel1.write(&MessagePacket::new(
            handles.len().to_le_bytes().to_vec(),
  ef1cc7:	e8 b4 fd ff ff       	call   ef1a80 <_ZN5alloc3vec16Vec$LT$T$C$A$GT$3len17h371ee3a57596c064E>
  ef1ccc:	48 89 c7             	mov    %rax,%rdi
  ef1ccf:	e8 cc 67 00 00       	call   ef84a0 <_ZN4core3num23_$LT$impl$u20$usize$GT$11to_le_bytes17hda6f25a7120af9d3E>
  ef1cd4:	48 89 84 24 d0 01 00 	mov    %rax,0x1d0(%rsp)
  ef1cdb:	00 
  ef1cdc:	48 8b 84 24 d0 01 00 	mov    0x1d0(%rsp),%rax
  ef1ce3:	00 
  ef1ce4:	48 89 84 24 f8 00 00 	mov    %rax,0xf8(%rsp)
  ef1ceb:	00 
  ef1cec:	48 8d bc 24 e0 00 00 	lea    0xe0(%rsp),%rdi
  ef1cf3:	00 
  ef1cf4:	48 8d b4 24 f8 00 00 	lea    0xf8(%rsp),%rsi
  ef1cfb:	00 
  ef1cfc:	ba 08 00 00 00       	mov    $0x8,%edx
  ef1d01:	e8 ca 6e 00 00       	call   ef8bd0 <_ZN5alloc5slice29_$LT$impl$u20$$u5b$T$u5d$$GT$6to_vec17h2e6a4c4680b04040E>
  ef1d06:	48 8d bc 24 00 01 00 	lea    0x100(%rsp),%rdi
  ef1d0d:	00 
            alloc::vec![],
  ef1d0e:	e8 4d fd ff ff       	call   ef1a60 <_ZN5alloc3vec12Vec$LT$T$GT$3new17hde3c13a7828d7996E>
  ef1d13:	48 8d bc 24 b0 00 00 	lea    0xb0(%rsp),%rdi
  ef1d1a:	00 
  ef1d1b:	48 8d b4 24 e0 00 00 	lea    0xe0(%rsp),%rsi
  ef1d22:	00 
  ef1d23:	48 8d 94 24 00 01 00 	lea    0x100(%rsp),%rdx
  ef1d2a:	00 
        channel1.write(&MessagePacket::new(
  ef1d2b:	e8 10 04 00 00       	call   ef2140 <_ZN10common_std3ipc13MessagePacket3new17h714d26c1d88bbcbeE>
  ef1d30:	48 8d 7c 24 54       	lea    0x54(%rsp),%rdi
  ef1d35:	48 8d b4 24 b0 00 00 	lea    0xb0(%rsp),%rsi
  ef1d3c:	00 
  ef1d3d:	e8 be 02 00 00       	call   ef2000 <_ZN10common_std3ipc7Channel5write17h7c7618ae054673ccE>
  ef1d42:	48 89 c7             	mov    %rax,%rdi
  ef1d45:	e8 06 2f 00 00       	call   ef4c50 <_ZN79_$LT$core..result..Result$LT$T$C$E$GT$$u20$as$u20$core..ops..try_trait..Try$GT$6branch17h1de35f48a607fe45E>
  ef1d4a:	48 89 84 24 a8 00 00 	mov    %rax,0xa8(%rsp)
  ef1d51:	00 
  ef1d52:	b8 01 00 00 00       	mov    $0x1,%eax
  ef1d57:	31 c9                	xor    %ecx,%ecx
  ef1d59:	48 83 bc 24 a8 00 00 	cmpq   $0x1,0xa8(%rsp)
  ef1d60:	00 01 
  ef1d62:	48 0f 44 c1          	cmove  %rcx,%rax
  ef1d66:	48 a9 01 00 00 00    	test   $0x1,%rax
  ef1d6c:	74 33                	je     ef1da1 <_ZN10common_std4task7Process6create17hf99154dc8f7c707bE+0x2e1>
  ef1d6e:	48 8b 7c 24 40       	mov    0x40(%rsp),%rdi
        ))?;
  ef1d73:	48 8b b4 24 a8 00 00 	mov    0xa8(%rsp),%rsi
  ef1d7a:	00 
  ef1d7b:	48 89 b4 24 e0 01 00 	mov    %rsi,0x1e0(%rsp)
  ef1d82:	00 
        channel1.write(&MessagePacket::new(
  ef1d83:	48 c7 c2 f8 cb ee 00 	mov    $0xeecbf8,%rdx
  ef1d8a:	e8 c1 2c 00 00       	call   ef4a50 <_ZN153_$LT$core..result..Result$LT$T$C$F$GT$$u20$as$u20$core..ops..try_trait..FromResidual$LT$core..result..Result$LT$core..convert..Infallible$C$E$GT$$GT$$GT$13from_residual17h0927051b308a4b3dE>
  ef1d8f:	48 8d bc 24 b0 00 00 	lea    0xb0(%rsp),%rdi
  ef1d96:	00 
        ))?;
  ef1d97:	e8 84 16 00 00       	call   ef3420 <_ZN4core3ptr51drop_in_place$LT$common_std..ipc..MessagePacket$GT$17hbed48e653cdfadd2E>
  ef1d9c:	e9 35 01 00 00       	jmp    ef1ed6 <_ZN10common_std4task7Process6create17hf99154dc8f7c707bE+0x416>
  ef1da1:	48 8d bc 24 b0 00 00 	lea    0xb0(%rsp),%rdi
  ef1da8:	00 
  ef1da9:	e8 72 16 00 00       	call   ef3420 <_ZN4core3ptr51drop_in_place$LT$common_std..ipc..MessagePacket$GT$17hbed48e653cdfadd2E>
  ef1dae:	48 8b 7c 24 18       	mov    0x18(%rsp),%rdi

        if handles.len() != 0 {
  ef1db3:	e8 c8 fc ff ff       	call   ef1a80 <_ZN5alloc3vec16Vec$LT$T$C$A$GT$3len17h371ee3a57596c064E>
  ef1db8:	48 83 f8 00          	cmp    $0x0,%rax
  ef1dbc:	75 25                	jne    ef1de3 <_ZN10common_std4task7Process6create17hf99154dc8f7c707bE+0x323>
  ef1dbe:	48 8b 44 24 40       	mov    0x40(%rsp),%rax
            channel1.write(&MessagePacket::new(alloc::vec![], handles))?;
        }

        Ok(Self(handle))
  ef1dc3:	8b 4c 24 7c          	mov    0x7c(%rsp),%ecx
  ef1dc7:	89 48 04             	mov    %ecx,0x4(%rax)
  ef1dca:	c7 00 00 00 00 00    	movl   $0x0,(%rax)
    }
  ef1dd0:	f6 84 24 87 01 00 00 	testb  $0x1,0x187(%rsp)
  ef1dd7:	01 
  ef1dd8:	0f 85 ec 00 00 00    	jne    ef1eca <_ZN10common_std4task7Process6create17hf99154dc8f7c707bE+0x40a>
  ef1dde:	e9 da 00 00 00       	jmp    ef1ebd <_ZN10common_std4task7Process6create17hf99154dc8f7c707bE+0x3fd>
  ef1de3:	48 8d bc 24 50 01 00 	lea    0x150(%rsp),%rdi
  ef1dea:	00 
            channel1.write(&MessagePacket::new(alloc::vec![], handles))?;
  ef1deb:	e8 50 fc ff ff       	call   ef1a40 <_ZN5alloc3vec12Vec$LT$T$GT$3new17h01e27301ee309a42E>
  ef1df0:	48 8b 44 24 18       	mov    0x18(%rsp),%rax
  ef1df5:	c6 84 24 87 01 00 00 	movb   $0x0,0x187(%rsp)
  ef1dfc:	00 
  ef1dfd:	48 8b 08             	mov    (%rax),%rcx
  ef1e00:	48 89 8c 24 68 01 00 	mov    %rcx,0x168(%rsp)
  ef1e07:	00 
  ef1e08:	48 8b 48 08          	mov    0x8(%rax),%rcx
  ef1e0c:	48 89 8c 24 70 01 00 	mov    %rcx,0x170(%rsp)
  ef1e13:	00 
  ef1e14:	48 8b 40 10          	mov    0x10(%rax),%rax
  ef1e18:	48 89 84 24 78 01 00 	mov    %rax,0x178(%rsp)
  ef1e1f:	00 
  ef1e20:	48 8d bc 24 20 01 00 	lea    0x120(%rsp),%rdi
  ef1e27:	00 
  ef1e28:	48 8d b4 24 50 01 00 	lea    0x150(%rsp),%rsi
  ef1e2f:	00 
  ef1e30:	48 8d 94 24 68 01 00 	lea    0x168(%rsp),%rdx
  ef1e37:	00 
  ef1e38:	e8 03 03 00 00       	call   ef2140 <_ZN10common_std3ipc13MessagePacket3new17h714d26c1d88bbcbeE>
  ef1e3d:	48 8d 7c 24 54       	lea    0x54(%rsp),%rdi
  ef1e42:	48 8d b4 24 20 01 00 	lea    0x120(%rsp),%rsi
  ef1e49:	00 
  ef1e4a:	e8 b1 01 00 00       	call   ef2000 <_ZN10common_std3ipc7Channel5write17h7c7618ae054673ccE>
  ef1e4f:	48 89 c7             	mov    %rax,%rdi
  ef1e52:	e8 f9 2d 00 00       	call   ef4c50 <_ZN79_$LT$core..result..Result$LT$T$C$E$GT$$u20$as$u20$core..ops..try_trait..Try$GT$6branch17h1de35f48a607fe45E>
  ef1e57:	48 89 84 24 18 01 00 	mov    %rax,0x118(%rsp)
  ef1e5e:	00 
  ef1e5f:	b8 01 00 00 00       	mov    $0x1,%eax
  ef1e64:	31 c9                	xor    %ecx,%ecx
  ef1e66:	48 83 bc 24 18 01 00 	cmpq   $0x1,0x118(%rsp)
  ef1e6d:	00 01 
  ef1e6f:	48 0f 44 c1          	cmove  %rcx,%rax
  ef1e73:	48 a9 01 00 00 00    	test   $0x1,%rax
  ef1e79:	74 30                	je     ef1eab <_ZN10common_std4task7Process6create17hf99154dc8f7c707bE+0x3eb>
  ef1e7b:	48 8b 7c 24 40       	mov    0x40(%rsp),%rdi
  ef1e80:	48 8b b4 24 18 01 00 	mov    0x118(%rsp),%rsi
  ef1e87:	00 
  ef1e88:	48 89 b4 24 d8 01 00 	mov    %rsi,0x1d8(%rsp)
  ef1e8f:	00 
  ef1e90:	48 c7 c2 e0 cb ee 00 	mov    $0xeecbe0,%rdx
  ef1e97:	e8 b4 2b 00 00       	call   ef4a50 <_ZN153_$LT$core..result..Result$LT$T$C$F$GT$$u20$as$u20$core..ops..try_trait..FromResidual$LT$core..result..Result$LT$core..convert..Infallible$C$E$GT$$GT$$GT$13from_residual17h0927051b308a4b3dE>
  ef1e9c:	48 8d bc 24 20 01 00 	lea    0x120(%rsp),%rdi
  ef1ea3:	00 
  ef1ea4:	e8 77 15 00 00       	call   ef3420 <_ZN4core3ptr51drop_in_place$LT$common_std..ipc..MessagePacket$GT$17hbed48e653cdfadd2E>
  ef1ea9:	eb 2b                	jmp    ef1ed6 <_ZN10common_std4task7Process6create17hf99154dc8f7c707bE+0x416>
  ef1eab:	48 8d bc 24 20 01 00 	lea    0x120(%rsp),%rdi
  ef1eb2:	00 
  ef1eb3:	e8 68 15 00 00       	call   ef3420 <_ZN4core3ptr51drop_in_place$LT$common_std..ipc..MessagePacket$GT$17hbed48e653cdfadd2E>
  ef1eb8:	e9 01 ff ff ff       	jmp    ef1dbe <_ZN10common_std4task7Process6create17hf99154dc8f7c707bE+0x2fe>
  ef1ebd:	48 8b 44 24 48       	mov    0x48(%rsp),%rax
    }
  ef1ec2:	48 81 c4 18 02 00 00 	add    $0x218,%rsp
  ef1ec9:	c3                   	ret
  ef1eca:	48 8b 7c 24 18       	mov    0x18(%rsp),%rdi
  ef1ecf:	e8 1c 15 00 00       	call   ef33f0 <_ZN4core3ptr47drop_in_place$LT$alloc..vec..Vec$LT$u32$GT$$GT$17hd44504878ccd906cE>
  ef1ed4:	eb e7                	jmp    ef1ebd <_ZN10common_std4task7Process6create17hf99154dc8f7c707bE+0x3fd>
  ef1ed6:	f6 84 24 87 01 00 00 	testb  $0x1,0x187(%rsp)
  ef1edd:	01 
  ef1ede:	74 dd                	je     ef1ebd <_ZN10common_std4task7Process6create17hf99154dc8f7c707bE+0x3fd>
  ef1ee0:	48 8b 7c 24 18       	mov    0x18(%rsp),%rdi
  ef1ee5:	e8 06 15 00 00       	call   ef33f0 <_ZN4core3ptr47drop_in_place$LT$alloc..vec..Vec$LT$u32$GT$$GT$17hd44504878ccd906cE>
  ef1eea:	eb d1                	jmp    ef1ebd <_ZN10common_std4task7Process6create17hf99154dc8f7c707bE+0x3fd>
  ef1eec:	cc                   	int3
  ef1eed:	cc                   	int3
  ef1eee:	cc                   	int3
  ef1eef:	cc                   	int3

0000000000ef1ef0 <_ZN4core3str21_$LT$impl$u20$str$GT$3len17h78255702c0983692E>:
    #[rustc_const_stable(feature = "const_str_len", since = "1.39.0")]
    #[rustc_diagnostic_item = "str_len"]
    #[cfg_attr(not(bootstrap), rustc_no_implicit_autorefs)]
    #[must_use]
    #[inline]
    pub const fn len(&self) -> usize {
  ef1ef0:	48 83 ec 10          	sub    $0x10,%rsp
  ef1ef4:	48 89 f0             	mov    %rsi,%rax
  ef1ef7:	48 89 3c 24          	mov    %rdi,(%rsp)
  ef1efb:	48 89 44 24 08       	mov    %rax,0x8(%rsp)
        self.as_bytes().len()
    }
  ef1f00:	48 83 c4 10          	add    $0x10,%rsp
  ef1f04:	c3                   	ret
  ef1f05:	cc                   	int3
  ef1f06:	cc                   	int3
  ef1f07:	cc                   	int3
  ef1f08:	cc                   	int3
  ef1f09:	cc                   	int3
  ef1f0a:	cc                   	int3
  ef1f0b:	cc                   	int3
  ef1f0c:	cc                   	int3
  ef1f0d:	cc                   	int3
  ef1f0e:	cc                   	int3
  ef1f0f:	cc                   	int3

0000000000ef1f10 <_ZN10common_std3ipc7Channel6create17h3fdf7f1de340e161E>:
impl Channel {
    pub fn with_father() -> Self {
        Channel(ARG_HANDLE)
    }

    pub fn create() -> RcResult<(Self, Self)> {
  ef1f10:	48 83 ec 68          	sub    $0x68,%rsp
  ef1f14:	48 89 3c 24          	mov    %rdi,(%rsp)
  ef1f18:	48 89 7c 24 08       	mov    %rdi,0x8(%rsp)
        let index = $index as isize;
  ef1f1d:	48 c7 44 24 48 0f 00 	movq   $0xf,0x48(%rsp)
  ef1f24:	00 00 
        let mut handle0 = 0;
  ef1f26:	c7 44 24 18 00 00 00 	movl   $0x0,0x18(%rsp)
  ef1f2d:	00 
        let mut handle1 = 0;
  ef1f2e:	c7 44 24 1c 00 00 00 	movl   $0x0,0x1c(%rsp)
  ef1f35:	00 
  ef1f36:	48 8d 7c 24 18       	lea    0x18(%rsp),%rdi
  ef1f3b:	48 8d 74 24 1c       	lea    0x1c(%rsp),%rsi
  ef1f40:	b8 0f 00 00 00       	mov    $0xf,%eax
            core::arch::asm!(
  ef1f45:	0f 05                	syscall
  ef1f47:	48 89 44 24 40       	mov    %rax,0x40(%rsp)
        let ret = ret as isize;
  ef1f4c:	48 8b 44 24 40       	mov    0x40(%rsp),%rax
  ef1f51:	48 89 44 24 10       	mov    %rax,0x10(%rsp)
  ef1f56:	48 89 44 24 50       	mov    %rax,0x50(%rsp)
        if ret >= 0 {
  ef1f5b:	48 83 f8 00          	cmp    $0x0,%rax
  ef1f5f:	7d 15                	jge    ef1f76 <_ZN10common_std3ipc7Channel6create17h3fdf7f1de340e161E+0x66>
  ef1f61:	48 8b 44 24 10       	mov    0x10(%rsp),%rax
            Err(unsafe { core::mem::transmute::<_, $crate::error::RcError>(ret) })
  ef1f66:	48 89 44 24 38       	mov    %rax,0x38(%rsp)
  ef1f6b:	48 c7 44 24 30 01 00 	movq   $0x1,0x30(%rsp)
  ef1f72:	00 00 
        if ret >= 0 {
  ef1f74:	eb 13                	jmp    ef1f89 <_ZN10common_std3ipc7Channel6create17h3fdf7f1de340e161E+0x79>
  ef1f76:	48 8b 44 24 10       	mov    0x10(%rsp),%rax
            Ok(ret as usize)
  ef1f7b:	48 89 44 24 38       	mov    %rax,0x38(%rsp)
  ef1f80:	48 c7 44 24 30 00 00 	movq   $0x0,0x30(%rsp)
  ef1f87:	00 00 
        syscall!(15, &mut handle0, &mut handle1)?;
  ef1f89:	48 8b 7c 24 30       	mov    0x30(%rsp),%rdi
  ef1f8e:	48 8b 74 24 38       	mov    0x38(%rsp),%rsi
  ef1f93:	e8 08 2d 00 00       	call   ef4ca0 <_ZN79_$LT$core..result..Result$LT$T$C$E$GT$$u20$as$u20$core..ops..try_trait..Try$GT$6branch17h3991049274dcbbeaE>
  ef1f98:	48 89 44 24 20       	mov    %rax,0x20(%rsp)
  ef1f9d:	48 89 54 24 28       	mov    %rdx,0x28(%rsp)
  ef1fa2:	48 f7 44 24 20 01 00 	testq  $0x1,0x20(%rsp)
  ef1fa9:	00 00 
  ef1fab:	74 1c                	je     ef1fc9 <_ZN10common_std3ipc7Channel6create17h3fdf7f1de340e161E+0xb9>
  ef1fad:	48 8b 3c 24          	mov    (%rsp),%rdi
  ef1fb1:	48 8b 74 24 28       	mov    0x28(%rsp),%rsi
  ef1fb6:	48 89 74 24 60       	mov    %rsi,0x60(%rsp)
  ef1fbb:	48 c7 c2 60 cc ee 00 	mov    $0xeecc60,%rdx
  ef1fc2:	e8 69 2b 00 00       	call   ef4b30 <_ZN153_$LT$core..result..Result$LT$T$C$F$GT$$u20$as$u20$core..ops..try_trait..FromResidual$LT$core..result..Result$LT$core..convert..Infallible$C$E$GT$$GT$$GT$13from_residual17hea0846d6bdae271eE>
  ef1fc7:	eb 22                	jmp    ef1feb <_ZN10common_std3ipc7Channel6create17h3fdf7f1de340e161E+0xdb>
  ef1fc9:	48 8b 04 24          	mov    (%rsp),%rax
  ef1fcd:	48 8b 4c 24 28       	mov    0x28(%rsp),%rcx
  ef1fd2:	48 89 4c 24 58       	mov    %rcx,0x58(%rsp)
        Ok((Channel(handle0), Channel(handle1)))
  ef1fd7:	8b 54 24 18          	mov    0x18(%rsp),%edx
  ef1fdb:	8b 4c 24 1c          	mov    0x1c(%rsp),%ecx
  ef1fdf:	89 50 04             	mov    %edx,0x4(%rax)
  ef1fe2:	89 48 08             	mov    %ecx,0x8(%rax)
  ef1fe5:	c7 00 00 00 00 00    	movl   $0x0,(%rax)
  ef1feb:	48 8b 44 24 08       	mov    0x8(%rsp),%rax
    }
  ef1ff0:	48 83 c4 68          	add    $0x68,%rsp
  ef1ff4:	c3                   	ret
  ef1ff5:	cc                   	int3
  ef1ff6:	cc                   	int3
  ef1ff7:	cc                   	int3
  ef1ff8:	cc                   	int3
  ef1ff9:	cc                   	int3
  ef1ffa:	cc                   	int3
  ef1ffb:	cc                   	int3
  ef1ffc:	cc                   	int3
  ef1ffd:	cc                   	int3
  ef1ffe:	cc                   	int3
  ef1fff:	cc                   	int3

0000000000ef2000 <_ZN10common_std3ipc7Channel5write17h7c7618ae054673ccE>:

    pub fn write(&self, packet: &MessagePacket) -> RcResult<()> {
  ef2000:	48 81 ec 98 00 00 00 	sub    $0x98,%rsp
  ef2007:	48 89 74 24 08       	mov    %rsi,0x8(%rsp)
  ef200c:	48 89 f8             	mov    %rdi,%rax
  ef200f:	48 8b 7c 24 08       	mov    0x8(%rsp),%rdi
  ef2014:	48 89 44 24 68       	mov    %rax,0x68(%rsp)
  ef2019:	48 89 7c 24 70       	mov    %rdi,0x70(%rsp)
        let index = $index as isize;
  ef201e:	48 c7 44 24 78 11 00 	movq   $0x11,0x78(%rsp)
  ef2025:	00 00 
        syscall!(
            17,
            self.0,
  ef2027:	8b 00                	mov    (%rax),%eax
  ef2029:	89 44 24 14          	mov    %eax,0x14(%rsp)
            packet.data.as_ptr(),
  ef202d:	e8 6e fa ff ff       	call   ef1aa0 <_ZN5alloc3vec16Vec$LT$T$C$A$GT$6as_ptr17h64c856d031bea978E>
  ef2032:	48 8b 7c 24 08       	mov    0x8(%rsp),%rdi
  ef2037:	48 89 44 24 18       	mov    %rax,0x18(%rsp)
            packet.data.len(),
  ef203c:	e8 4f fa ff ff       	call   ef1a90 <_ZN5alloc3vec16Vec$LT$T$C$A$GT$3len17h7cc146fb1f74c5b2E>
  ef2041:	48 8b 7c 24 08       	mov    0x8(%rsp),%rdi
  ef2046:	48 89 44 24 20       	mov    %rax,0x20(%rsp)
            packet.handles.as_ptr(),
  ef204b:	48 83 c7 18          	add    $0x18,%rdi
  ef204f:	e8 5c fa ff ff       	call   ef1ab0 <_ZN5alloc3vec16Vec$LT$T$C$A$GT$6as_ptr17hde31767e6bd4076cE>
  ef2054:	48 8b 7c 24 08       	mov    0x8(%rsp),%rdi
  ef2059:	48 89 44 24 28       	mov    %rax,0x28(%rsp)
            packet.handles.len()
  ef205e:	48 83 c7 18          	add    $0x18,%rdi
  ef2062:	e8 19 fa ff ff       	call   ef1a80 <_ZN5alloc3vec16Vec$LT$T$C$A$GT$3len17h371ee3a57596c064E>
  ef2067:	8b 7c 24 14          	mov    0x14(%rsp),%edi
  ef206b:	48 8b 74 24 18       	mov    0x18(%rsp),%rsi
  ef2070:	48 8b 54 24 20       	mov    0x20(%rsp),%rdx
  ef2075:	4c 8b 54 24 28       	mov    0x28(%rsp),%r10
  ef207a:	49 89 c0             	mov    %rax,%r8
  ef207d:	b8 11 00 00 00       	mov    $0x11,%eax
            core::arch::asm!(
  ef2082:	0f 05                	syscall
  ef2084:	48 89 44 24 60       	mov    %rax,0x60(%rsp)
        let ret = ret as isize;
  ef2089:	48 8b 44 24 60       	mov    0x60(%rsp),%rax
  ef208e:	48 89 44 24 30       	mov    %rax,0x30(%rsp)
  ef2093:	48 89 84 24 80 00 00 	mov    %rax,0x80(%rsp)
  ef209a:	00 
        if ret >= 0 {
  ef209b:	48 83 f8 00          	cmp    $0x0,%rax
  ef209f:	7d 15                	jge    ef20b6 <_ZN10common_std3ipc7Channel5write17h7c7618ae054673ccE+0xb6>
  ef20a1:	48 8b 44 24 30       	mov    0x30(%rsp),%rax
            Err(unsafe { core::mem::transmute::<_, $crate::error::RcError>(ret) })
  ef20a6:	48 89 44 24 58       	mov    %rax,0x58(%rsp)
  ef20ab:	48 c7 44 24 50 01 00 	movq   $0x1,0x50(%rsp)
  ef20b2:	00 00 
        if ret >= 0 {
  ef20b4:	eb 13                	jmp    ef20c9 <_ZN10common_std3ipc7Channel5write17h7c7618ae054673ccE+0xc9>
  ef20b6:	48 8b 44 24 30       	mov    0x30(%rsp),%rax
            Ok(ret as usize)
  ef20bb:	48 89 44 24 58       	mov    %rax,0x58(%rsp)
  ef20c0:	48 c7 44 24 50 00 00 	movq   $0x0,0x50(%rsp)
  ef20c7:	00 00 
        syscall!(
  ef20c9:	48 8b 7c 24 50       	mov    0x50(%rsp),%rdi
  ef20ce:	48 8b 74 24 58       	mov    0x58(%rsp),%rsi
  ef20d3:	e8 c8 2b 00 00       	call   ef4ca0 <_ZN79_$LT$core..result..Result$LT$T$C$E$GT$$u20$as$u20$core..ops..try_trait..Try$GT$6branch17h3991049274dcbbeaE>
  ef20d8:	48 89 44 24 40       	mov    %rax,0x40(%rsp)
  ef20dd:	48 89 54 24 48       	mov    %rdx,0x48(%rsp)
  ef20e2:	48 f7 44 24 40 01 00 	testq  $0x1,0x40(%rsp)
  ef20e9:	00 00 
  ef20eb:	74 20                	je     ef210d <_ZN10common_std3ipc7Channel5write17h7c7618ae054673ccE+0x10d>
        )?;
  ef20ed:	48 8b 7c 24 48       	mov    0x48(%rsp),%rdi
  ef20f2:	48 89 bc 24 90 00 00 	mov    %rdi,0x90(%rsp)
  ef20f9:	00 
        syscall!(
  ef20fa:	48 c7 c6 78 cc ee 00 	mov    $0xeecc78,%rsi
  ef2101:	e8 ca 29 00 00       	call   ef4ad0 <_ZN153_$LT$core..result..Result$LT$T$C$F$GT$$u20$as$u20$core..ops..try_trait..FromResidual$LT$core..result..Result$LT$core..convert..Infallible$C$E$GT$$GT$$GT$13from_residual17h6c3d9d0a5f5252c7E>
  ef2106:	48 89 44 24 38       	mov    %rax,0x38(%rsp)
  ef210b:	eb 16                	jmp    ef2123 <_ZN10common_std3ipc7Channel5write17h7c7618ae054673ccE+0x123>
  ef210d:	48 8b 44 24 48       	mov    0x48(%rsp),%rax
  ef2112:	48 89 84 24 88 00 00 	mov    %rax,0x88(%rsp)
  ef2119:	00 
        Ok(())
  ef211a:	48 c7 44 24 38 01 00 	movq   $0x1,0x38(%rsp)
  ef2121:	00 00 
    }
  ef2123:	48 8b 44 24 38       	mov    0x38(%rsp),%rax
  ef2128:	48 81 c4 98 00 00 00 	add    $0x98,%rsp
  ef212f:	c3                   	ret

0000000000ef2130 <_ZN10common_std3ipc7Channel9as_handle17he4c73c73ea6846faE>:
            data[..data_len].to_vec(),
            handles[..handles_len].to_vec(),
        ))
    }

    pub fn as_handle(&self) -> u32 {
  ef2130:	50                   	push   %rax
  ef2131:	48 89 3c 24          	mov    %rdi,(%rsp)
        self.0
  ef2135:	8b 07                	mov    (%rdi),%eax
    }
  ef2137:	59                   	pop    %rcx
  ef2138:	c3                   	ret
  ef2139:	cc                   	int3
  ef213a:	cc                   	int3
  ef213b:	cc                   	int3
  ef213c:	cc                   	int3
  ef213d:	cc                   	int3
  ef213e:	cc                   	int3
  ef213f:	cc                   	int3

0000000000ef2140 <_ZN10common_std3ipc13MessagePacket3new17h714d26c1d88bbcbeE>:
    pub data: Vec<u8>,
    pub handles: Vec<u32>,
}

impl MessagePacket {
    pub fn new(data: Vec<u8>, handles: Vec<u32>) -> Self {
  ef2140:	48 89 f8             	mov    %rdi,%rax
        Self {
  ef2143:	48 8b 0e             	mov    (%rsi),%rcx
  ef2146:	48 89 0f             	mov    %rcx,(%rdi)
  ef2149:	48 8b 4e 08          	mov    0x8(%rsi),%rcx
  ef214d:	48 89 4f 08          	mov    %rcx,0x8(%rdi)
  ef2151:	48 8b 4e 10          	mov    0x10(%rsi),%rcx
  ef2155:	48 89 4f 10          	mov    %rcx,0x10(%rdi)
  ef2159:	48 8b 0a             	mov    (%rdx),%rcx
  ef215c:	48 89 4f 18          	mov    %rcx,0x18(%rdi)
  ef2160:	48 8b 4a 08          	mov    0x8(%rdx),%rcx
  ef2164:	48 89 4f 20          	mov    %rcx,0x20(%rdi)
  ef2168:	48 8b 4a 10          	mov    0x10(%rdx),%rcx
  ef216c:	48 89 4f 28          	mov    %rcx,0x28(%rdi)
            data: data,
            handles: handles,
        }
    }
  ef2170:	c3                   	ret
  ef2171:	cc                   	int3
  ef2172:	cc                   	int3
  ef2173:	cc                   	int3
  ef2174:	cc                   	int3
  ef2175:	cc                   	int3
  ef2176:	cc                   	int3
  ef2177:	cc                   	int3
  ef2178:	cc                   	int3
  ef2179:	cc                   	int3
  ef217a:	cc                   	int3
  ef217b:	cc                   	int3
  ef217c:	cc                   	int3
  ef217d:	cc                   	int3
  ef217e:	cc                   	int3
  ef217f:	cc                   	int3

0000000000ef2180 <_ZN82_$LT$common_std..heap..OomHandlerImpl$u20$as$u20$talc..oom_handler..OomHandler$GT$10handle_oom17h335fcb070cdfe695E>:
        OomHandlerImpl(Span::from_base_size(HEAP_START as *mut u8, 0))
    }
}

impl OomHandler for OomHandlerImpl {
    fn handle_oom(talc: &mut Talc<Self>, _layout: core::alloc::Layout) -> Result<(), ()> {
  ef2180:	48 81 ec e8 00 00 00 	sub    $0xe8,%rsp
  ef2187:	48 89 f8             	mov    %rdi,%rax
  ef218a:	48 89 44 24 20       	mov    %rax,0x20(%rsp)
  ef218f:	48 89 44 24 70       	mov    %rax,0x70(%rsp)
  ef2194:	48 89 74 24 78       	mov    %rsi,0x78(%rsp)
  ef2199:	48 89 94 24 80 00 00 	mov    %rdx,0x80(%rsp)
  ef21a0:	00 
        let current_heap = talc.oom_handler.0;
  ef21a1:	48 8b 38             	mov    (%rax),%rdi
  ef21a4:	48 89 7c 24 28       	mov    %rdi,0x28(%rsp)
  ef21a9:	48 8b 70 08          	mov    0x8(%rax),%rsi
  ef21ad:	48 89 74 24 30       	mov    %rsi,0x30(%rsp)
  ef21b2:	48 89 bc 24 88 00 00 	mov    %rdi,0x88(%rsp)
  ef21b9:	00 
  ef21ba:	48 89 b4 24 90 00 00 	mov    %rsi,0x90(%rsp)
  ef21c1:	00 

        if current_heap.is_empty() {
  ef21c2:	e8 e9 69 00 00       	call   ef8bb0 <_ZN4talc4span4Span8is_empty17h61c3c453b89946b8E>
  ef21c7:	a8 01                	test   $0x1,%al
  ef21c9:	0f 85 af 00 00 00    	jne    ef227e <_ZN82_$LT$common_std..heap..OomHandlerImpl$u20$as$u20$talc..oom_handler..OomHandler$GT$10handle_oom17h335fcb070cdfe695E+0xfe>
  ef21cf:	48 8b 54 24 30       	mov    0x30(%rsp),%rdx
  ef21d4:	48 8b 74 24 28       	mov    0x28(%rsp),%rsi
  ef21d9:	48 8d 7c 24 58       	lea    0x58(%rsp),%rdi
            malloc(HEAP_START, ONCE_ALLOCATION_SIZE);
            let new_heap = Span::from_base_size(HEAP_START as *mut u8, ONCE_ALLOCATION_SIZE);
            unsafe { talc.claim(new_heap).unwrap() };
            talc.oom_handler.0 = new_heap;
        } else {
            let (_, current_end) = current_heap.get_base_acme().unwrap();
  ef21de:	e8 1d 66 00 00       	call   ef8800 <_ZN4talc4span4Span13get_base_acme17he3f7b6ad87d4bd4dE>
        match self {
  ef21e3:	48 f7 44 24 58 01 00 	testq  $0x1,0x58(%rsp)
  ef21ea:	00 00 
  ef21ec:	75 0c                	jne    ef21fa <_ZN82_$LT$common_std..heap..OomHandlerImpl$u20$as$u20$talc..oom_handler..OomHandler$GT$10handle_oom17h335fcb070cdfe695E+0x7a>
            None => unwrap_failed(),
  ef21ee:	48 c7 c7 20 cd ee 00 	mov    $0xeecd20,%rdi
  ef21f5:	e8 86 9c 00 00       	call   efbe80 <_ZN4core6option13unwrap_failed17h11d2601d11e4d7b2E>
            Some(val) => val,
  ef21fa:	48 8b 44 24 60       	mov    0x60(%rsp),%rax
  ef21ff:	48 8b 7c 24 68       	mov    0x68(%rsp),%rdi
  ef2204:	48 89 84 24 c0 00 00 	mov    %rax,0xc0(%rsp)
  ef220b:	00 
  ef220c:	48 89 bc 24 c8 00 00 	mov    %rdi,0xc8(%rsp)
  ef2213:	00 
  ef2214:	48 89 bc 24 98 00 00 	mov    %rdi,0x98(%rsp)
  ef221b:	00 
  ef221c:	be 00 00 10 00       	mov    $0x100000,%esi
            malloc(current_end as usize, ONCE_ALLOCATION_SIZE);
  ef2221:	e8 2a 01 00 00       	call   ef2350 <_ZN10common_std4heap6malloc17h60638215bf063344E>
  ef2226:	48 8b 7c 24 28       	mov    0x28(%rsp),%rdi
  ef222b:	48 8b 74 24 30       	mov    0x30(%rsp),%rsi
            let new_heap = current_heap.extend(0, ONCE_ALLOCATION_SIZE);
  ef2230:	31 c0                	xor    %eax,%eax
  ef2232:	31 c0                	xor    %eax,%eax
  ef2234:	89 c2                	mov    %eax,%edx
  ef2236:	b9 00 00 10 00       	mov    $0x100000,%ecx
  ef223b:	e8 c0 67 00 00       	call   ef8a00 <_ZN4talc4span4Span6extend17ha3c8975ab51c7892E>
  ef2240:	48 8b 74 24 28       	mov    0x28(%rsp),%rsi
  ef2245:	48 8b 7c 24 20       	mov    0x20(%rsp),%rdi
  ef224a:	48 89 c1             	mov    %rax,%rcx
  ef224d:	49 89 d0             	mov    %rdx,%r8
  ef2250:	48 8b 54 24 30       	mov    0x30(%rsp),%rdx
  ef2255:	48 89 8c 24 a0 00 00 	mov    %rcx,0xa0(%rsp)
  ef225c:	00 
  ef225d:	4c 89 84 24 a8 00 00 	mov    %r8,0xa8(%rsp)
  ef2264:	00 
            talc.oom_handler.0 = unsafe { talc.extend(current_heap, new_heap) };
  ef2265:	e8 c6 4d 00 00       	call   ef7030 <_ZN4talc4talc13Talc$LT$O$GT$6extend17hcfb2f09ab930db6cE>
  ef226a:	48 89 c1             	mov    %rax,%rcx
  ef226d:	48 8b 44 24 20       	mov    0x20(%rsp),%rax
  ef2272:	48 89 08             	mov    %rcx,(%rax)
  ef2275:	48 89 50 08          	mov    %rdx,0x8(%rax)
        if current_heap.is_empty() {
  ef2279:	e9 b6 00 00 00       	jmp    ef2334 <_ZN82_$LT$common_std..heap..OomHandlerImpl$u20$as$u20$talc..oom_handler..OomHandler$GT$10handle_oom17h335fcb070cdfe695E+0x1b4>
  ef227e:	bf 00 00 00 20       	mov    $0x20000000,%edi
  ef2283:	be 00 00 10 00       	mov    $0x100000,%esi
            malloc(HEAP_START, ONCE_ALLOCATION_SIZE);
  ef2288:	e8 c3 00 00 00       	call   ef2350 <_ZN10common_std4heap6malloc17h60638215bf063344E>
  ef228d:	bf 00 00 00 20       	mov    $0x20000000,%edi
  ef2292:	be 00 00 10 00       	mov    $0x100000,%esi
            let new_heap = Span::from_base_size(HEAP_START as *mut u8, ONCE_ALLOCATION_SIZE);
  ef2297:	e8 e4 65 00 00       	call   ef8880 <_ZN4talc4span4Span14from_base_size17hea8889bb92177112E>
  ef229c:	48 8b 74 24 20       	mov    0x20(%rsp),%rsi
  ef22a1:	48 89 44 24 08       	mov    %rax,0x8(%rsp)
  ef22a6:	48 89 d1             	mov    %rdx,%rcx
  ef22a9:	48 8b 54 24 08       	mov    0x8(%rsp),%rdx
  ef22ae:	48 89 4c 24 10       	mov    %rcx,0x10(%rsp)
  ef22b3:	48 89 54 24 18       	mov    %rdx,0x18(%rsp)
  ef22b8:	48 89 94 24 b0 00 00 	mov    %rdx,0xb0(%rsp)
  ef22bf:	00 
  ef22c0:	48 89 8c 24 b8 00 00 	mov    %rcx,0xb8(%rsp)
  ef22c7:	00 
  ef22c8:	48 8d 7c 24 40       	lea    0x40(%rsp),%rdi
            unsafe { talc.claim(new_heap).unwrap() };
  ef22cd:	e8 5e 48 00 00       	call   ef6b30 <_ZN4talc4talc13Talc$LT$O$GT$5claim17h61e5adcee940ac2dE>
        match self {
  ef22d2:	48 f7 44 24 40 01 00 	testq  $0x1,0x40(%rsp)
  ef22d9:	00 00 
  ef22db:	74 27                	je     ef2304 <_ZN82_$LT$common_std..heap..OomHandlerImpl$u20$as$u20$talc..oom_handler..OomHandler$GT$10handle_oom17h335fcb070cdfe695E+0x184>
            Err(e) => unwrap_failed("called `Result::unwrap()` on an `Err` value", &e),
  ef22dd:	48 c7 c7 b0 cc ee 00 	mov    $0xeeccb0,%rdi
  ef22e4:	48 c7 c1 90 cc ee 00 	mov    $0xeecc90,%rcx
  ef22eb:	49 c7 c0 38 cd ee 00 	mov    $0xeecd38,%r8
  ef22f2:	be 2b 00 00 00       	mov    $0x2b,%esi
  ef22f7:	48 8d 94 24 d7 00 00 	lea    0xd7(%rsp),%rdx
  ef22fe:	00 
  ef22ff:	e8 7c 9e 00 00       	call   efc180 <_ZN4core6result13unwrap_failed17h6f6c330032cb9c63E>
  ef2304:	48 8b 44 24 20       	mov    0x20(%rsp),%rax
  ef2309:	48 8b 4c 24 10       	mov    0x10(%rsp),%rcx
  ef230e:	48 8b 54 24 18       	mov    0x18(%rsp),%rdx
            Ok(t) => t,
  ef2313:	48 8b 7c 24 48       	mov    0x48(%rsp),%rdi
  ef2318:	48 8b 74 24 50       	mov    0x50(%rsp),%rsi
  ef231d:	48 89 bc 24 d8 00 00 	mov    %rdi,0xd8(%rsp)
  ef2324:	00 
  ef2325:	48 89 b4 24 e0 00 00 	mov    %rsi,0xe0(%rsp)
  ef232c:	00 
            talc.oom_handler.0 = new_heap;
  ef232d:	48 89 10             	mov    %rdx,(%rax)
  ef2330:	48 89 48 08          	mov    %rcx,0x8(%rax)
        }

        Ok(())
  ef2334:	c6 44 24 3f 00       	movb   $0x0,0x3f(%rsp)
    }
  ef2339:	8a 44 24 3f          	mov    0x3f(%rsp),%al
  ef233d:	24 01                	and    $0x1,%al
  ef233f:	48 81 c4 e8 00 00 00 	add    $0xe8,%rsp
  ef2346:	c3                   	ret
  ef2347:	cc                   	int3
  ef2348:	cc                   	int3
  ef2349:	cc                   	int3
  ef234a:	cc                   	int3
  ef234b:	cc                   	int3
  ef234c:	cc                   	int3
  ef234d:	cc                   	int3
  ef234e:	cc                   	int3
  ef234f:	cc                   	int3

0000000000ef2350 <_ZN10common_std4heap6malloc17h60638215bf063344E>:
        ONCE_ALLOCATION_SIZE * 8,
    )
    .unwrap()
});

fn malloc(start: usize, size: usize) {
  ef2350:	48 81 ec 38 01 00 00 	sub    $0x138,%rsp
  ef2357:	48 89 74 24 30       	mov    %rsi,0x30(%rsp)
  ef235c:	48 89 7c 24 38       	mov    %rdi,0x38(%rsp)
  ef2361:	48 89 bc 24 a8 00 00 	mov    %rdi,0xa8(%rsp)
  ef2368:	00 
  ef2369:	48 89 b4 24 b0 00 00 	mov    %rsi,0xb0(%rsp)
  ef2370:	00 
    let page_count = (size + 4095) / 4096;
  ef2371:	48 81 c6 ff 0f 00 00 	add    $0xfff,%rsi
  ef2378:	48 89 74 24 40       	mov    %rsi,0x40(%rsp)
  ef237d:	0f 92 c0             	setb   %al
  ef2380:	0f 82 bb 00 00 00    	jb     ef2441 <_ZN10common_std4heap6malloc17h60638215bf063344E+0xf1>
  ef2386:	48 8b 44 24 40       	mov    0x40(%rsp),%rax
  ef238b:	48 c1 e8 0c          	shr    $0xc,%rax
  ef238f:	48 89 44 24 20       	mov    %rax,0x20(%rsp)
  ef2394:	48 89 84 24 b8 00 00 	mov    %rax,0xb8(%rsp)
  ef239b:	00 

    let virtual_memory = HEAP_MEMORY
  ef239c:	48 c7 c7 80 ff ef 00 	mov    $0xefff80,%rdi
  ef23a3:	e8 18 80 00 00       	call   efa3c0 <_ZN77_$LT$spin..lazy..Lazy$LT$T$C$F$C$R$GT$$u20$as$u20$core..ops..deref..Deref$GT$5deref17h07d68b31ccc3e331E>
  ef23a8:	48 89 44 24 28       	mov    %rax,0x28(%rsp)
        .create_child(
            (start - HEAP_MEMORY.start_address().unwrap()) / 4096,
  ef23ad:	48 c7 c7 80 ff ef 00 	mov    $0xefff80,%rdi
  ef23b4:	e8 07 80 00 00       	call   efa3c0 <_ZN77_$LT$spin..lazy..Lazy$LT$T$C$F$C$R$GT$$u20$as$u20$core..ops..deref..Deref$GT$5deref17h07d68b31ccc3e331E>
  ef23b9:	48 89 c7             	mov    %rax,%rdi
  ef23bc:	e8 ff 74 00 00       	call   ef98c0 <_ZN10common_std6memory13VirtualMemory13start_address17h2b6b7e858ad4fedfE>
  ef23c1:	48 89 84 24 18 01 00 	mov    %rax,0x118(%rsp)
  ef23c8:	00 
  ef23c9:	48 89 94 24 20 01 00 	mov    %rdx,0x120(%rsp)
  ef23d0:	00 
        match self {
  ef23d1:	48 f7 84 24 18 01 00 	testq  $0x1,0x118(%rsp)
  ef23d8:	00 01 00 00 00 
  ef23dd:	74 37                	je     ef2416 <_ZN10common_std4heap6malloc17h60638215bf063344E+0xc6>
            Err(e) => unwrap_failed("called `Result::unwrap()` on an `Err` value", &e),
  ef23df:	48 8b 84 24 20 01 00 	mov    0x120(%rsp),%rax
  ef23e6:	00 
  ef23e7:	48 89 84 24 28 01 00 	mov    %rax,0x128(%rsp)
  ef23ee:	00 
  ef23ef:	48 c7 c7 b0 cc ee 00 	mov    $0xeeccb0,%rdi
  ef23f6:	48 c7 c1 e0 cc ee 00 	mov    $0xeecce0,%rcx
  ef23fd:	49 c7 c0 68 cd ee 00 	mov    $0xeecd68,%r8
  ef2404:	be 2b 00 00 00       	mov    $0x2b,%esi
  ef2409:	48 8d 94 24 28 01 00 	lea    0x128(%rsp),%rdx
  ef2410:	00 
  ef2411:	e8 6a 9d 00 00       	call   efc180 <_ZN4core6result13unwrap_failed17h6f6c330032cb9c63E>
  ef2416:	48 8b 44 24 38       	mov    0x38(%rsp),%rax
            Ok(t) => t,
  ef241b:	48 8b 8c 24 20 01 00 	mov    0x120(%rsp),%rcx
  ef2422:	00 
  ef2423:	48 89 8c 24 30 01 00 	mov    %rcx,0x130(%rsp)
  ef242a:	00 
  ef242b:	48 89 c2             	mov    %rax,%rdx
  ef242e:	48 29 ca             	sub    %rcx,%rdx
  ef2431:	48 89 54 24 18       	mov    %rdx,0x18(%rsp)
  ef2436:	48 39 c8             	cmp    %rcx,%rax
  ef2439:	0f 82 96 00 00 00    	jb     ef24d5 <_ZN10common_std4heap6malloc17h60638215bf063344E+0x185>
  ef243f:	eb 0c                	jmp    ef244d <_ZN10common_std4heap6malloc17h60638215bf063344E+0xfd>
    let page_count = (size + 4095) / 4096;
  ef2441:	48 c7 c7 50 cd ee 00 	mov    $0xeecd50,%rdi
  ef2448:	e8 d3 b1 00 00       	call   efd620 <_ZN4core9panicking11panic_const24panic_const_add_overflow17h2e8a9d29e7403df8E>
  ef244d:	48 8b 4c 24 20       	mov    0x20(%rsp),%rcx
  ef2452:	48 8b 74 24 28       	mov    0x28(%rsp),%rsi
  ef2457:	48 8b 54 24 18       	mov    0x18(%rsp),%rdx
            (start - HEAP_MEMORY.start_address().unwrap()) / 4096,
  ef245c:	48 c1 ea 0c          	shr    $0xc,%rdx
  ef2460:	48 8d 7c 24 50       	lea    0x50(%rsp),%rdi
    let virtual_memory = HEAP_MEMORY
  ef2465:	e8 c6 74 00 00       	call   ef9930 <_ZN10common_std6memory13VirtualMemory12create_child17hbc1ecc544d612108E>
        match self {
  ef246a:	8b 44 24 50          	mov    0x50(%rsp),%eax
  ef246e:	48 a9 01 00 00 00    	test   $0x1,%rax
  ef2474:	74 34                	je     ef24aa <_ZN10common_std4heap6malloc17h60638215bf063344E+0x15a>
            Err(e) => unwrap_failed("called `Result::unwrap()` on an `Err` value", &e),
  ef2476:	48 8b 44 24 58       	mov    0x58(%rsp),%rax
  ef247b:	48 89 84 24 08 01 00 	mov    %rax,0x108(%rsp)
  ef2482:	00 
  ef2483:	48 c7 c7 b0 cc ee 00 	mov    $0xeeccb0,%rdi
  ef248a:	48 c7 c1 e0 cc ee 00 	mov    $0xeecce0,%rcx
  ef2491:	49 c7 c0 98 cd ee 00 	mov    $0xeecd98,%r8
  ef2498:	be 2b 00 00 00       	mov    $0x2b,%esi
  ef249d:	48 8d 94 24 08 01 00 	lea    0x108(%rsp),%rdx
  ef24a4:	00 
  ef24a5:	e8 d6 9c 00 00       	call   efc180 <_ZN4core6result13unwrap_failed17h6f6c330032cb9c63E>
  ef24aa:	48 8b 74 24 20       	mov    0x20(%rsp),%rsi
            Ok(t) => t,
  ef24af:	8b 44 24 54          	mov    0x54(%rsp),%eax
  ef24b3:	89 84 24 14 01 00 00 	mov    %eax,0x114(%rsp)
  ef24ba:	89 44 24 4c          	mov    %eax,0x4c(%rsp)
            page_count,
        )
        .unwrap();

    for count in 0..page_count {
  ef24be:	31 c0                	xor    %eax,%eax
  ef24c0:	31 c0                	xor    %eax,%eax
  ef24c2:	89 c7                	mov    %eax,%edi
  ef24c4:	e8 47 8b 00 00       	call   efb010 <_ZN63_$LT$I$u20$as$u20$core..iter..traits..collect..IntoIterator$GT$9into_iter17h250305abd2272865E>
  ef24c9:	48 89 44 24 60       	mov    %rax,0x60(%rsp)
  ef24ce:	48 89 54 24 68       	mov    %rdx,0x68(%rsp)
  ef24d3:	eb 0c                	jmp    ef24e1 <_ZN10common_std4heap6malloc17h60638215bf063344E+0x191>
            (start - HEAP_MEMORY.start_address().unwrap()) / 4096,
  ef24d5:	48 c7 c7 80 cd ee 00 	mov    $0xeecd80,%rdi
  ef24dc:	e8 7f b1 00 00       	call   efd660 <_ZN4core9panicking11panic_const24panic_const_sub_overflow17h38d790166b4890c1E>
  ef24e1:	48 8d 7c 24 60       	lea    0x60(%rsp),%rdi
    for count in 0..page_count {
  ef24e6:	e8 95 89 00 00       	call   efae80 <_ZN4core4iter5range101_$LT$impl$u20$core..iter..traits..iterator..Iterator$u20$for$u20$core..ops..range..Range$LT$A$GT$$GT$4next17h479b948ab7270358E>
  ef24eb:	48 89 44 24 70       	mov    %rax,0x70(%rsp)
  ef24f0:	48 89 54 24 78       	mov    %rdx,0x78(%rsp)
  ef24f5:	48 f7 44 24 70 01 00 	testq  $0x1,0x70(%rsp)
  ef24fc:	00 00 
  ef24fe:	0f 84 22 01 00 00    	je     ef2626 <_ZN10common_std4heap6malloc17h60638215bf063344E+0x2d6>
  ef2504:	48 8b 44 24 78       	mov    0x78(%rsp),%rax
  ef2509:	48 89 44 24 10       	mov    %rax,0x10(%rsp)
  ef250e:	48 89 84 24 c0 00 00 	mov    %rax,0xc0(%rsp)
  ef2515:	00 
  ef2516:	48 8d bc 24 80 00 00 	lea    0x80(%rsp),%rdi
  ef251d:	00 
  ef251e:	be 01 00 00 00       	mov    $0x1,%esi
        let physical_memory = PhysicalMemory::create(1).unwrap();
  ef2523:	e8 f8 75 00 00       	call   ef9b20 <_ZN10common_std6memory14PhysicalMemory6create17hc67849b0accdb33aE>
        match self {
  ef2528:	8b 84 24 80 00 00 00 	mov    0x80(%rsp),%eax
  ef252f:	48 a9 01 00 00 00    	test   $0x1,%rax
  ef2535:	74 37                	je     ef256e <_ZN10common_std4heap6malloc17h60638215bf063344E+0x21e>
            Err(e) => unwrap_failed("called `Result::unwrap()` on an `Err` value", &e),
  ef2537:	48 8b 84 24 88 00 00 	mov    0x88(%rsp),%rax
  ef253e:	00 
  ef253f:	48 89 84 24 e8 00 00 	mov    %rax,0xe8(%rsp)
  ef2546:	00 
  ef2547:	48 c7 c7 b0 cc ee 00 	mov    $0xeeccb0,%rdi
  ef254e:	48 c7 c1 e0 cc ee 00 	mov    $0xeecce0,%rcx
  ef2555:	49 c7 c0 b0 cd ee 00 	mov    $0xeecdb0,%r8
  ef255c:	be 2b 00 00 00       	mov    $0x2b,%esi
  ef2561:	48 8d 94 24 e8 00 00 	lea    0xe8(%rsp),%rdx
  ef2568:	00 
  ef2569:	e8 12 9c 00 00       	call   efc180 <_ZN4core6result13unwrap_failed17h6f6c330032cb9c63E>
  ef256e:	48 8b 54 24 10       	mov    0x10(%rsp),%rdx
            Ok(t) => t,
  ef2573:	8b 84 24 84 00 00 00 	mov    0x84(%rsp),%eax
  ef257a:	89 44 24 0c          	mov    %eax,0xc(%rsp)
  ef257e:	89 84 24 f4 00 00 00 	mov    %eax,0xf4(%rsp)
  ef2585:	89 84 24 c8 00 00 00 	mov    %eax,0xc8(%rsp)
  ef258c:	48 8d bc 24 98 00 00 	lea    0x98(%rsp),%rdi
  ef2593:	00 
  ef2594:	48 8d 74 24 4c       	lea    0x4c(%rsp),%rsi
  ef2599:	b9 01 00 00 00       	mov    $0x1,%ecx
        let child = virtual_memory.create_child(count, 1).unwrap();
  ef259e:	e8 8d 73 00 00       	call   ef9930 <_ZN10common_std6memory13VirtualMemory12create_child17hbc1ecc544d612108E>
        match self {
  ef25a3:	8b 84 24 98 00 00 00 	mov    0x98(%rsp),%eax
  ef25aa:	48 a9 01 00 00 00    	test   $0x1,%rax
  ef25b0:	74 37                	je     ef25e9 <_ZN10common_std4heap6malloc17h60638215bf063344E+0x299>
            Err(e) => unwrap_failed("called `Result::unwrap()` on an `Err` value", &e),
  ef25b2:	48 8b 84 24 a0 00 00 	mov    0xa0(%rsp),%rax
  ef25b9:	00 
  ef25ba:	48 89 84 24 f8 00 00 	mov    %rax,0xf8(%rsp)
  ef25c1:	00 
  ef25c2:	48 c7 c7 b0 cc ee 00 	mov    $0xeeccb0,%rdi
  ef25c9:	48 c7 c1 e0 cc ee 00 	mov    $0xeecce0,%rcx
  ef25d0:	49 c7 c0 c8 cd ee 00 	mov    $0xeecdc8,%r8
  ef25d7:	be 2b 00 00 00       	mov    $0x2b,%esi
  ef25dc:	48 8d 94 24 f8 00 00 	lea    0xf8(%rsp),%rdx
  ef25e3:	00 
  ef25e4:	e8 97 9b 00 00       	call   efc180 <_ZN4core6result13unwrap_failed17h6f6c330032cb9c63E>
            Ok(t) => t,
  ef25e9:	8b 84 24 9c 00 00 00 	mov    0x9c(%rsp),%eax
  ef25f0:	89 84 24 04 01 00 00 	mov    %eax,0x104(%rsp)
  ef25f7:	89 84 24 94 00 00 00 	mov    %eax,0x94(%rsp)
  ef25fe:	bf 04 00 00 00       	mov    $0x4,%edi
  ef2603:	be 08 00 00 00       	mov    $0x8,%esi
        //let _ = child.unmap();
        let _ = child.map(physical_memory, MMUFlags::READ | MMUFlags::WRITE);
  ef2608:	e8 43 77 00 00       	call   ef9d50 <_ZN10common_std6memory1_80_$LT$impl$u20$core..ops..bit..BitOr$u20$for$u20$common_std..memory..MMUFlags$GT$5bitor17h7c463ecf3454e0b5E>
  ef260d:	8b 74 24 0c          	mov    0xc(%rsp),%esi
  ef2611:	48 89 c2             	mov    %rax,%rdx
  ef2614:	48 8d bc 24 94 00 00 	lea    0x94(%rsp),%rdi
  ef261b:	00 
  ef261c:	e8 ef 75 00 00       	call   ef9c10 <_ZN10common_std6memory13VirtualMemory3map17h459a92c2a6837923E>
  ef2621:	e9 bb fe ff ff       	jmp    ef24e1 <_ZN10common_std4heap6malloc17h60638215bf063344E+0x191>
  ef2626:	48 8b 44 24 30       	mov    0x30(%rsp),%rax
  ef262b:	48 8b 7c 24 38       	mov    0x38(%rsp),%rdi
  ef2630:	48 89 bc 24 d0 00 00 	mov    %rdi,0xd0(%rsp)
  ef2637:	00 
  ef2638:	c6 84 24 df 00 00 00 	movb   $0x0,0xdf(%rsp)
  ef263f:	00 
  ef2640:	48 89 84 24 e0 00 00 	mov    %rax,0xe0(%rsp)
  ef2647:	00 
            check_language_ub,
            "ptr::write_bytes requires that the destination pointer is aligned and non-null",
            (
                addr: *const () = dst as *const (),
                align: usize = align_of::<T>(),
                zero_size: bool = T::IS_ZST || count == 0,
  ef2648:	48 83 f8 00          	cmp    $0x0,%rax
  ef264c:	0f 94 c0             	sete   %al
  ef264f:	24 01                	and    $0x1,%al
  ef2651:	88 84 24 cf 00 00 00 	mov    %al,0xcf(%rsp)
                precondition_check($($arg,)*);
  ef2658:	8a 84 24 cf 00 00 00 	mov    0xcf(%rsp),%al
  ef265f:	0f b6 d0             	movzbl %al,%edx
  ef2662:	83 e2 01             	and    $0x1,%edx
  ef2665:	be 01 00 00 00       	mov    $0x1,%esi
  ef266a:	e8 d1 01 00 00       	call   ef2840 <_ZN4core10intrinsics11write_bytes18precondition_check17h0a099d5ca55dd9f3E>
  ef266f:	48 8b 7c 24 38       	mov    0x38(%rsp),%rdi
  ef2674:	48 8b 54 24 30       	mov    0x30(%rsp),%rdx
            ) => ub_checks::maybe_is_aligned_and_not_null(addr, align, zero_size)
        );
        write_bytes(dst, val, count)
  ef2679:	31 c0                	xor    %eax,%eax
  ef267b:	31 f6                	xor    %esi,%esi
  ef267d:	48 8b 05 94 c8 00 00 	mov    0xc894(%rip),%rax        # efef18 <memcpy+0x1298>
  ef2684:	ff d0                	call   *%rax
    //crate::debug::debug("good\n").unwrap();

    unsafe {
        core::ptr::write_bytes(start as *mut u8, 0, size);
    }
}
  ef2686:	48 81 c4 38 01 00 00 	add    $0x138,%rsp
  ef268d:	c3                   	ret
  ef268e:	cc                   	int3
  ef268f:	cc                   	int3

0000000000ef2690 <_RNvCs3T2uyX70NBl_7___rustc12___rust_alloc>:
static ALLOCATOR: Talck<spin::Mutex<()>, OomHandlerImpl> =
  ef2690:	48 83 ec 18          	sub    $0x18,%rsp
  ef2694:	48 89 7c 24 08       	mov    %rdi,0x8(%rsp)
  ef2699:	48 89 74 24 10       	mov    %rsi,0x10(%rsp)
  ef269e:	e8 3d 6f 00 00       	call   ef95e0 <_ZN4core5alloc6layout6Layout25from_size_align_unchecked17h313c75951abe34eaE>
  ef26a3:	48 89 c6             	mov    %rax,%rsi
  ef26a6:	48 c7 c7 90 ff ef 00 	mov    $0xefff90,%rdi
  ef26ad:	e8 ae 07 00 00       	call   ef2e60 <_ZN84_$LT$talc..talck..Talck$LT$R$C$O$GT$$u20$as$u20$core..alloc..global..GlobalAlloc$GT$5alloc17h4b924059fb2607c8E>
    Talc::new(OomHandlerImpl::default()).lock();
  ef26b2:	48 83 c4 18          	add    $0x18,%rsp
  ef26b6:	c3                   	ret
  ef26b7:	cc                   	int3
  ef26b8:	cc                   	int3
  ef26b9:	cc                   	int3
  ef26ba:	cc                   	int3
  ef26bb:	cc                   	int3
  ef26bc:	cc                   	int3
  ef26bd:	cc                   	int3
  ef26be:	cc                   	int3
  ef26bf:	cc                   	int3

0000000000ef26c0 <_RNvCs3T2uyX70NBl_7___rustc14___rust_dealloc>:
static ALLOCATOR: Talck<spin::Mutex<()>, OomHandlerImpl> =
  ef26c0:	48 83 ec 38          	sub    $0x38,%rsp
  ef26c4:	48 89 14 24          	mov    %rdx,(%rsp)
  ef26c8:	48 89 f0             	mov    %rsi,%rax
  ef26cb:	48 8b 34 24          	mov    (%rsp),%rsi
  ef26cf:	48 89 44 24 08       	mov    %rax,0x8(%rsp)
  ef26d4:	48 89 f8             	mov    %rdi,%rax
  ef26d7:	48 8b 7c 24 08       	mov    0x8(%rsp),%rdi
  ef26dc:	48 89 44 24 10       	mov    %rax,0x10(%rsp)
  ef26e1:	48 89 44 24 20       	mov    %rax,0x20(%rsp)
  ef26e6:	48 89 7c 24 28       	mov    %rdi,0x28(%rsp)
  ef26eb:	48 89 74 24 30       	mov    %rsi,0x30(%rsp)
  ef26f0:	e8 eb 6e 00 00       	call   ef95e0 <_ZN4core5alloc6layout6Layout25from_size_align_unchecked17h313c75951abe34eaE>
  ef26f5:	48 8b 74 24 10       	mov    0x10(%rsp),%rsi
  ef26fa:	48 89 44 24 18       	mov    %rax,0x18(%rsp)
  ef26ff:	48 89 d1             	mov    %rdx,%rcx
  ef2702:	48 8b 54 24 18       	mov    0x18(%rsp),%rdx
  ef2707:	48 c7 c7 90 ff ef 00 	mov    $0xefff90,%rdi
  ef270e:	e8 dd 07 00 00       	call   ef2ef0 <_ZN84_$LT$talc..talck..Talck$LT$R$C$O$GT$$u20$as$u20$core..alloc..global..GlobalAlloc$GT$7dealloc17h66262840293e733bE>
    Talc::new(OomHandlerImpl::default()).lock();
  ef2713:	48 83 c4 38          	add    $0x38,%rsp
  ef2717:	c3                   	ret
  ef2718:	cc                   	int3
  ef2719:	cc                   	int3
  ef271a:	cc                   	int3
  ef271b:	cc                   	int3
  ef271c:	cc                   	int3
  ef271d:	cc                   	int3
  ef271e:	cc                   	int3
  ef271f:	cc                   	int3

0000000000ef2720 <_RNvCs3T2uyX70NBl_7___rustc14___rust_realloc>:
static ALLOCATOR: Talck<spin::Mutex<()>, OomHandlerImpl> =
  ef2720:	48 83 ec 48          	sub    $0x48,%rsp
  ef2724:	48 89 4c 24 18       	mov    %rcx,0x18(%rsp)
  ef2729:	48 89 14 24          	mov    %rdx,(%rsp)
  ef272d:	48 89 f0             	mov    %rsi,%rax
  ef2730:	48 8b 34 24          	mov    (%rsp),%rsi
  ef2734:	48 89 44 24 08       	mov    %rax,0x8(%rsp)
  ef2739:	48 89 f8             	mov    %rdi,%rax
  ef273c:	48 8b 7c 24 08       	mov    0x8(%rsp),%rdi
  ef2741:	48 89 44 24 10       	mov    %rax,0x10(%rsp)
  ef2746:	48 89 44 24 28       	mov    %rax,0x28(%rsp)
  ef274b:	48 89 7c 24 30       	mov    %rdi,0x30(%rsp)
  ef2750:	48 89 74 24 38       	mov    %rsi,0x38(%rsp)
  ef2755:	48 89 4c 24 40       	mov    %rcx,0x40(%rsp)
  ef275a:	e8 81 6e 00 00       	call   ef95e0 <_ZN4core5alloc6layout6Layout25from_size_align_unchecked17h313c75951abe34eaE>
  ef275f:	48 8b 74 24 10       	mov    0x10(%rsp),%rsi
  ef2764:	4c 8b 44 24 18       	mov    0x18(%rsp),%r8
  ef2769:	48 89 44 24 20       	mov    %rax,0x20(%rsp)
  ef276e:	48 89 d1             	mov    %rdx,%rcx
  ef2771:	48 8b 54 24 20       	mov    0x20(%rsp),%rdx
  ef2776:	48 c7 c7 90 ff ef 00 	mov    $0xefff90,%rdi
  ef277d:	e8 de 07 00 00       	call   ef2f60 <_ZN84_$LT$talc..talck..Talck$LT$R$C$O$GT$$u20$as$u20$core..alloc..global..GlobalAlloc$GT$7realloc17h586ac015c9ba4a7aE>
    Talc::new(OomHandlerImpl::default()).lock();
  ef2782:	48 83 c4 48          	add    $0x48,%rsp
  ef2786:	c3                   	ret
  ef2787:	cc                   	int3
  ef2788:	cc                   	int3
  ef2789:	cc                   	int3
  ef278a:	cc                   	int3
  ef278b:	cc                   	int3
  ef278c:	cc                   	int3
  ef278d:	cc                   	int3
  ef278e:	cc                   	int3
  ef278f:	cc                   	int3

0000000000ef2790 <_RNvCs3T2uyX70NBl_7___rustc19___rust_alloc_zeroed>:
static ALLOCATOR: Talck<spin::Mutex<()>, OomHandlerImpl> =
  ef2790:	48 83 ec 18          	sub    $0x18,%rsp
  ef2794:	48 89 7c 24 08       	mov    %rdi,0x8(%rsp)
  ef2799:	48 89 74 24 10       	mov    %rsi,0x10(%rsp)
  ef279e:	e8 3d 6e 00 00       	call   ef95e0 <_ZN4core5alloc6layout6Layout25from_size_align_unchecked17h313c75951abe34eaE>
  ef27a3:	48 89 c6             	mov    %rax,%rsi
  ef27a6:	48 c7 c7 90 ff ef 00 	mov    $0xefff90,%rdi
  ef27ad:	e8 fe 05 00 00       	call   ef2db0 <_ZN4core5alloc6global11GlobalAlloc12alloc_zeroed17h1597c37c5cfe2aceE>
    Talc::new(OomHandlerImpl::default()).lock();
  ef27b2:	48 83 c4 18          	add    $0x18,%rsp
  ef27b6:	c3                   	ret
  ef27b7:	cc                   	int3
  ef27b8:	cc                   	int3
  ef27b9:	cc                   	int3
  ef27ba:	cc                   	int3
  ef27bb:	cc                   	int3
  ef27bc:	cc                   	int3
  ef27bd:	cc                   	int3
  ef27be:	cc                   	int3
  ef27bf:	cc                   	int3

0000000000ef27c0 <_ZN10common_std4heap19alloc_error_handler17h63ceacaab4be0339E>:
fn alloc_error_handler(layout: core::alloc::Layout) -> ! {
  ef27c0:	48 83 ec 68          	sub    $0x68,%rsp
  ef27c4:	48 89 7c 24 08       	mov    %rdi,0x8(%rsp)
  ef27c9:	48 89 74 24 10       	mov    %rsi,0x10(%rsp)
  ef27ce:	48 8d 7c 24 58       	lea    0x58(%rsp),%rdi
  ef27d3:	48 8d 74 24 08       	lea    0x8(%rsp),%rsi
    panic!("Kernel heap allocation error: {:?}", layout)
  ef27d8:	e8 03 7b 00 00       	call   efa2e0 <_ZN4core3fmt2rt8Argument9new_debug17hb50d3cc68dee74a7E>
  ef27dd:	48 8b 44 24 58       	mov    0x58(%rsp),%rax
  ef27e2:	48 89 44 24 48       	mov    %rax,0x48(%rsp)
  ef27e7:	48 8b 44 24 60       	mov    0x60(%rsp),%rax
  ef27ec:	48 89 44 24 50       	mov    %rax,0x50(%rsp)
  ef27f1:	48 c7 c6 00 ce ee 00 	mov    $0xeece00,%rsi
  ef27f8:	48 8d 7c 24 18       	lea    0x18(%rsp),%rdi
  ef27fd:	48 8d 54 24 48       	lea    0x48(%rsp),%rdx
  ef2802:	e8 f9 84 00 00       	call   efad00 <_ZN4core3fmt9Arguments6new_v117hec31f5346f9bf813E>
  ef2807:	48 c7 c6 10 ce ee 00 	mov    $0xeece10,%rsi
  ef280e:	48 8d 7c 24 18       	lea    0x18(%rsp),%rdi
  ef2813:	e8 a8 97 00 00       	call   efbfc0 <_ZN4core9panicking9panic_fmt17h2982420c32d2353cE>
  ef2818:	cc                   	int3
  ef2819:	cc                   	int3
  ef281a:	cc                   	int3
  ef281b:	cc                   	int3
  ef281c:	cc                   	int3
  ef281d:	cc                   	int3
  ef281e:	cc                   	int3
  ef281f:	cc                   	int3

0000000000ef2820 <_RNvCs3T2uyX70NBl_7___rustc8___rg_oom>:
fn alloc_error_handler(layout: core::alloc::Layout) -> ! {
  ef2820:	48 83 ec 18          	sub    $0x18,%rsp
  ef2824:	48 89 7c 24 08       	mov    %rdi,0x8(%rsp)
  ef2829:	48 89 74 24 10       	mov    %rsi,0x10(%rsp)
  ef282e:	e8 ad 6d 00 00       	call   ef95e0 <_ZN4core5alloc6layout6Layout25from_size_align_unchecked17h313c75951abe34eaE>
  ef2833:	48 89 c7             	mov    %rax,%rdi
  ef2836:	48 89 d6             	mov    %rdx,%rsi
  ef2839:	e8 82 ff ff ff       	call   ef27c0 <_ZN10common_std4heap19alloc_error_handler17h63ceacaab4be0339E>
  ef283e:	cc                   	int3
  ef283f:	cc                   	int3

0000000000ef2840 <_ZN4core10intrinsics11write_bytes18precondition_check17h0a099d5ca55dd9f3E>:
            const fn precondition_check($($name:$ty),*) {
  ef2840:	48 83 ec 78          	sub    $0x78,%rsp
  ef2844:	48 89 f1             	mov    %rsi,%rcx
  ef2847:	48 89 4c 24 08       	mov    %rcx,0x8(%rsp)
  ef284c:	48 89 7c 24 10       	mov    %rdi,0x10(%rsp)
  ef2851:	88 d0                	mov    %dl,%al
  ef2853:	88 44 24 1f          	mov    %al,0x1f(%rsp)
  ef2857:	48 89 7c 24 50       	mov    %rdi,0x50(%rsp)
  ef285c:	48 89 4c 24 58       	mov    %rcx,0x58(%rsp)
  ef2861:	24 01                	and    $0x1,%al
  ef2863:	88 44 24 67          	mov    %al,0x67(%rsp)
    pub const fn new_const<const N: usize>(pieces: &'a [&'static str; N]) -> Self {
  ef2867:	48 c7 44 24 68 58 ce 	movq   $0xeece58,0x68(%rsp)
  ef286e:	ee 00 
  ef2870:	48 89 c8             	mov    %rcx,%rax
  ef2873:	48 d1 e8             	shr    $1,%rax
  ef2876:	48 ba 55 55 55 55 55 	movabs $0x5555555555555555,%rdx
  ef287d:	55 55 55 
  ef2880:	48 21 d0             	and    %rdx,%rax
  ef2883:	48 29 c1             	sub    %rax,%rcx
  ef2886:	48 ba 33 33 33 33 33 	movabs $0x3333333333333333,%rdx
  ef288d:	33 33 33 
  ef2890:	48 89 c8             	mov    %rcx,%rax
  ef2893:	48 21 d0             	and    %rdx,%rax
  ef2896:	48 c1 e9 02          	shr    $0x2,%rcx
  ef289a:	48 21 d1             	and    %rdx,%rcx
  ef289d:	48 01 c8             	add    %rcx,%rax
  ef28a0:	48 89 c1             	mov    %rax,%rcx
  ef28a3:	48 c1 e9 04          	shr    $0x4,%rcx
  ef28a7:	48 01 c8             	add    %rcx,%rax
  ef28aa:	48 b9 0f 0f 0f 0f 0f 	movabs $0xf0f0f0f0f0f0f0f,%rcx
  ef28b1:	0f 0f 0f 
  ef28b4:	48 21 c8             	and    %rcx,%rax
  ef28b7:	48 b9 01 01 01 01 01 	movabs $0x101010101010101,%rcx
  ef28be:	01 01 01 
  ef28c1:	48 0f af c1          	imul   %rcx,%rax
  ef28c5:	48 c1 e8 38          	shr    $0x38,%rax
  ef28c9:	89 44 24 74          	mov    %eax,0x74(%rsp)
        if !align.is_power_of_two() {
  ef28cd:	83 7c 24 74 01       	cmpl   $0x1,0x74(%rsp)
  ef28d2:	75 19                	jne    ef28ed <_ZN4core10intrinsics11write_bytes18precondition_check17h0a099d5ca55dd9f3E+0xad>
  ef28d4:	48 8b 44 24 10       	mov    0x10(%rsp),%rax
  ef28d9:	48 8b 4c 24 08       	mov    0x8(%rsp),%rcx
        self.addr() & (align - 1) == 0
  ef28de:	48 83 e9 01          	sub    $0x1,%rcx
  ef28e2:	48 21 c8             	and    %rcx,%rax
            ptr.is_aligned_to(align) && (is_zst || !ptr.is_null())
  ef28e5:	48 83 f8 00          	cmp    $0x0,%rax
  ef28e9:	74 50                	je     ef293b <_ZN4core10intrinsics11write_bytes18precondition_check17h0a099d5ca55dd9f3E+0xfb>
  ef28eb:	eb 58                	jmp    ef2945 <_ZN4core10intrinsics11write_bytes18precondition_check17h0a099d5ca55dd9f3E+0x105>
        Arguments { pieces, fmt: None, args: &[] }
  ef28ed:	48 c7 44 24 20 58 ce 	movq   $0xeece58,0x20(%rsp)
  ef28f4:	ee 00 
  ef28f6:	48 c7 44 24 28 01 00 	movq   $0x1,0x28(%rsp)
  ef28fd:	00 00 
  ef28ff:	48 8b 0d b2 d9 30 ff 	mov    -0xcf264e(%rip),%rcx        # 2002b8 <_ZN63_$LT$common_std..error..RcError$u20$as$u20$core..fmt..Debug$GT$3fmt17h5af9ecfea329b2e5E-0xcf0988>
  ef2906:	48 8b 05 b3 d9 30 ff 	mov    -0xcf264d(%rip),%rax        # 2002c0 <_ZN63_$LT$common_std..error..RcError$u20$as$u20$core..fmt..Debug$GT$3fmt17h5af9ecfea329b2e5E-0xcf0980>
  ef290d:	48 89 4c 24 40       	mov    %rcx,0x40(%rsp)
  ef2912:	48 89 44 24 48       	mov    %rax,0x48(%rsp)
  ef2917:	b8 08 00 00 00       	mov    $0x8,%eax
  ef291c:	48 89 44 24 30       	mov    %rax,0x30(%rsp)
  ef2921:	48 c7 44 24 38 00 00 	movq   $0x0,0x38(%rsp)
  ef2928:	00 00 
            panic!("is_aligned_to: align is not a power-of-two");
  ef292a:	48 c7 c6 c8 cf ee 00 	mov    $0xeecfc8,%rsi
  ef2931:	48 8d 7c 24 20       	lea    0x20(%rsp),%rdi
  ef2936:	e8 85 96 00 00       	call   efbfc0 <_ZN4core9panicking9panic_fmt17h2982420c32d2353cE>
  ef293b:	8a 44 24 1f          	mov    0x1f(%rsp),%al
  ef293f:	a8 01                	test   $0x1,%al
  ef2941:	75 18                	jne    ef295b <_ZN4core10intrinsics11write_bytes18precondition_check17h0a099d5ca55dd9f3E+0x11b>
  ef2943:	eb 02                	jmp    ef2947 <_ZN4core10intrinsics11write_bytes18precondition_check17h0a099d5ca55dd9f3E+0x107>
            ) => ub_checks::maybe_is_aligned_and_not_null(addr, align, zero_size)
  ef2945:	eb 16                	jmp    ef295d <_ZN4core10intrinsics11write_bytes18precondition_check17h0a099d5ca55dd9f3E+0x11d>
  ef2947:	48 8b 44 24 10       	mov    0x10(%rsp),%rax
                ptr.addr() == 0
  ef294c:	48 83 f8 00          	cmp    $0x0,%rax
  ef2950:	0f 94 c0             	sete   %al
  ef2953:	34 ff                	xor    $0xff,%al
  ef2955:	a8 01                	test   $0x1,%al
  ef2957:	75 15                	jne    ef296e <_ZN4core10intrinsics11write_bytes18precondition_check17h0a099d5ca55dd9f3E+0x12e>
  ef2959:	eb 02                	jmp    ef295d <_ZN4core10intrinsics11write_bytes18precondition_check17h0a099d5ca55dd9f3E+0x11d>
  ef295b:	eb 11                	jmp    ef296e <_ZN4core10intrinsics11write_bytes18precondition_check17h0a099d5ca55dd9f3E+0x12e>
                    ::core::panicking::panic_nounwind(concat!("unsafe precondition(s) violated: ", $message,
  ef295d:	48 c7 c7 68 ce ee 00 	mov    $0xeece68,%rdi
  ef2964:	be e4 00 00 00       	mov    $0xe4,%esi
  ef2969:	e8 22 97 00 00       	call   efc090 <_ZN4core9panicking14panic_nounwind17h73726ac9567abe6cE>
            }
  ef296e:	48 83 c4 78          	add    $0x78,%rsp
  ef2972:	c3                   	ret
  ef2973:	cc                   	int3
  ef2974:	cc                   	int3
  ef2975:	cc                   	int3
  ef2976:	cc                   	int3
  ef2977:	cc                   	int3
  ef2978:	cc                   	int3
  ef2979:	cc                   	int3
  ef297a:	cc                   	int3
  ef297b:	cc                   	int3
  ef297c:	cc                   	int3
  ef297d:	cc                   	int3
  ef297e:	cc                   	int3
  ef297f:	cc                   	int3

0000000000ef2980 <_ZN4core10intrinsics19copy_nonoverlapping18precondition_check17he354c1387521744eE>:
            const fn precondition_check($($name:$ty),*) {
  ef2980:	48 81 ec 18 01 00 00 	sub    $0x118,%rsp
  ef2987:	4c 89 44 24 10       	mov    %r8,0x10(%rsp)
  ef298c:	48 89 4c 24 18       	mov    %rcx,0x18(%rsp)
  ef2991:	48 89 54 24 20       	mov    %rdx,0x20(%rsp)
  ef2996:	48 89 74 24 28       	mov    %rsi,0x28(%rsp)
  ef299b:	48 89 7c 24 30       	mov    %rdi,0x30(%rsp)
  ef29a0:	48 89 bc 24 d0 00 00 	mov    %rdi,0xd0(%rsp)
  ef29a7:	00 
  ef29a8:	48 89 b4 24 d8 00 00 	mov    %rsi,0xd8(%rsp)
  ef29af:	00 
  ef29b0:	48 89 94 24 e0 00 00 	mov    %rdx,0xe0(%rsp)
  ef29b7:	00 
  ef29b8:	48 89 8c 24 e8 00 00 	mov    %rcx,0xe8(%rsp)
  ef29bf:	00 
  ef29c0:	4c 89 84 24 f0 00 00 	mov    %r8,0xf0(%rsp)
  ef29c7:	00 
    pub const fn new_const<const N: usize>(pieces: &'a [&'static str; N]) -> Self {
  ef29c8:	48 c7 84 24 f8 00 00 	movq   $0xeece58,0xf8(%rsp)
  ef29cf:	00 58 ce ee 00 
  ef29d4:	48 c7 84 24 00 01 00 	movq   $0xeece58,0x100(%rsp)
  ef29db:	00 58 ce ee 00 
            let zero_size = count == 0 || size == 0;
  ef29e0:	49 83 f8 00          	cmp    $0x0,%r8
  ef29e4:	0f 85 8c 00 00 00    	jne    ef2a76 <_ZN4core10intrinsics19copy_nonoverlapping18precondition_check17he354c1387521744eE+0xf6>
  ef29ea:	48 8b 4c 24 18       	mov    0x18(%rsp),%rcx
  ef29ef:	c6 44 24 3f 01       	movb   $0x1,0x3f(%rsp)
            ub_checks::maybe_is_aligned_and_not_null(src, align, zero_size)
  ef29f4:	48 89 4c 24 40       	mov    %rcx,0x40(%rsp)
  ef29f9:	8a 44 24 3f          	mov    0x3f(%rsp),%al
  ef29fd:	24 01                	and    $0x1,%al
  ef29ff:	88 44 24 4f          	mov    %al,0x4f(%rsp)
  ef2a03:	48 89 c8             	mov    %rcx,%rax
  ef2a06:	48 d1 e8             	shr    $1,%rax
  ef2a09:	48 ba 55 55 55 55 55 	movabs $0x5555555555555555,%rdx
  ef2a10:	55 55 55 
  ef2a13:	48 21 d0             	and    %rdx,%rax
  ef2a16:	48 29 c1             	sub    %rax,%rcx
  ef2a19:	48 ba 33 33 33 33 33 	movabs $0x3333333333333333,%rdx
  ef2a20:	33 33 33 
  ef2a23:	48 89 c8             	mov    %rcx,%rax
  ef2a26:	48 21 d0             	and    %rdx,%rax
  ef2a29:	48 c1 e9 02          	shr    $0x2,%rcx
  ef2a2d:	48 21 d1             	and    %rdx,%rcx
  ef2a30:	48 01 c8             	add    %rcx,%rax
  ef2a33:	48 89 c1             	mov    %rax,%rcx
  ef2a36:	48 c1 e9 04          	shr    $0x4,%rcx
  ef2a3a:	48 01 c8             	add    %rcx,%rax
  ef2a3d:	48 b9 0f 0f 0f 0f 0f 	movabs $0xf0f0f0f0f0f0f0f,%rcx
  ef2a44:	0f 0f 0f 
  ef2a47:	48 21 c8             	and    %rcx,%rax
  ef2a4a:	48 b9 01 01 01 01 01 	movabs $0x101010101010101,%rcx
  ef2a51:	01 01 01 
  ef2a54:	48 0f af c1          	imul   %rcx,%rax
  ef2a58:	48 c1 e8 38          	shr    $0x38,%rax
  ef2a5c:	89 84 24 9c 00 00 00 	mov    %eax,0x9c(%rsp)
        if !align.is_power_of_two() {
  ef2a63:	83 bc 24 9c 00 00 00 	cmpl   $0x1,0x9c(%rsp)
  ef2a6a:	01 
  ef2a6b:	0f 84 9b 00 00 00    	je     ef2b0c <_ZN4core10intrinsics19copy_nonoverlapping18precondition_check17he354c1387521744eE+0x18c>
  ef2a71:	e9 d9 00 00 00       	jmp    ef2b4f <_ZN4core10intrinsics19copy_nonoverlapping18precondition_check17he354c1387521744eE+0x1cf>
  ef2a76:	48 8b 4c 24 18       	mov    0x18(%rsp),%rcx
  ef2a7b:	48 8b 44 24 20       	mov    0x20(%rsp),%rax
            let zero_size = count == 0 || size == 0;
  ef2a80:	48 83 f8 00          	cmp    $0x0,%rax
  ef2a84:	0f 94 c0             	sete   %al
  ef2a87:	24 01                	and    $0x1,%al
  ef2a89:	88 44 24 3f          	mov    %al,0x3f(%rsp)
            ub_checks::maybe_is_aligned_and_not_null(src, align, zero_size)
  ef2a8d:	48 89 4c 24 40       	mov    %rcx,0x40(%rsp)
  ef2a92:	8a 44 24 3f          	mov    0x3f(%rsp),%al
  ef2a96:	24 01                	and    $0x1,%al
  ef2a98:	88 44 24 4f          	mov    %al,0x4f(%rsp)
  ef2a9c:	48 89 c8             	mov    %rcx,%rax
  ef2a9f:	48 d1 e8             	shr    $1,%rax
  ef2aa2:	48 ba 55 55 55 55 55 	movabs $0x5555555555555555,%rdx
  ef2aa9:	55 55 55 
  ef2aac:	48 21 d0             	and    %rdx,%rax
  ef2aaf:	48 29 c1             	sub    %rax,%rcx
  ef2ab2:	48 ba 33 33 33 33 33 	movabs $0x3333333333333333,%rdx
  ef2ab9:	33 33 33 
  ef2abc:	48 89 c8             	mov    %rcx,%rax
  ef2abf:	48 21 d0             	and    %rdx,%rax
  ef2ac2:	48 c1 e9 02          	shr    $0x2,%rcx
  ef2ac6:	48 21 d1             	and    %rdx,%rcx
  ef2ac9:	48 01 c8             	add    %rcx,%rax
  ef2acc:	48 89 c1             	mov    %rax,%rcx
  ef2acf:	48 c1 e9 04          	shr    $0x4,%rcx
  ef2ad3:	48 01 c8             	add    %rcx,%rax
  ef2ad6:	48 b9 0f 0f 0f 0f 0f 	movabs $0xf0f0f0f0f0f0f0f,%rcx
  ef2add:	0f 0f 0f 
  ef2ae0:	48 21 c8             	and    %rcx,%rax
  ef2ae3:	48 b9 01 01 01 01 01 	movabs $0x101010101010101,%rcx
  ef2aea:	01 01 01 
  ef2aed:	48 0f af c1          	imul   %rcx,%rax
  ef2af1:	48 c1 e8 38          	shr    $0x38,%rax
  ef2af5:	89 84 24 9c 00 00 00 	mov    %eax,0x9c(%rsp)
  ef2afc:	83 bc 24 9c 00 00 00 	cmpl   $0x1,0x9c(%rsp)
  ef2b03:	01 
  ef2b04:	0f 84 99 00 00 00    	je     ef2ba3 <_ZN4core10intrinsics19copy_nonoverlapping18precondition_check17he354c1387521744eE+0x223>
  ef2b0a:	eb 43                	jmp    ef2b4f <_ZN4core10intrinsics19copy_nonoverlapping18precondition_check17he354c1387521744eE+0x1cf>
  ef2b0c:	48 8b 44 24 18       	mov    0x18(%rsp),%rax
  ef2b11:	48 8b 4c 24 30       	mov    0x30(%rsp),%rcx
        unsafe { mem::transmute(self.cast::<()>()) }
  ef2b16:	48 89 8c 24 88 00 00 	mov    %rcx,0x88(%rsp)
  ef2b1d:	00 
        self.addr() & (align - 1) == 0
  ef2b1e:	48 83 e8 01          	sub    $0x1,%rax
  ef2b22:	48 89 84 24 90 00 00 	mov    %rax,0x90(%rsp)
  ef2b29:	00 
  ef2b2a:	48 8b 84 24 88 00 00 	mov    0x88(%rsp),%rax
  ef2b31:	00 
  ef2b32:	48 23 84 24 90 00 00 	and    0x90(%rsp),%rax
  ef2b39:	00 
  ef2b3a:	48 89 84 24 80 00 00 	mov    %rax,0x80(%rsp)
  ef2b41:	00 
            ptr.is_aligned_to(align) && (is_zst || !ptr.is_null())
  ef2b42:	48 83 bc 24 80 00 00 	cmpq   $0x0,0x80(%rsp)
  ef2b49:	00 00 
  ef2b4b:	74 50                	je     ef2b9d <_ZN4core10intrinsics19copy_nonoverlapping18precondition_check17he354c1387521744eE+0x21d>
  ef2b4d:	eb 50                	jmp    ef2b9f <_ZN4core10intrinsics19copy_nonoverlapping18precondition_check17he354c1387521744eE+0x21f>
        Arguments { pieces, fmt: None, args: &[] }
  ef2b4f:	48 c7 44 24 50 58 ce 	movq   $0xeece58,0x50(%rsp)
  ef2b56:	ee 00 
  ef2b58:	48 c7 44 24 58 01 00 	movq   $0x1,0x58(%rsp)
  ef2b5f:	00 00 
  ef2b61:	48 8b 0d 50 d7 30 ff 	mov    -0xcf28b0(%rip),%rcx        # 2002b8 <_ZN63_$LT$common_std..error..RcError$u20$as$u20$core..fmt..Debug$GT$3fmt17h5af9ecfea329b2e5E-0xcf0988>
  ef2b68:	48 8b 05 51 d7 30 ff 	mov    -0xcf28af(%rip),%rax        # 2002c0 <_ZN63_$LT$common_std..error..RcError$u20$as$u20$core..fmt..Debug$GT$3fmt17h5af9ecfea329b2e5E-0xcf0980>
  ef2b6f:	48 89 4c 24 70       	mov    %rcx,0x70(%rsp)
  ef2b74:	48 89 44 24 78       	mov    %rax,0x78(%rsp)
  ef2b79:	b8 08 00 00 00       	mov    $0x8,%eax
  ef2b7e:	48 89 44 24 60       	mov    %rax,0x60(%rsp)
  ef2b83:	48 c7 44 24 68 00 00 	movq   $0x0,0x68(%rsp)
  ef2b8a:	00 00 
            panic!("is_aligned_to: align is not a power-of-two");
  ef2b8c:	48 c7 c6 c8 cf ee 00 	mov    $0xeecfc8,%rsi
  ef2b93:	48 8d 7c 24 50       	lea    0x50(%rsp),%rdi
  ef2b98:	e8 23 94 00 00       	call   efbfc0 <_ZN4core9panicking9panic_fmt17h2982420c32d2353cE>
  ef2b9d:	eb 02                	jmp    ef2ba1 <_ZN4core10intrinsics19copy_nonoverlapping18precondition_check17he354c1387521744eE+0x221>
  ef2b9f:	eb 5c                	jmp    ef2bfd <_ZN4core10intrinsics19copy_nonoverlapping18precondition_check17he354c1387521744eE+0x27d>
  ef2ba1:	eb 5f                	jmp    ef2c02 <_ZN4core10intrinsics19copy_nonoverlapping18precondition_check17he354c1387521744eE+0x282>
  ef2ba3:	48 8b 44 24 18       	mov    0x18(%rsp),%rax
  ef2ba8:	48 8b 4c 24 30       	mov    0x30(%rsp),%rcx
        unsafe { mem::transmute(self.cast::<()>()) }
  ef2bad:	48 89 8c 24 88 00 00 	mov    %rcx,0x88(%rsp)
  ef2bb4:	00 
        self.addr() & (align - 1) == 0
  ef2bb5:	48 83 e8 01          	sub    $0x1,%rax
  ef2bb9:	48 89 84 24 90 00 00 	mov    %rax,0x90(%rsp)
  ef2bc0:	00 
  ef2bc1:	48 8b 84 24 88 00 00 	mov    0x88(%rsp),%rax
  ef2bc8:	00 
  ef2bc9:	48 23 84 24 90 00 00 	and    0x90(%rsp),%rax
  ef2bd0:	00 
  ef2bd1:	48 89 84 24 80 00 00 	mov    %rax,0x80(%rsp)
  ef2bd8:	00 
  ef2bd9:	48 83 bc 24 80 00 00 	cmpq   $0x0,0x80(%rsp)
  ef2be0:	00 00 
  ef2be2:	75 bb                	jne    ef2b9f <_ZN4core10intrinsics19copy_nonoverlapping18precondition_check17he354c1387521744eE+0x21f>
  ef2be4:	f6 44 24 4f 01       	testb  $0x1,0x4f(%rsp)
  ef2be9:	75 b6                	jne    ef2ba1 <_ZN4core10intrinsics19copy_nonoverlapping18precondition_check17he354c1387521744eE+0x221>
                ptr.addr() == 0
  ef2beb:	48 83 bc 24 88 00 00 	cmpq   $0x0,0x88(%rsp)
  ef2bf2:	00 00 
  ef2bf4:	0f 94 c0             	sete   %al
  ef2bf7:	34 ff                	xor    $0xff,%al
  ef2bf9:	a8 01                	test   $0x1,%al
  ef2bfb:	75 05                	jne    ef2c02 <_ZN4core10intrinsics19copy_nonoverlapping18precondition_check17he354c1387521744eE+0x282>
  ef2bfd:	e9 5f 01 00 00       	jmp    ef2d61 <_ZN4core10intrinsics19copy_nonoverlapping18precondition_check17he354c1387521744eE+0x3e1>
  ef2c02:	48 8b 4c 24 18       	mov    0x18(%rsp),%rcx
  ef2c07:	48 8b 44 24 28       	mov    0x28(%rsp),%rax
                && ub_checks::maybe_is_aligned_and_not_null(dst, align, zero_size)
  ef2c0c:	48 89 84 24 08 01 00 	mov    %rax,0x108(%rsp)
  ef2c13:	00 
  ef2c14:	8a 44 24 3f          	mov    0x3f(%rsp),%al
  ef2c18:	88 44 24 0f          	mov    %al,0xf(%rsp)
  ef2c1c:	24 01                	and    $0x1,%al
  ef2c1e:	88 84 24 13 01 00 00 	mov    %al,0x113(%rsp)
  ef2c25:	48 89 c8             	mov    %rcx,%rax
  ef2c28:	48 d1 e8             	shr    $1,%rax
  ef2c2b:	48 ba 55 55 55 55 55 	movabs $0x5555555555555555,%rdx
  ef2c32:	55 55 55 
  ef2c35:	48 21 d0             	and    %rdx,%rax
  ef2c38:	48 29 c1             	sub    %rax,%rcx
  ef2c3b:	48 ba 33 33 33 33 33 	movabs $0x3333333333333333,%rdx
  ef2c42:	33 33 33 
  ef2c45:	48 89 c8             	mov    %rcx,%rax
  ef2c48:	48 21 d0             	and    %rdx,%rax
  ef2c4b:	48 c1 e9 02          	shr    $0x2,%rcx
  ef2c4f:	48 21 d1             	and    %rdx,%rcx
  ef2c52:	48 01 c8             	add    %rcx,%rax
  ef2c55:	48 89 c1             	mov    %rax,%rcx
  ef2c58:	48 c1 e9 04          	shr    $0x4,%rcx
  ef2c5c:	48 01 c8             	add    %rcx,%rax
  ef2c5f:	48 b9 0f 0f 0f 0f 0f 	movabs $0xf0f0f0f0f0f0f0f,%rcx
  ef2c66:	0f 0f 0f 
  ef2c69:	48 21 c8             	and    %rcx,%rax
  ef2c6c:	48 b9 01 01 01 01 01 	movabs $0x101010101010101,%rcx
  ef2c73:	01 01 01 
  ef2c76:	48 0f af c1          	imul   %rcx,%rax
  ef2c7a:	48 c1 e8 38          	shr    $0x38,%rax
  ef2c7e:	89 84 24 14 01 00 00 	mov    %eax,0x114(%rsp)
        if !align.is_power_of_two() {
  ef2c85:	83 bc 24 14 01 00 00 	cmpl   $0x1,0x114(%rsp)
  ef2c8c:	01 
  ef2c8d:	75 15                	jne    ef2ca4 <_ZN4core10intrinsics19copy_nonoverlapping18precondition_check17he354c1387521744eE+0x324>
  ef2c8f:	48 8b 44 24 28       	mov    0x28(%rsp),%rax
        self.addr() & (align - 1) == 0
  ef2c94:	48 23 84 24 90 00 00 	and    0x90(%rsp),%rax
  ef2c9b:	00 
  ef2c9c:	48 83 f8 00          	cmp    $0x0,%rax
  ef2ca0:	74 65                	je     ef2d07 <_ZN4core10intrinsics19copy_nonoverlapping18precondition_check17he354c1387521744eE+0x387>
  ef2ca2:	eb 6d                	jmp    ef2d11 <_ZN4core10intrinsics19copy_nonoverlapping18precondition_check17he354c1387521744eE+0x391>
  ef2ca4:	48 c7 84 24 a0 00 00 	movq   $0xeece58,0xa0(%rsp)
  ef2cab:	00 58 ce ee 00 
  ef2cb0:	48 c7 84 24 a8 00 00 	movq   $0x1,0xa8(%rsp)
  ef2cb7:	00 01 00 00 00 
  ef2cbc:	48 8b 0d f5 d5 30 ff 	mov    -0xcf2a0b(%rip),%rcx        # 2002b8 <_ZN63_$LT$common_std..error..RcError$u20$as$u20$core..fmt..Debug$GT$3fmt17h5af9ecfea329b2e5E-0xcf0988>
  ef2cc3:	48 8b 05 f6 d5 30 ff 	mov    -0xcf2a0a(%rip),%rax        # 2002c0 <_ZN63_$LT$common_std..error..RcError$u20$as$u20$core..fmt..Debug$GT$3fmt17h5af9ecfea329b2e5E-0xcf0980>
  ef2cca:	48 89 8c 24 c0 00 00 	mov    %rcx,0xc0(%rsp)
  ef2cd1:	00 
  ef2cd2:	48 89 84 24 c8 00 00 	mov    %rax,0xc8(%rsp)
  ef2cd9:	00 
  ef2cda:	b8 08 00 00 00       	mov    $0x8,%eax
  ef2cdf:	48 89 84 24 b0 00 00 	mov    %rax,0xb0(%rsp)
  ef2ce6:	00 
  ef2ce7:	48 c7 84 24 b8 00 00 	movq   $0x0,0xb8(%rsp)
  ef2cee:	00 00 00 00 00 
            panic!("is_aligned_to: align is not a power-of-two");
  ef2cf3:	48 c7 c6 c8 cf ee 00 	mov    $0xeecfc8,%rsi
  ef2cfa:	48 8d bc 24 a0 00 00 	lea    0xa0(%rsp),%rdi
  ef2d01:	00 
  ef2d02:	e8 b9 92 00 00       	call   efbfc0 <_ZN4core9panicking9panic_fmt17h2982420c32d2353cE>
  ef2d07:	8a 44 24 0f          	mov    0xf(%rsp),%al
  ef2d0b:	a8 01                	test   $0x1,%al
  ef2d0d:	75 18                	jne    ef2d27 <_ZN4core10intrinsics19copy_nonoverlapping18precondition_check17he354c1387521744eE+0x3a7>
  ef2d0f:	eb 02                	jmp    ef2d13 <_ZN4core10intrinsics19copy_nonoverlapping18precondition_check17he354c1387521744eE+0x393>
  ef2d11:	eb 16                	jmp    ef2d29 <_ZN4core10intrinsics19copy_nonoverlapping18precondition_check17he354c1387521744eE+0x3a9>
  ef2d13:	48 8b 44 24 28       	mov    0x28(%rsp),%rax
                ptr.addr() == 0
  ef2d18:	48 83 f8 00          	cmp    $0x0,%rax
  ef2d1c:	0f 94 c0             	sete   %al
  ef2d1f:	34 ff                	xor    $0xff,%al
  ef2d21:	a8 01                	test   $0x1,%al
  ef2d23:	75 06                	jne    ef2d2b <_ZN4core10intrinsics19copy_nonoverlapping18precondition_check17he354c1387521744eE+0x3ab>
  ef2d25:	eb 02                	jmp    ef2d29 <_ZN4core10intrinsics19copy_nonoverlapping18precondition_check17he354c1387521744eE+0x3a9>
  ef2d27:	eb 02                	jmp    ef2d2b <_ZN4core10intrinsics19copy_nonoverlapping18precondition_check17he354c1387521744eE+0x3ab>
  ef2d29:	eb 36                	jmp    ef2d61 <_ZN4core10intrinsics19copy_nonoverlapping18precondition_check17he354c1387521744eE+0x3e1>
  ef2d2b:	48 8b 4c 24 10       	mov    0x10(%rsp),%rcx
  ef2d30:	48 8b 54 24 20       	mov    0x20(%rsp),%rdx
  ef2d35:	48 8b 74 24 28       	mov    0x28(%rsp),%rsi
  ef2d3a:	48 8b 7c 24 30       	mov    0x30(%rsp),%rdi
        const_eval_select(($($val,)*), compiletime, runtime)
  ef2d3f:	e8 6c 0f 00 00       	call   ef3cb0 <_ZN4core9ub_checks23maybe_is_nonoverlapping7runtime17hbcd3dd5ae82380d8E>
        ) => {
  ef2d44:	a8 01                	test   $0x1,%al
  ef2d46:	75 11                	jne    ef2d59 <_ZN4core10intrinsics19copy_nonoverlapping18precondition_check17he354c1387521744eE+0x3d9>
                    ::core::panicking::panic_nounwind(concat!("unsafe precondition(s) violated: ", $message,
  ef2d48:	48 c7 c7 e0 cf ee 00 	mov    $0xeecfe0,%rdi
  ef2d4f:	be 1b 01 00 00       	mov    $0x11b,%esi
  ef2d54:	e8 37 93 00 00       	call   efc090 <_ZN4core9panicking14panic_nounwind17h73726ac9567abe6cE>
            }
  ef2d59:	48 81 c4 18 01 00 00 	add    $0x118,%rsp
  ef2d60:	c3                   	ret
  ef2d61:	eb e5                	jmp    ef2d48 <_ZN4core10intrinsics19copy_nonoverlapping18precondition_check17he354c1387521744eE+0x3c8>
  ef2d63:	cc                   	int3
  ef2d64:	cc                   	int3
  ef2d65:	cc                   	int3
  ef2d66:	cc                   	int3
  ef2d67:	cc                   	int3
  ef2d68:	cc                   	int3
  ef2d69:	cc                   	int3
  ef2d6a:	cc                   	int3
  ef2d6b:	cc                   	int3
  ef2d6c:	cc                   	int3
  ef2d6d:	cc                   	int3
  ef2d6e:	cc                   	int3
  ef2d6f:	cc                   	int3

0000000000ef2d70 <_ZN45_$LT$$LP$$RP$$u20$as$u20$core..fmt..Debug$GT$3fmt17h79c15a56f4580322E>:
}

#[stable(feature = "rust1", since = "1.0.0")]
impl Debug for () {
    #[inline]
    fn fmt(&self, f: &mut Formatter<'_>) -> Result {
  ef2d70:	48 83 ec 18          	sub    $0x18,%rsp
  ef2d74:	48 89 34 24          	mov    %rsi,(%rsp)
  ef2d78:	48 89 f8             	mov    %rdi,%rax
  ef2d7b:	48 8b 3c 24          	mov    (%rsp),%rdi
  ef2d7f:	48 89 44 24 08       	mov    %rax,0x8(%rsp)
  ef2d84:	48 89 7c 24 10       	mov    %rdi,0x10(%rsp)
        f.pad("()")
  ef2d89:	48 c7 c6 fb d0 ee 00 	mov    $0xeed0fb,%rsi
  ef2d90:	ba 02 00 00 00       	mov    $0x2,%edx
  ef2d95:	e8 36 9f 00 00       	call   efccd0 <_ZN4core3fmt9Formatter3pad17h404afbaf9d8dfecbE>
    }
  ef2d9a:	24 01                	and    $0x1,%al
  ef2d9c:	48 83 c4 18          	add    $0x18,%rsp
  ef2da0:	c3                   	ret
  ef2da1:	cc                   	int3
  ef2da2:	cc                   	int3
  ef2da3:	cc                   	int3
  ef2da4:	cc                   	int3
  ef2da5:	cc                   	int3
  ef2da6:	cc                   	int3
  ef2da7:	cc                   	int3
  ef2da8:	cc                   	int3
  ef2da9:	cc                   	int3
  ef2daa:	cc                   	int3
  ef2dab:	cc                   	int3
  ef2dac:	cc                   	int3
  ef2dad:	cc                   	int3
  ef2dae:	cc                   	int3
  ef2daf:	cc                   	int3

0000000000ef2db0 <_ZN4core5alloc6global11GlobalAlloc12alloc_zeroed17h1597c37c5cfe2aceE>:
    /// allocation error are encouraged to call the [`handle_alloc_error`] function,
    /// rather than directly invoking `panic!` or similar.
    ///
    /// [`handle_alloc_error`]: ../../alloc/alloc/fn.handle_alloc_error.html
    #[stable(feature = "global_alloc", since = "1.28.0")]
    unsafe fn alloc_zeroed(&self, layout: Layout) -> *mut u8 {
  ef2db0:	48 83 ec 48          	sub    $0x48,%rsp
  ef2db4:	48 89 74 24 10       	mov    %rsi,0x10(%rsp)
  ef2db9:	48 89 54 24 18       	mov    %rdx,0x18(%rsp)
  ef2dbe:	48 89 7c 24 20       	mov    %rdi,0x20(%rsp)
pub const unsafe fn write_bytes<T>(dst: *mut T, val: u8, count: usize) {
  ef2dc3:	c6 44 24 2f 00       	movb   $0x0,0x2f(%rsp)
        let size = layout.size();
  ef2dc8:	48 8d 44 24 10       	lea    0x10(%rsp),%rax
  ef2dcd:	48 89 44 24 30       	mov    %rax,0x30(%rsp)
        self.size
  ef2dd2:	48 8b 44 24 18       	mov    0x18(%rsp),%rax
  ef2dd7:	48 89 04 24          	mov    %rax,(%rsp)
  ef2ddb:	48 89 44 24 38       	mov    %rax,0x38(%rsp)
        // SAFETY: the safety contract for `alloc` must be upheld by the caller.
        let ptr = unsafe { self.alloc(layout) };
  ef2de0:	48 8b 74 24 10       	mov    0x10(%rsp),%rsi
  ef2de5:	48 8b 54 24 18       	mov    0x18(%rsp),%rdx
  ef2dea:	e8 71 00 00 00       	call   ef2e60 <_ZN84_$LT$talc..talck..Talck$LT$R$C$O$GT$$u20$as$u20$core..alloc..global..GlobalAlloc$GT$5alloc17h4b924059fb2607c8E>
  ef2def:	48 89 44 24 08       	mov    %rax,0x8(%rsp)
  ef2df4:	48 89 44 24 40       	mov    %rax,0x40(%rsp)
        if !ptr.is_null() {
  ef2df9:	48 83 f8 00          	cmp    $0x0,%rax
  ef2dfd:	75 02                	jne    ef2e01 <_ZN4core5alloc6global11GlobalAlloc12alloc_zeroed17h1597c37c5cfe2aceE+0x51>
  ef2dff:	eb 02                	jmp    ef2e03 <_ZN4core5alloc6global11GlobalAlloc12alloc_zeroed17h1597c37c5cfe2aceE+0x53>
            if ::core::ub_checks::$kind() {
  ef2e01:	eb 0a                	jmp    ef2e0d <_ZN4core5alloc6global11GlobalAlloc12alloc_zeroed17h1597c37c5cfe2aceE+0x5d>
  ef2e03:	48 8b 44 24 08       	mov    0x8(%rsp),%rax
            // SAFETY: as allocation succeeded, the region from `ptr`
            // of size `size` is guaranteed to be valid for writes.
            unsafe { ptr::write_bytes(ptr, 0, size) };
        }
        ptr
    }
  ef2e08:	48 83 c4 48          	add    $0x48,%rsp
  ef2e0c:	c3                   	ret
  ef2e0d:	48 8b 7c 24 08       	mov    0x8(%rsp),%rdi
  ef2e12:	48 8b 04 24          	mov    (%rsp),%rax
                zero_size: bool = T::IS_ZST || count == 0,
  ef2e16:	48 83 f8 00          	cmp    $0x0,%rax
  ef2e1a:	0f 94 c0             	sete   %al
                precondition_check($($arg,)*);
  ef2e1d:	0f b6 d0             	movzbl %al,%edx
  ef2e20:	83 e2 01             	and    $0x1,%edx
  ef2e23:	be 01 00 00 00       	mov    $0x1,%esi
  ef2e28:	e8 13 fa ff ff       	call   ef2840 <_ZN4core10intrinsics11write_bytes18precondition_check17h0a099d5ca55dd9f3E>
  ef2e2d:	48 8b 7c 24 08       	mov    0x8(%rsp),%rdi
  ef2e32:	48 8b 14 24          	mov    (%rsp),%rdx
        write_bytes(dst, val, count)
  ef2e36:	48 c1 e2 00          	shl    $0x0,%rdx
  ef2e3a:	31 c0                	xor    %eax,%eax
  ef2e3c:	31 f6                	xor    %esi,%esi
  ef2e3e:	48 8b 05 d3 c0 00 00 	mov    0xc0d3(%rip),%rax        # efef18 <memcpy+0x1298>
  ef2e45:	ff d0                	call   *%rax
        if !ptr.is_null() {
  ef2e47:	eb ba                	jmp    ef2e03 <_ZN4core5alloc6global11GlobalAlloc12alloc_zeroed17h1597c37c5cfe2aceE+0x53>
  ef2e49:	cc                   	int3
  ef2e4a:	cc                   	int3
  ef2e4b:	cc                   	int3
  ef2e4c:	cc                   	int3
  ef2e4d:	cc                   	int3
  ef2e4e:	cc                   	int3
  ef2e4f:	cc                   	int3

0000000000ef2e50 <_ZN4talc5talck18Talck$LT$R$C$O$GT$4lock17haf2476764252e8e8E>:
    pub const fn new(talc: Talc<O>) -> Self {
        Self { mutex: lock_api::Mutex::new(talc) }
    }

    /// Lock the mutex and access the inner `Talc`.
    pub fn lock(&self) -> lock_api::MutexGuard<R, Talc<O>> {
  ef2e50:	50                   	push   %rax
  ef2e51:	48 89 3c 24          	mov    %rdi,(%rsp)
        self.mutex.lock()
  ef2e55:	e8 26 74 00 00       	call   efa280 <_ZN8lock_api5mutex18Mutex$LT$R$C$T$GT$4lock17h6784703395a8e320E>
    }
  ef2e5a:	59                   	pop    %rcx
  ef2e5b:	c3                   	ret
  ef2e5c:	cc                   	int3
  ef2e5d:	cc                   	int3
  ef2e5e:	cc                   	int3
  ef2e5f:	cc                   	int3

0000000000ef2e60 <_ZN84_$LT$talc..talck..Talck$LT$R$C$O$GT$$u20$as$u20$core..alloc..global..GlobalAlloc$GT$5alloc17h4b924059fb2607c8E>:
        self.mutex.into_inner()
    }
}

unsafe impl<R: lock_api::RawMutex, O: OomHandler> GlobalAlloc for Talck<R, O> {
    unsafe fn alloc(&self, layout: Layout) -> *mut u8 {
  ef2e60:	48 83 ec 38          	sub    $0x38,%rsp
  ef2e64:	48 89 54 24 08       	mov    %rdx,0x8(%rsp)
  ef2e69:	48 89 34 24          	mov    %rsi,(%rsp)
  ef2e6d:	48 89 7c 24 20       	mov    %rdi,0x20(%rsp)
  ef2e72:	48 89 74 24 28       	mov    %rsi,0x28(%rsp)
  ef2e77:	48 89 54 24 30       	mov    %rdx,0x30(%rsp)
        self.lock().malloc(layout).map_or(null_mut(), |nn| nn.as_ptr())
  ef2e7c:	e8 cf ff ff ff       	call   ef2e50 <_ZN4talc5talck18Talck$LT$R$C$O$GT$4lock17haf2476764252e8e8E>
  ef2e81:	48 89 44 24 18       	mov    %rax,0x18(%rsp)
  ef2e86:	48 8d 7c 24 18       	lea    0x18(%rsp),%rdi
  ef2e8b:	e8 c0 73 00 00       	call   efa250 <_ZN87_$LT$lock_api..mutex..MutexGuard$LT$R$C$T$GT$$u20$as$u20$core..ops..deref..DerefMut$GT$9deref_mut17h5574b5c9d851cd7eE>
  ef2e90:	48 8b 34 24          	mov    (%rsp),%rsi
  ef2e94:	48 8b 54 24 08       	mov    0x8(%rsp),%rdx
  ef2e99:	48 89 c7             	mov    %rax,%rdi
  ef2e9c:	e8 1f 46 00 00       	call   ef74c0 <_ZN4talc4talc13Talc$LT$O$GT$6malloc17h06afc4b86d91d853E>
  ef2ea1:	48 89 c7             	mov    %rax,%rdi
  ef2ea4:	31 c0                	xor    %eax,%eax
  ef2ea6:	31 c0                	xor    %eax,%eax
  ef2ea8:	89 c6                	mov    %eax,%esi
  ef2eaa:	e8 21 1d 00 00       	call   ef4bd0 <_ZN4core6result19Result$LT$T$C$E$GT$6map_or17h41373716b62aeceaE>
  ef2eaf:	48 89 44 24 10       	mov    %rax,0x10(%rsp)
  ef2eb4:	48 8d 7c 24 18       	lea    0x18(%rsp),%rdi
    }
  ef2eb9:	e8 e2 04 00 00       	call   ef33a0 <_ZN4core3ptr149drop_in_place$LT$lock_api..mutex..MutexGuard$LT$spin..mutex..Mutex$LT$$LP$$RP$$GT$$C$talc..talc..Talc$LT$common_std..heap..OomHandlerImpl$GT$$GT$$GT$17h5ddd9cdd2f58538eE>
  ef2ebe:	48 8b 44 24 10       	mov    0x10(%rsp),%rax
  ef2ec3:	48 83 c4 38          	add    $0x38,%rsp
  ef2ec7:	c3                   	ret
  ef2ec8:	cc                   	int3
  ef2ec9:	cc                   	int3
  ef2eca:	cc                   	int3
  ef2ecb:	cc                   	int3
  ef2ecc:	cc                   	int3
  ef2ecd:	cc                   	int3
  ef2ece:	cc                   	int3
  ef2ecf:	cc                   	int3

0000000000ef2ed0 <_ZN84_$LT$talc..talck..Talck$LT$R$C$O$GT$$u20$as$u20$core..alloc..global..GlobalAlloc$GT$5alloc28_$u7b$$u7b$closure$u7d$$u7d$17h678ece11bd1a9122E>:
        self.lock().malloc(layout).map_or(null_mut(), |nn| nn.as_ptr())
  ef2ed0:	48 83 ec 18          	sub    $0x18,%rsp
  ef2ed4:	48 89 f8             	mov    %rdi,%rax
  ef2ed7:	48 89 44 24 08       	mov    %rax,0x8(%rsp)
  ef2edc:	48 89 44 24 10       	mov    %rax,0x10(%rsp)
  ef2ee1:	48 83 c4 18          	add    $0x18,%rsp
  ef2ee5:	c3                   	ret
  ef2ee6:	cc                   	int3
  ef2ee7:	cc                   	int3
  ef2ee8:	cc                   	int3
  ef2ee9:	cc                   	int3
  ef2eea:	cc                   	int3
  ef2eeb:	cc                   	int3
  ef2eec:	cc                   	int3
  ef2eed:	cc                   	int3
  ef2eee:	cc                   	int3
  ef2eef:	cc                   	int3

0000000000ef2ef0 <_ZN84_$LT$talc..talck..Talck$LT$R$C$O$GT$$u20$as$u20$core..alloc..global..GlobalAlloc$GT$7dealloc17h66262840293e733bE>:

    unsafe fn dealloc(&self, ptr: *mut u8, layout: Layout) {
  ef2ef0:	48 83 ec 48          	sub    $0x48,%rsp
  ef2ef4:	48 89 4c 24 18       	mov    %rcx,0x18(%rsp)
  ef2ef9:	48 89 54 24 10       	mov    %rdx,0x10(%rsp)
  ef2efe:	48 89 34 24          	mov    %rsi,(%rsp)
  ef2f02:	48 89 7c 24 28       	mov    %rdi,0x28(%rsp)
  ef2f07:	48 89 74 24 30       	mov    %rsi,0x30(%rsp)
  ef2f0c:	48 89 54 24 38       	mov    %rdx,0x38(%rsp)
  ef2f11:	48 89 4c 24 40       	mov    %rcx,0x40(%rsp)
        self.lock().free(NonNull::new_unchecked(ptr), layout)
  ef2f16:	e8 35 ff ff ff       	call   ef2e50 <_ZN4talc5talck18Talck$LT$R$C$O$GT$4lock17haf2476764252e8e8E>
  ef2f1b:	48 89 44 24 20       	mov    %rax,0x20(%rsp)
  ef2f20:	48 8d 7c 24 20       	lea    0x20(%rsp),%rdi
  ef2f25:	e8 26 73 00 00       	call   efa250 <_ZN87_$LT$lock_api..mutex..MutexGuard$LT$R$C$T$GT$$u20$as$u20$core..ops..deref..DerefMut$GT$9deref_mut17h5574b5c9d851cd7eE>
  ef2f2a:	48 8b 3c 24          	mov    (%rsp),%rdi
  ef2f2e:	48 89 44 24 08       	mov    %rax,0x8(%rsp)
  ef2f33:	e8 e8 57 00 00       	call   ef8720 <_ZN4core3ptr8non_null16NonNull$LT$T$GT$13new_unchecked17hdcbf92072d7734d3E>
  ef2f38:	48 8b 7c 24 08       	mov    0x8(%rsp),%rdi
  ef2f3d:	48 8b 54 24 10       	mov    0x10(%rsp),%rdx
  ef2f42:	48 8b 4c 24 18       	mov    0x18(%rsp),%rcx
  ef2f47:	48 89 c6             	mov    %rax,%rsi
  ef2f4a:	e8 d1 39 00 00       	call   ef6920 <_ZN4talc4talc13Talc$LT$O$GT$4free17hd135646b46011d29E>
  ef2f4f:	48 8d 7c 24 20       	lea    0x20(%rsp),%rdi
    }
  ef2f54:	e8 47 04 00 00       	call   ef33a0 <_ZN4core3ptr149drop_in_place$LT$lock_api..mutex..MutexGuard$LT$spin..mutex..Mutex$LT$$LP$$RP$$GT$$C$talc..talc..Talc$LT$common_std..heap..OomHandlerImpl$GT$$GT$$GT$17h5ddd9cdd2f58538eE>
  ef2f59:	48 83 c4 48          	add    $0x48,%rsp
  ef2f5d:	c3                   	ret
  ef2f5e:	cc                   	int3
  ef2f5f:	cc                   	int3

0000000000ef2f60 <_ZN84_$LT$talc..talck..Talck$LT$R$C$O$GT$$u20$as$u20$core..alloc..global..GlobalAlloc$GT$7realloc17h586ac015c9ba4a7aE>:

    unsafe fn realloc(&self, ptr: *mut u8, old_layout: Layout, new_size: usize) -> *mut u8 {
  ef2f60:	48 81 ec 58 01 00 00 	sub    $0x158,%rsp
  ef2f67:	48 89 74 24 30       	mov    %rsi,0x30(%rsp)
  ef2f6c:	48 89 f8             	mov    %rdi,%rax
  ef2f6f:	48 8b 7c 24 30       	mov    0x30(%rsp),%rdi
  ef2f74:	48 89 44 24 38       	mov    %rax,0x38(%rsp)
  ef2f79:	48 89 54 24 50       	mov    %rdx,0x50(%rsp)
  ef2f7e:	48 89 4c 24 58       	mov    %rcx,0x58(%rsp)
  ef2f83:	4c 89 44 24 60       	mov    %r8,0x60(%rsp)
  ef2f88:	48 89 84 24 a0 00 00 	mov    %rax,0xa0(%rsp)
  ef2f8f:	00 
  ef2f90:	48 89 bc 24 a8 00 00 	mov    %rdi,0xa8(%rsp)
  ef2f97:	00 
        let nn_ptr = NonNull::new_unchecked(ptr);
  ef2f98:	e8 83 57 00 00       	call   ef8720 <_ZN4core3ptr8non_null16NonNull$LT$T$GT$13new_unchecked17hdcbf92072d7734d3E>
  ef2f9d:	48 89 c1             	mov    %rax,%rcx
  ef2fa0:	48 89 4c 24 40       	mov    %rcx,0x40(%rsp)
  ef2fa5:	48 89 84 24 b0 00 00 	mov    %rax,0xb0(%rsp)
  ef2fac:	00 
  ef2fad:	48 8d 7c 24 50       	lea    0x50(%rsp),%rdi

        match new_size.cmp(&old_layout.size()) {
  ef2fb2:	e8 99 66 00 00       	call   ef9650 <_ZN4core5alloc6layout6Layout4size17h01105bc4314f51d8E>
  ef2fb7:	48 89 44 24 70       	mov    %rax,0x70(%rsp)
  ef2fbc:	48 8d 7c 24 60       	lea    0x60(%rsp),%rdi
  ef2fc1:	48 8d 74 24 70       	lea    0x70(%rsp),%rsi
  ef2fc6:	e8 a5 6d 00 00       	call   ef9d70 <_ZN4core3cmp5impls50_$LT$impl$u20$core..cmp..Ord$u20$for$u20$usize$GT$3cmp17hc0de9a4060fe3879E>
  ef2fcb:	88 c1                	mov    %al,%cl
  ef2fcd:	88 4c 24 4f          	mov    %cl,0x4f(%rsp)
  ef2fd1:	2c ff                	sub    $0xff,%al
  ef2fd3:	74 10                	je     ef2fe5 <_ZN84_$LT$talc..talck..Talck$LT$R$C$O$GT$$u20$as$u20$core..alloc..global..GlobalAlloc$GT$7realloc17h586ac015c9ba4a7aE+0x85>
  ef2fd5:	eb 00                	jmp    ef2fd7 <_ZN84_$LT$talc..talck..Talck$LT$R$C$O$GT$$u20$as$u20$core..alloc..global..GlobalAlloc$GT$7realloc17h586ac015c9ba4a7aE+0x77>
  ef2fd7:	8a 44 24 4f          	mov    0x4f(%rsp),%al
  ef2fdb:	84 c0                	test   %al,%al
  ef2fdd:	74 69                	je     ef3048 <_ZN84_$LT$talc..talck..Talck$LT$R$C$O$GT$$u20$as$u20$core..alloc..global..GlobalAlloc$GT$7realloc17h586ac015c9ba4a7aE+0xe8>
  ef2fdf:	eb 00                	jmp    ef2fe1 <_ZN84_$LT$talc..talck..Talck$LT$R$C$O$GT$$u20$as$u20$core..alloc..global..GlobalAlloc$GT$7realloc17h586ac015c9ba4a7aE+0x81>
  ef2fe1:	eb 71                	jmp    ef3054 <_ZN84_$LT$talc..talck..Talck$LT$R$C$O$GT$$u20$as$u20$core..alloc..global..GlobalAlloc$GT$7realloc17h586ac015c9ba4a7aE+0xf4>
  ef2fe3:	0f 0b                	ud2
  ef2fe5:	48 8b 7c 24 38       	mov    0x38(%rsp),%rdi
                lock.free(nn_ptr, old_layout);
                allocation.as_ptr()
            }

            Ordering::Less => {
                self.lock().shrink(NonNull::new_unchecked(ptr), old_layout, new_size);
  ef2fea:	e8 61 fe ff ff       	call   ef2e50 <_ZN4talc5talck18Talck$LT$R$C$O$GT$4lock17haf2476764252e8e8E>
  ef2fef:	48 89 84 24 98 00 00 	mov    %rax,0x98(%rsp)
  ef2ff6:	00 
  ef2ff7:	48 8d bc 24 98 00 00 	lea    0x98(%rsp),%rdi
  ef2ffe:	00 
  ef2fff:	e8 4c 72 00 00       	call   efa250 <_ZN87_$LT$lock_api..mutex..MutexGuard$LT$R$C$T$GT$$u20$as$u20$core..ops..deref..DerefMut$GT$9deref_mut17h5574b5c9d851cd7eE>
  ef3004:	48 8b 7c 24 30       	mov    0x30(%rsp),%rdi
  ef3009:	48 89 44 24 28       	mov    %rax,0x28(%rsp)
  ef300e:	e8 0d 57 00 00       	call   ef8720 <_ZN4core3ptr8non_null16NonNull$LT$T$GT$13new_unchecked17hdcbf92072d7734d3E>
  ef3013:	48 8b 7c 24 28       	mov    0x28(%rsp),%rdi
  ef3018:	48 89 c6             	mov    %rax,%rsi
  ef301b:	48 8b 54 24 50       	mov    0x50(%rsp),%rdx
  ef3020:	48 8b 4c 24 58       	mov    0x58(%rsp),%rcx
  ef3025:	4c 8b 44 24 60       	mov    0x60(%rsp),%r8
  ef302a:	e8 d1 47 00 00       	call   ef7800 <_ZN4talc4talc13Talc$LT$O$GT$6shrink17h95698b93553b4073E>
  ef302f:	48 8d bc 24 98 00 00 	lea    0x98(%rsp),%rdi
  ef3036:	00 
  ef3037:	e8 64 03 00 00       	call   ef33a0 <_ZN4core3ptr149drop_in_place$LT$lock_api..mutex..MutexGuard$LT$spin..mutex..Mutex$LT$$LP$$RP$$GT$$C$talc..talc..Talc$LT$common_std..heap..OomHandlerImpl$GT$$GT$$GT$17h5ddd9cdd2f58538eE>
  ef303c:	48 8b 44 24 30       	mov    0x30(%rsp),%rax
                ptr
  ef3041:	48 89 44 24 68       	mov    %rax,0x68(%rsp)
  ef3046:	eb 6d                	jmp    ef30b5 <_ZN84_$LT$talc..talck..Talck$LT$R$C$O$GT$$u20$as$u20$core..alloc..global..GlobalAlloc$GT$7realloc17h586ac015c9ba4a7aE+0x155>
  ef3048:	48 8b 44 24 30       	mov    0x30(%rsp),%rax
            }

            Ordering::Equal => ptr,
  ef304d:	48 89 44 24 68       	mov    %rax,0x68(%rsp)
  ef3052:	eb 61                	jmp    ef30b5 <_ZN84_$LT$talc..talck..Talck$LT$R$C$O$GT$$u20$as$u20$core..alloc..global..GlobalAlloc$GT$7realloc17h586ac015c9ba4a7aE+0x155>
  ef3054:	48 8b 7c 24 38       	mov    0x38(%rsp),%rdi
                if let Ok(nn) = self.lock().grow_in_place(nn_ptr, old_layout, new_size) {
  ef3059:	e8 f2 fd ff ff       	call   ef2e50 <_ZN4talc5talck18Talck$LT$R$C$O$GT$4lock17haf2476764252e8e8E>
  ef305e:	48 89 84 24 80 00 00 	mov    %rax,0x80(%rsp)
  ef3065:	00 
  ef3066:	48 8d bc 24 80 00 00 	lea    0x80(%rsp),%rdi
  ef306d:	00 
  ef306e:	e8 dd 71 00 00       	call   efa250 <_ZN87_$LT$lock_api..mutex..MutexGuard$LT$R$C$T$GT$$u20$as$u20$core..ops..deref..DerefMut$GT$9deref_mut17h5574b5c9d851cd7eE>
  ef3073:	48 8b 74 24 40       	mov    0x40(%rsp),%rsi
  ef3078:	48 89 c7             	mov    %rax,%rdi
  ef307b:	48 8b 54 24 50       	mov    0x50(%rsp),%rdx
  ef3080:	48 8b 4c 24 58       	mov    0x58(%rsp),%rcx
  ef3085:	4c 8b 44 24 60       	mov    0x60(%rsp),%r8
  ef308a:	e8 b1 22 00 00       	call   ef5340 <_ZN4talc4talc13Talc$LT$O$GT$13grow_in_place17h295e226d021eb4ccE>
  ef308f:	48 89 44 24 78       	mov    %rax,0x78(%rsp)
  ef3094:	48 8b 54 24 78       	mov    0x78(%rsp),%rdx
  ef3099:	31 c0                	xor    %eax,%eax
  ef309b:	b9 01 00 00 00       	mov    $0x1,%ecx
  ef30a0:	48 83 fa 00          	cmp    $0x0,%rdx
  ef30a4:	48 0f 44 c1          	cmove  %rcx,%rax
  ef30a8:	48 a9 01 00 00 00    	test   $0x1,%rax
  ef30ae:	75 12                	jne    ef30c2 <_ZN84_$LT$talc..talck..Talck$LT$R$C$O$GT$$u20$as$u20$core..alloc..global..GlobalAlloc$GT$7realloc17h586ac015c9ba4a7aE+0x162>
  ef30b0:	e9 a5 00 00 00       	jmp    ef315a <_ZN84_$LT$talc..talck..Talck$LT$R$C$O$GT$$u20$as$u20$core..alloc..global..GlobalAlloc$GT$7realloc17h586ac015c9ba4a7aE+0x1fa>
        }
    }
  ef30b5:	48 8b 44 24 68       	mov    0x68(%rsp),%rax
  ef30ba:	48 81 c4 58 01 00 00 	add    $0x158,%rsp
  ef30c1:	c3                   	ret
  ef30c2:	48 8d bc 24 80 00 00 	lea    0x80(%rsp),%rdi
  ef30c9:	00 
                }
  ef30ca:	e8 d1 02 00 00       	call   ef33a0 <_ZN4core3ptr149drop_in_place$LT$lock_api..mutex..MutexGuard$LT$spin..mutex..Mutex$LT$$LP$$RP$$GT$$C$talc..talc..Talc$LT$common_std..heap..OomHandlerImpl$GT$$GT$$GT$17h5ddd9cdd2f58538eE>
  ef30cf:	48 8d 7c 24 50       	lea    0x50(%rsp),%rdi
                let new_layout = Layout::from_size_align_unchecked(new_size, old_layout.align());
  ef30d4:	e8 87 65 00 00       	call   ef9660 <_ZN4core5alloc6layout6Layout5align17h89d3b60b105c598fE>
  ef30d9:	48 89 c6             	mov    %rax,%rsi
  ef30dc:	48 8b 7c 24 60       	mov    0x60(%rsp),%rdi
  ef30e1:	e8 fa 64 00 00       	call   ef95e0 <_ZN4core5alloc6layout6Layout25from_size_align_unchecked17h313c75951abe34eaE>
  ef30e6:	48 8b 7c 24 38       	mov    0x38(%rsp),%rdi
  ef30eb:	48 89 54 24 20       	mov    %rdx,0x20(%rsp)
  ef30f0:	48 89 44 24 18       	mov    %rax,0x18(%rsp)
  ef30f5:	48 89 84 24 c0 00 00 	mov    %rax,0xc0(%rsp)
  ef30fc:	00 
  ef30fd:	48 89 94 24 c8 00 00 	mov    %rdx,0xc8(%rsp)
  ef3104:	00 
                let mut lock = self.lock();
  ef3105:	e8 46 fd ff ff       	call   ef2e50 <_ZN4talc5talck18Talck$LT$R$C$O$GT$4lock17haf2476764252e8e8E>
  ef310a:	48 89 84 24 88 00 00 	mov    %rax,0x88(%rsp)
  ef3111:	00 
  ef3112:	48 8d bc 24 88 00 00 	lea    0x88(%rsp),%rdi
  ef3119:	00 
                let allocation = match lock.malloc(new_layout) {
  ef311a:	e8 31 71 00 00       	call   efa250 <_ZN87_$LT$lock_api..mutex..MutexGuard$LT$R$C$T$GT$$u20$as$u20$core..ops..deref..DerefMut$GT$9deref_mut17h5574b5c9d851cd7eE>
  ef311f:	48 8b 74 24 18       	mov    0x18(%rsp),%rsi
  ef3124:	48 8b 54 24 20       	mov    0x20(%rsp),%rdx
  ef3129:	48 89 c7             	mov    %rax,%rdi
  ef312c:	e8 8f 43 00 00       	call   ef74c0 <_ZN4talc4talc13Talc$LT$O$GT$6malloc17h06afc4b86d91d853E>
  ef3131:	48 89 84 24 90 00 00 	mov    %rax,0x90(%rsp)
  ef3138:	00 
  ef3139:	48 8b 94 24 90 00 00 	mov    0x90(%rsp),%rdx
  ef3140:	00 
  ef3141:	31 c0                	xor    %eax,%eax
  ef3143:	b9 01 00 00 00       	mov    $0x1,%ecx
  ef3148:	48 83 fa 00          	cmp    $0x0,%rdx
  ef314c:	48 0f 44 c1          	cmove  %rcx,%rax
  ef3150:	48 a9 01 00 00 00    	test   $0x1,%rax
  ef3156:	75 2e                	jne    ef3186 <_ZN84_$LT$talc..talck..Talck$LT$R$C$O$GT$$u20$as$u20$core..alloc..global..GlobalAlloc$GT$7realloc17h586ac015c9ba4a7aE+0x226>
  ef3158:	eb 47                	jmp    ef31a1 <_ZN84_$LT$talc..talck..Talck$LT$R$C$O$GT$$u20$as$u20$core..alloc..global..GlobalAlloc$GT$7realloc17h586ac015c9ba4a7aE+0x241>
                if let Ok(nn) = self.lock().grow_in_place(nn_ptr, old_layout, new_size) {
  ef315a:	48 8b 44 24 78       	mov    0x78(%rsp),%rax
  ef315f:	48 89 84 24 b8 00 00 	mov    %rax,0xb8(%rsp)
  ef3166:	00 
  ef3167:	48 89 84 24 50 01 00 	mov    %rax,0x150(%rsp)
  ef316e:	00 
                    return nn.as_ptr();
  ef316f:	48 89 44 24 68       	mov    %rax,0x68(%rsp)
  ef3174:	48 8d bc 24 80 00 00 	lea    0x80(%rsp),%rdi
  ef317b:	00 
                }
  ef317c:	e8 1f 02 00 00       	call   ef33a0 <_ZN4core3ptr149drop_in_place$LT$lock_api..mutex..MutexGuard$LT$spin..mutex..Mutex$LT$$LP$$RP$$GT$$C$talc..talc..Talc$LT$common_std..heap..OomHandlerImpl$GT$$GT$$GT$17h5ddd9cdd2f58538eE>
  ef3181:	e9 2f ff ff ff       	jmp    ef30b5 <_ZN84_$LT$talc..talck..Talck$LT$R$C$O$GT$$u20$as$u20$core..alloc..global..GlobalAlloc$GT$7realloc17h586ac015c9ba4a7aE+0x155>
                    Err(_) => return null_mut(),
  ef3186:	48 c7 44 24 68 00 00 	movq   $0x0,0x68(%rsp)
  ef318d:	00 00 
  ef318f:	48 8d bc 24 88 00 00 	lea    0x88(%rsp),%rdi
  ef3196:	00 
            }
  ef3197:	e8 04 02 00 00       	call   ef33a0 <_ZN4core3ptr149drop_in_place$LT$lock_api..mutex..MutexGuard$LT$spin..mutex..Mutex$LT$$LP$$RP$$GT$$C$talc..talc..Talc$LT$common_std..heap..OomHandlerImpl$GT$$GT$$GT$17h5ddd9cdd2f58538eE>
  ef319c:	e9 14 ff ff ff       	jmp    ef30b5 <_ZN84_$LT$talc..talck..Talck$LT$R$C$O$GT$$u20$as$u20$core..alloc..global..GlobalAlloc$GT$7realloc17h586ac015c9ba4a7aE+0x155>
                    Ok(ptr) => ptr,
  ef31a1:	48 8b 84 24 90 00 00 	mov    0x90(%rsp),%rax
  ef31a8:	00 
  ef31a9:	48 89 44 24 10       	mov    %rax,0x10(%rsp)
  ef31ae:	48 89 84 24 d0 00 00 	mov    %rax,0xd0(%rsp)
  ef31b5:	00 
  ef31b6:	48 8d 7c 24 50       	lea    0x50(%rsp),%rdi
                if old_layout.size() > RELEASE_LOCK_ON_REALLOC_LIMIT {
  ef31bb:	e8 90 64 00 00       	call   ef9650 <_ZN4core5alloc6layout6Layout4size17h01105bc4314f51d8E>
  ef31c0:	48 3d 00 00 01 00    	cmp    $0x10000,%rax
  ef31c6:	0f 87 83 00 00 00    	ja     ef324f <_ZN84_$LT$talc..talck..Talck$LT$R$C$O$GT$$u20$as$u20$core..alloc..global..GlobalAlloc$GT$7realloc17h586ac015c9ba4a7aE+0x2ef>
  ef31cc:	48 8b 44 24 10       	mov    0x10(%rsp),%rax
  ef31d1:	48 89 84 24 48 01 00 	mov    %rax,0x148(%rsp)
  ef31d8:	00 
  ef31d9:	48 8d 7c 24 50       	lea    0x50(%rsp),%rdi
                    allocation.as_ptr().copy_from_nonoverlapping(ptr, old_layout.size());
  ef31de:	e8 6d 64 00 00       	call   ef9650 <_ZN4core5alloc6layout6Layout4size17h01105bc4314f51d8E>
  ef31e3:	48 8b 74 24 10       	mov    0x10(%rsp),%rsi
  ef31e8:	48 8b 7c 24 30       	mov    0x30(%rsp),%rdi
  ef31ed:	49 89 c0             	mov    %rax,%r8
  ef31f0:	4c 89 44 24 08       	mov    %r8,0x8(%rsp)
  ef31f5:	48 89 b4 24 08 01 00 	mov    %rsi,0x108(%rsp)
  ef31fc:	00 
  ef31fd:	48 89 bc 24 10 01 00 	mov    %rdi,0x110(%rsp)
  ef3204:	00 
  ef3205:	4c 89 84 24 18 01 00 	mov    %r8,0x118(%rsp)
  ef320c:	00 
  ef320d:	48 89 bc 24 20 01 00 	mov    %rdi,0x120(%rsp)
  ef3214:	00 
  ef3215:	48 89 b4 24 28 01 00 	mov    %rsi,0x128(%rsp)
  ef321c:	00 
  ef321d:	4c 89 84 24 30 01 00 	mov    %r8,0x130(%rsp)
  ef3224:	00 
  ef3225:	b9 01 00 00 00       	mov    $0x1,%ecx
  ef322a:	48 89 ca             	mov    %rcx,%rdx
  ef322d:	e8 4e f7 ff ff       	call   ef2980 <_ZN4core10intrinsics19copy_nonoverlapping18precondition_check17he354c1387521744eE>
  ef3232:	48 8b 7c 24 10       	mov    0x10(%rsp),%rdi
  ef3237:	48 8b 74 24 30       	mov    0x30(%rsp),%rsi
  ef323c:	48 8b 54 24 08       	mov    0x8(%rsp),%rdx
  ef3241:	48 8b 05 e8 bc 00 00 	mov    0xbce8(%rip),%rax        # efef30 <memcpy+0x12b0>
    unsafe { copy_nonoverlapping(src, dst, count) }
  ef3248:	ff d0                	call   *%rax
  ef324a:	e9 9b 00 00 00       	jmp    ef32ea <_ZN84_$LT$talc..talck..Talck$LT$R$C$O$GT$$u20$as$u20$core..alloc..global..GlobalAlloc$GT$7realloc17h586ac015c9ba4a7aE+0x38a>
                    drop(lock);
  ef324f:	48 8b bc 24 88 00 00 	mov    0x88(%rsp),%rdi
  ef3256:	00 
  ef3257:	e8 e4 00 00 00       	call   ef3340 <_ZN4core3mem4drop17hcf63d32ee63998a2E>
  ef325c:	48 8b 44 24 10       	mov    0x10(%rsp),%rax
  ef3261:	48 89 84 24 40 01 00 	mov    %rax,0x140(%rsp)
  ef3268:	00 
  ef3269:	48 8d 7c 24 50       	lea    0x50(%rsp),%rdi
                    allocation.as_ptr().copy_from_nonoverlapping(ptr, old_layout.size());
  ef326e:	e8 dd 63 00 00       	call   ef9650 <_ZN4core5alloc6layout6Layout4size17h01105bc4314f51d8E>
  ef3273:	48 8b 74 24 10       	mov    0x10(%rsp),%rsi
  ef3278:	48 8b 7c 24 30       	mov    0x30(%rsp),%rdi
  ef327d:	49 89 c0             	mov    %rax,%r8
  ef3280:	4c 89 04 24          	mov    %r8,(%rsp)
  ef3284:	48 89 b4 24 d8 00 00 	mov    %rsi,0xd8(%rsp)
  ef328b:	00 
  ef328c:	48 89 bc 24 e0 00 00 	mov    %rdi,0xe0(%rsp)
  ef3293:	00 
  ef3294:	4c 89 84 24 e8 00 00 	mov    %r8,0xe8(%rsp)
  ef329b:	00 
  ef329c:	48 89 bc 24 f0 00 00 	mov    %rdi,0xf0(%rsp)
  ef32a3:	00 
  ef32a4:	48 89 b4 24 f8 00 00 	mov    %rsi,0xf8(%rsp)
  ef32ab:	00 
  ef32ac:	4c 89 84 24 00 01 00 	mov    %r8,0x100(%rsp)
  ef32b3:	00 
  ef32b4:	b9 01 00 00 00       	mov    $0x1,%ecx
  ef32b9:	48 89 ca             	mov    %rcx,%rdx
  ef32bc:	e8 bf f6 ff ff       	call   ef2980 <_ZN4core10intrinsics19copy_nonoverlapping18precondition_check17he354c1387521744eE>
  ef32c1:	48 8b 7c 24 10       	mov    0x10(%rsp),%rdi
  ef32c6:	48 8b 74 24 30       	mov    0x30(%rsp),%rsi
  ef32cb:	48 8b 14 24          	mov    (%rsp),%rdx
  ef32cf:	48 8b 05 5a bc 00 00 	mov    0xbc5a(%rip),%rax        # efef30 <memcpy+0x12b0>
  ef32d6:	ff d0                	call   *%rax
  ef32d8:	48 8b 7c 24 38       	mov    0x38(%rsp),%rdi
                    lock = self.lock();
  ef32dd:	e8 6e fb ff ff       	call   ef2e50 <_ZN4talc5talck18Talck$LT$R$C$O$GT$4lock17haf2476764252e8e8E>
  ef32e2:	48 89 84 24 88 00 00 	mov    %rax,0x88(%rsp)
  ef32e9:	00 
  ef32ea:	48 8d bc 24 88 00 00 	lea    0x88(%rsp),%rdi
  ef32f1:	00 
                lock.free(nn_ptr, old_layout);
  ef32f2:	e8 59 6f 00 00       	call   efa250 <_ZN87_$LT$lock_api..mutex..MutexGuard$LT$R$C$T$GT$$u20$as$u20$core..ops..deref..DerefMut$GT$9deref_mut17h5574b5c9d851cd7eE>
  ef32f7:	48 8b 74 24 40       	mov    0x40(%rsp),%rsi
  ef32fc:	48 89 c7             	mov    %rax,%rdi
  ef32ff:	48 8b 54 24 50       	mov    0x50(%rsp),%rdx
  ef3304:	48 8b 4c 24 58       	mov    0x58(%rsp),%rcx
  ef3309:	e8 12 36 00 00       	call   ef6920 <_ZN4talc4talc13Talc$LT$O$GT$4free17hd135646b46011d29E>
  ef330e:	48 8b 44 24 10       	mov    0x10(%rsp),%rax
  ef3313:	48 89 84 24 38 01 00 	mov    %rax,0x138(%rsp)
  ef331a:	00 
                allocation.as_ptr()
  ef331b:	48 89 44 24 68       	mov    %rax,0x68(%rsp)
  ef3320:	48 8d bc 24 88 00 00 	lea    0x88(%rsp),%rdi
  ef3327:	00 
            }
  ef3328:	e8 73 00 00 00       	call   ef33a0 <_ZN4core3ptr149drop_in_place$LT$lock_api..mutex..MutexGuard$LT$spin..mutex..Mutex$LT$$LP$$RP$$GT$$C$talc..talc..Talc$LT$common_std..heap..OomHandlerImpl$GT$$GT$$GT$17h5ddd9cdd2f58538eE>
  ef332d:	e9 83 fd ff ff       	jmp    ef30b5 <_ZN84_$LT$talc..talck..Talck$LT$R$C$O$GT$$u20$as$u20$core..alloc..global..GlobalAlloc$GT$7realloc17h586ac015c9ba4a7aE+0x155>
  ef3332:	cc                   	int3
  ef3333:	cc                   	int3
  ef3334:	cc                   	int3
  ef3335:	cc                   	int3
  ef3336:	cc                   	int3
  ef3337:	cc                   	int3
  ef3338:	cc                   	int3
  ef3339:	cc                   	int3
  ef333a:	cc                   	int3
  ef333b:	cc                   	int3
  ef333c:	cc                   	int3
  ef333d:	cc                   	int3
  ef333e:	cc                   	int3
  ef333f:	cc                   	int3

0000000000ef3340 <_ZN4core3mem4drop17hcf63d32ee63998a2E>:
///
/// [`RefCell`]: crate::cell::RefCell
#[inline]
#[stable(feature = "rust1", since = "1.0.0")]
#[rustc_diagnostic_item = "mem_drop"]
pub fn drop<T>(_x: T) {}
  ef3340:	50                   	push   %rax
  ef3341:	48 89 3c 24          	mov    %rdi,(%rsp)
  ef3345:	48 89 e7             	mov    %rsp,%rdi
  ef3348:	e8 53 00 00 00       	call   ef33a0 <_ZN4core3ptr149drop_in_place$LT$lock_api..mutex..MutexGuard$LT$spin..mutex..Mutex$LT$$LP$$RP$$GT$$C$talc..talc..Talc$LT$common_std..heap..OomHandlerImpl$GT$$GT$$GT$17h5ddd9cdd2f58538eE>
  ef334d:	58                   	pop    %rax
  ef334e:	c3                   	ret
  ef334f:	cc                   	int3

0000000000ef3350 <_ZN4core3mem6forget17h14bf3c87a5d927f0E>:
pub const fn forget<T>(t: T) {
  ef3350:	50                   	push   %rax
  ef3351:	48 89 3c 24          	mov    %rdi,(%rsp)
}
  ef3355:	58                   	pop    %rax
  ef3356:	c3                   	ret
  ef3357:	cc                   	int3
  ef3358:	cc                   	int3
  ef3359:	cc                   	int3
  ef335a:	cc                   	int3
  ef335b:	cc                   	int3
  ef335c:	cc                   	int3
  ef335d:	cc                   	int3
  ef335e:	cc                   	int3
  ef335f:	cc                   	int3

0000000000ef3360 <_ZN4core3mem6forget17h33db667eb94263ebE>:
pub const fn forget<T>(t: T) {
  ef3360:	48 83 ec 10          	sub    $0x10,%rsp
  ef3364:	48 89 3c 24          	mov    %rdi,(%rsp)
  ef3368:	48 89 74 24 08       	mov    %rsi,0x8(%rsp)
}
  ef336d:	48 83 c4 10          	add    $0x10,%rsp
  ef3371:	c3                   	ret
  ef3372:	cc                   	int3
  ef3373:	cc                   	int3
  ef3374:	cc                   	int3
  ef3375:	cc                   	int3
  ef3376:	cc                   	int3
  ef3377:	cc                   	int3
  ef3378:	cc                   	int3
  ef3379:	cc                   	int3
  ef337a:	cc                   	int3
  ef337b:	cc                   	int3
  ef337c:	cc                   	int3
  ef337d:	cc                   	int3
  ef337e:	cc                   	int3
  ef337f:	cc                   	int3

0000000000ef3380 <_ZN4core3ops8function6FnOnce9call_once17h082db2414d7fd5f6E>:
    #[stable(feature = "fn_once_output", since = "1.12.0")]
    type Output;

    /// Performs the call operation.
    #[unstable(feature = "fn_traits", issue = "29625")]
    extern "rust-call" fn call_once(self, args: Args) -> Self::Output;
  ef3380:	48 83 ec 18          	sub    $0x18,%rsp
  ef3384:	48 89 7c 24 10       	mov    %rdi,0x10(%rsp)
  ef3389:	ff d7                	call   *%rdi
  ef338b:	48 83 c4 18          	add    $0x18,%rsp
  ef338f:	c3                   	ret

0000000000ef3390 <_ZN4core3ops8function6FnOnce9call_once17h6a9f08c466a3f67aE>:
  ef3390:	50                   	push   %rax
  ef3391:	48 8d 7c 24 06       	lea    0x6(%rsp),%rdi
  ef3396:	e8 c5 5f 00 00       	call   ef9360 <_ZN10common_std4heap11HEAP_MEMORY28_$u7b$$u7b$closure$u7d$$u7d$17h6d4051878614aac0E>
  ef339b:	59                   	pop    %rcx
  ef339c:	c3                   	ret
  ef339d:	cc                   	int3
  ef339e:	cc                   	int3
  ef339f:	cc                   	int3

0000000000ef33a0 <_ZN4core3ptr149drop_in_place$LT$lock_api..mutex..MutexGuard$LT$spin..mutex..Mutex$LT$$LP$$RP$$GT$$C$talc..talc..Talc$LT$common_std..heap..OomHandlerImpl$GT$$GT$$GT$17h5ddd9cdd2f58538eE>:
pub unsafe fn drop_in_place<T: ?Sized>(to_drop: *mut T) {
  ef33a0:	50                   	push   %rax
  ef33a1:	48 89 3c 24          	mov    %rdi,(%rsp)
  ef33a5:	e8 f6 01 00 00       	call   ef35a0 <_ZN82_$LT$lock_api..mutex..MutexGuard$LT$R$C$T$GT$$u20$as$u20$core..ops..drop..Drop$GT$4drop17h297d4d2aafdf1b2bE>
  ef33aa:	58                   	pop    %rax
  ef33ab:	c3                   	ret
  ef33ac:	cc                   	int3
  ef33ad:	cc                   	int3
  ef33ae:	cc                   	int3
  ef33af:	cc                   	int3

0000000000ef33b0 <_ZN4core3ptr42drop_in_place$LT$alloc..string..String$GT$17hdcf5bc728ec81b54E>:
  ef33b0:	50                   	push   %rax
  ef33b1:	48 89 3c 24          	mov    %rdi,(%rsp)
  ef33b5:	e8 06 00 00 00       	call   ef33c0 <_ZN4core3ptr46drop_in_place$LT$alloc..vec..Vec$LT$u8$GT$$GT$17hb3921d121b5b8cb0E>
  ef33ba:	58                   	pop    %rax
  ef33bb:	c3                   	ret
  ef33bc:	cc                   	int3
  ef33bd:	cc                   	int3
  ef33be:	cc                   	int3
  ef33bf:	cc                   	int3

0000000000ef33c0 <_ZN4core3ptr46drop_in_place$LT$alloc..vec..Vec$LT$u8$GT$$GT$17hb3921d121b5b8cb0E>:
  ef33c0:	48 83 ec 18          	sub    $0x18,%rsp
  ef33c4:	48 89 7c 24 08       	mov    %rdi,0x8(%rsp)
  ef33c9:	48 89 7c 24 10       	mov    %rdi,0x10(%rsp)
  ef33ce:	e8 3d 01 00 00       	call   ef3510 <_ZN70_$LT$alloc..vec..Vec$LT$T$C$A$GT$$u20$as$u20$core..ops..drop..Drop$GT$4drop17hf305f9940e8f8b7dE>
  ef33d3:	48 8b 7c 24 08       	mov    0x8(%rsp),%rdi
  ef33d8:	e8 73 00 00 00       	call   ef3450 <_ZN4core3ptr53drop_in_place$LT$alloc..raw_vec..RawVec$LT$u8$GT$$GT$17h4f60992f3a6f72a5E>
  ef33dd:	48 83 c4 18          	add    $0x18,%rsp
  ef33e1:	c3                   	ret
  ef33e2:	cc                   	int3
  ef33e3:	cc                   	int3
  ef33e4:	cc                   	int3
  ef33e5:	cc                   	int3
  ef33e6:	cc                   	int3
  ef33e7:	cc                   	int3
  ef33e8:	cc                   	int3
  ef33e9:	cc                   	int3
  ef33ea:	cc                   	int3
  ef33eb:	cc                   	int3
  ef33ec:	cc                   	int3
  ef33ed:	cc                   	int3
  ef33ee:	cc                   	int3
  ef33ef:	cc                   	int3

0000000000ef33f0 <_ZN4core3ptr47drop_in_place$LT$alloc..vec..Vec$LT$u32$GT$$GT$17hd44504878ccd906cE>:
  ef33f0:	48 83 ec 18          	sub    $0x18,%rsp
  ef33f4:	48 89 7c 24 08       	mov    %rdi,0x8(%rsp)
  ef33f9:	48 89 7c 24 10       	mov    %rdi,0x10(%rsp)
  ef33fe:	e8 bd 00 00 00       	call   ef34c0 <_ZN70_$LT$alloc..vec..Vec$LT$T$C$A$GT$$u20$as$u20$core..ops..drop..Drop$GT$4drop17h729c33b2c000953bE>
  ef3403:	48 8b 7c 24 08       	mov    0x8(%rsp),%rdi
  ef3408:	e8 53 00 00 00       	call   ef3460 <_ZN4core3ptr54drop_in_place$LT$alloc..raw_vec..RawVec$LT$u32$GT$$GT$17h789ecac121ccef3bE>
  ef340d:	48 83 c4 18          	add    $0x18,%rsp
  ef3411:	c3                   	ret
  ef3412:	cc                   	int3
  ef3413:	cc                   	int3
  ef3414:	cc                   	int3
  ef3415:	cc                   	int3
  ef3416:	cc                   	int3
  ef3417:	cc                   	int3
  ef3418:	cc                   	int3
  ef3419:	cc                   	int3
  ef341a:	cc                   	int3
  ef341b:	cc                   	int3
  ef341c:	cc                   	int3
  ef341d:	cc                   	int3
  ef341e:	cc                   	int3
  ef341f:	cc                   	int3

0000000000ef3420 <_ZN4core3ptr51drop_in_place$LT$common_std..ipc..MessagePacket$GT$17hbed48e653cdfadd2E>:
  ef3420:	48 83 ec 18          	sub    $0x18,%rsp
  ef3424:	48 89 7c 24 08       	mov    %rdi,0x8(%rsp)
  ef3429:	48 89 7c 24 10       	mov    %rdi,0x10(%rsp)
  ef342e:	e8 8d ff ff ff       	call   ef33c0 <_ZN4core3ptr46drop_in_place$LT$alloc..vec..Vec$LT$u8$GT$$GT$17hb3921d121b5b8cb0E>
  ef3433:	48 8b 7c 24 08       	mov    0x8(%rsp),%rdi
  ef3438:	48 83 c7 18          	add    $0x18,%rdi
  ef343c:	e8 af ff ff ff       	call   ef33f0 <_ZN4core3ptr47drop_in_place$LT$alloc..vec..Vec$LT$u32$GT$$GT$17hd44504878ccd906cE>
  ef3441:	48 83 c4 18          	add    $0x18,%rsp
  ef3445:	c3                   	ret
  ef3446:	cc                   	int3
  ef3447:	cc                   	int3
  ef3448:	cc                   	int3
  ef3449:	cc                   	int3
  ef344a:	cc                   	int3
  ef344b:	cc                   	int3
  ef344c:	cc                   	int3
  ef344d:	cc                   	int3
  ef344e:	cc                   	int3
  ef344f:	cc                   	int3

0000000000ef3450 <_ZN4core3ptr53drop_in_place$LT$alloc..raw_vec..RawVec$LT$u8$GT$$GT$17h4f60992f3a6f72a5E>:
  ef3450:	50                   	push   %rax
  ef3451:	48 89 3c 24          	mov    %rdi,(%rsp)
  ef3455:	e8 26 01 00 00       	call   ef3580 <_ZN77_$LT$alloc..raw_vec..RawVec$LT$T$C$A$GT$$u20$as$u20$core..ops..drop..Drop$GT$4drop17hc1ea50137d472da2E>
  ef345a:	58                   	pop    %rax
  ef345b:	c3                   	ret
  ef345c:	cc                   	int3
  ef345d:	cc                   	int3
  ef345e:	cc                   	int3
  ef345f:	cc                   	int3

0000000000ef3460 <_ZN4core3ptr54drop_in_place$LT$alloc..raw_vec..RawVec$LT$u32$GT$$GT$17h789ecac121ccef3bE>:
  ef3460:	50                   	push   %rax
  ef3461:	48 89 3c 24          	mov    %rdi,(%rsp)
  ef3465:	e8 f6 00 00 00       	call   ef3560 <_ZN77_$LT$alloc..raw_vec..RawVec$LT$T$C$A$GT$$u20$as$u20$core..ops..drop..Drop$GT$4drop17h67462a42e820ae12E>
  ef346a:	58                   	pop    %rax
  ef346b:	c3                   	ret
  ef346c:	cc                   	int3
  ef346d:	cc                   	int3
  ef346e:	cc                   	int3
  ef346f:	cc                   	int3

0000000000ef3470 <_ZN4core3ptr70drop_in_place$LT$spin..mutex..spin..SpinMutexGuard$LT$$LP$$RP$$GT$$GT$17h1a69fe93bfcb678eE>:
  ef3470:	50                   	push   %rax
  ef3471:	48 89 3c 24          	mov    %rdi,(%rsp)
  ef3475:	e8 36 01 00 00       	call   ef35b0 <_ZN84_$LT$spin..mutex..spin..SpinMutexGuard$LT$T$GT$$u20$as$u20$core..ops..drop..Drop$GT$4drop17h193f55de4d2a99adE>
  ef347a:	58                   	pop    %rax
  ef347b:	c3                   	ret
  ef347c:	cc                   	int3
  ef347d:	cc                   	int3
  ef347e:	cc                   	int3
  ef347f:	cc                   	int3

0000000000ef3480 <_ZN4core3ptr98drop_in_place$LT$core..option..Option$LT$spin..mutex..spin..SpinMutexGuard$LT$$LP$$RP$$GT$$GT$$GT$17he1f41a62b0c135a3E>:
  ef3480:	48 83 ec 18          	sub    $0x18,%rsp
  ef3484:	48 89 7c 24 08       	mov    %rdi,0x8(%rsp)
  ef3489:	48 89 7c 24 10       	mov    %rdi,0x10(%rsp)
  ef348e:	48 8b 17             	mov    (%rdi),%rdx
  ef3491:	b8 01 00 00 00       	mov    $0x1,%eax
  ef3496:	31 c9                	xor    %ecx,%ecx
  ef3498:	48 83 fa 00          	cmp    $0x0,%rdx
  ef349c:	48 0f 44 c1          	cmove  %rcx,%rax
  ef34a0:	48 83 f8 00          	cmp    $0x0,%rax
  ef34a4:	75 05                	jne    ef34ab <_ZN4core3ptr98drop_in_place$LT$core..option..Option$LT$spin..mutex..spin..SpinMutexGuard$LT$$LP$$RP$$GT$$GT$$GT$17he1f41a62b0c135a3E+0x2b>
  ef34a6:	48 83 c4 18          	add    $0x18,%rsp
  ef34aa:	c3                   	ret
  ef34ab:	48 8b 7c 24 08       	mov    0x8(%rsp),%rdi
  ef34b0:	e8 bb ff ff ff       	call   ef3470 <_ZN4core3ptr70drop_in_place$LT$spin..mutex..spin..SpinMutexGuard$LT$$LP$$RP$$GT$$GT$17h1a69fe93bfcb678eE>
  ef34b5:	eb ef                	jmp    ef34a6 <_ZN4core3ptr98drop_in_place$LT$core..option..Option$LT$spin..mutex..spin..SpinMutexGuard$LT$$LP$$RP$$GT$$GT$$GT$17he1f41a62b0c135a3E+0x26>
  ef34b7:	cc                   	int3
  ef34b8:	cc                   	int3
  ef34b9:	cc                   	int3
  ef34ba:	cc                   	int3
  ef34bb:	cc                   	int3
  ef34bc:	cc                   	int3
  ef34bd:	cc                   	int3
  ef34be:	cc                   	int3
  ef34bf:	cc                   	int3

0000000000ef34c0 <_ZN70_$LT$alloc..vec..Vec$LT$T$C$A$GT$$u20$as$u20$core..ops..drop..Drop$GT$4drop17h729c33b2c000953bE>:
    }
}

#[stable(feature = "rust1", since = "1.0.0")]
unsafe impl<#[may_dangle] T, A: Allocator> Drop for Vec<T, A> {
    fn drop(&mut self) {
  ef34c0:	48 83 ec 28          	sub    $0x28,%rsp
  ef34c4:	48 89 7c 24 10       	mov    %rdi,0x10(%rsp)
  ef34c9:	48 8b 47 08          	mov    0x8(%rdi),%rax
        unsafe { mem::transmute::<Self, *mut T>(self) }
  ef34cd:	48 89 44 24 18       	mov    %rax,0x18(%rsp)
        unsafe {
            // use drop for [T]
            // use a raw slice to refer to the elements of the vector as weakest necessary type;
            // could avoid questions of validity in certain cases
            ptr::drop_in_place(ptr::slice_from_raw_parts_mut(self.as_mut_ptr(), self.len))
  ef34d2:	48 8b 47 10          	mov    0x10(%rdi),%rax
  ef34d6:	48 89 04 24          	mov    %rax,(%rsp)
  ef34da:	48 89 44 24 20       	mov    %rax,0x20(%rsp)
  ef34df:	48 c7 44 24 08 00 00 	movq   $0x0,0x8(%rsp)
  ef34e6:	00 00 
  ef34e8:	48 8b 04 24          	mov    (%rsp),%rax
  ef34ec:	48 39 44 24 08       	cmp    %rax,0x8(%rsp)
  ef34f1:	74 10                	je     ef3503 <_ZN70_$LT$alloc..vec..Vec$LT$T$C$A$GT$$u20$as$u20$core..ops..drop..Drop$GT$4drop17h729c33b2c000953bE+0x43>
  ef34f3:	48 8b 44 24 08       	mov    0x8(%rsp),%rax
  ef34f8:	48 83 c0 01          	add    $0x1,%rax
  ef34fc:	48 89 44 24 08       	mov    %rax,0x8(%rsp)
  ef3501:	eb e5                	jmp    ef34e8 <_ZN70_$LT$alloc..vec..Vec$LT$T$C$A$GT$$u20$as$u20$core..ops..drop..Drop$GT$4drop17h729c33b2c000953bE+0x28>
        }
        // RawVec handles deallocation
    }
  ef3503:	48 83 c4 28          	add    $0x28,%rsp
  ef3507:	c3                   	ret
  ef3508:	cc                   	int3
  ef3509:	cc                   	int3
  ef350a:	cc                   	int3
  ef350b:	cc                   	int3
  ef350c:	cc                   	int3
  ef350d:	cc                   	int3
  ef350e:	cc                   	int3
  ef350f:	cc                   	int3

0000000000ef3510 <_ZN70_$LT$alloc..vec..Vec$LT$T$C$A$GT$$u20$as$u20$core..ops..drop..Drop$GT$4drop17hf305f9940e8f8b7dE>:
    fn drop(&mut self) {
  ef3510:	48 83 ec 28          	sub    $0x28,%rsp
  ef3514:	48 89 7c 24 10       	mov    %rdi,0x10(%rsp)
  ef3519:	48 8b 47 08          	mov    0x8(%rdi),%rax
  ef351d:	48 89 44 24 18       	mov    %rax,0x18(%rsp)
            ptr::drop_in_place(ptr::slice_from_raw_parts_mut(self.as_mut_ptr(), self.len))
  ef3522:	48 8b 47 10          	mov    0x10(%rdi),%rax
  ef3526:	48 89 04 24          	mov    %rax,(%rsp)
  ef352a:	48 89 44 24 20       	mov    %rax,0x20(%rsp)
  ef352f:	48 c7 44 24 08 00 00 	movq   $0x0,0x8(%rsp)
  ef3536:	00 00 
  ef3538:	48 8b 04 24          	mov    (%rsp),%rax
  ef353c:	48 39 44 24 08       	cmp    %rax,0x8(%rsp)
  ef3541:	74 10                	je     ef3553 <_ZN70_$LT$alloc..vec..Vec$LT$T$C$A$GT$$u20$as$u20$core..ops..drop..Drop$GT$4drop17hf305f9940e8f8b7dE+0x43>
  ef3543:	48 8b 44 24 08       	mov    0x8(%rsp),%rax
  ef3548:	48 83 c0 01          	add    $0x1,%rax
  ef354c:	48 89 44 24 08       	mov    %rax,0x8(%rsp)
  ef3551:	eb e5                	jmp    ef3538 <_ZN70_$LT$alloc..vec..Vec$LT$T$C$A$GT$$u20$as$u20$core..ops..drop..Drop$GT$4drop17hf305f9940e8f8b7dE+0x28>
    }
  ef3553:	48 83 c4 28          	add    $0x28,%rsp
  ef3557:	c3                   	ret
  ef3558:	cc                   	int3
  ef3559:	cc                   	int3
  ef355a:	cc                   	int3
  ef355b:	cc                   	int3
  ef355c:	cc                   	int3
  ef355d:	cc                   	int3
  ef355e:	cc                   	int3
  ef355f:	cc                   	int3

0000000000ef3560 <_ZN77_$LT$alloc..raw_vec..RawVec$LT$T$C$A$GT$$u20$as$u20$core..ops..drop..Drop$GT$4drop17h67462a42e820ae12E>:
    fn drop(&mut self) {
  ef3560:	50                   	push   %rax
  ef3561:	48 89 3c 24          	mov    %rdi,(%rsp)
  ef3565:	ba 04 00 00 00       	mov    $0x4,%edx
        unsafe { self.inner.deallocate(T::LAYOUT) }
  ef356a:	48 89 d6             	mov    %rdx,%rsi
  ef356d:	e8 8e 57 00 00       	call   ef8d00 <_ZN5alloc7raw_vec20RawVecInner$LT$A$GT$10deallocate17h08b5281b6ab6765eE>
    }
  ef3572:	58                   	pop    %rax
  ef3573:	c3                   	ret
  ef3574:	cc                   	int3
  ef3575:	cc                   	int3
  ef3576:	cc                   	int3
  ef3577:	cc                   	int3
  ef3578:	cc                   	int3
  ef3579:	cc                   	int3
  ef357a:	cc                   	int3
  ef357b:	cc                   	int3
  ef357c:	cc                   	int3
  ef357d:	cc                   	int3
  ef357e:	cc                   	int3
  ef357f:	cc                   	int3

0000000000ef3580 <_ZN77_$LT$alloc..raw_vec..RawVec$LT$T$C$A$GT$$u20$as$u20$core..ops..drop..Drop$GT$4drop17hc1ea50137d472da2E>:
    fn drop(&mut self) {
  ef3580:	50                   	push   %rax
  ef3581:	48 89 3c 24          	mov    %rdi,(%rsp)
  ef3585:	ba 01 00 00 00       	mov    $0x1,%edx
        unsafe { self.inner.deallocate(T::LAYOUT) }
  ef358a:	48 89 d6             	mov    %rdx,%rsi
  ef358d:	e8 6e 57 00 00       	call   ef8d00 <_ZN5alloc7raw_vec20RawVecInner$LT$A$GT$10deallocate17h08b5281b6ab6765eE>
    }
  ef3592:	58                   	pop    %rax
  ef3593:	c3                   	ret
  ef3594:	cc                   	int3
  ef3595:	cc                   	int3
  ef3596:	cc                   	int3
  ef3597:	cc                   	int3
  ef3598:	cc                   	int3
  ef3599:	cc                   	int3
  ef359a:	cc                   	int3
  ef359b:	cc                   	int3
  ef359c:	cc                   	int3
  ef359d:	cc                   	int3
  ef359e:	cc                   	int3
  ef359f:	cc                   	int3

0000000000ef35a0 <_ZN82_$LT$lock_api..mutex..MutexGuard$LT$R$C$T$GT$$u20$as$u20$core..ops..drop..Drop$GT$4drop17h297d4d2aafdf1b2bE>:
    }
}

impl<'a, R: RawMutex + 'a, T: ?Sized + 'a> Drop for MutexGuard<'a, R, T> {
    #[inline]
    fn drop(&mut self) {
  ef35a0:	50                   	push   %rax
  ef35a1:	48 89 3c 24          	mov    %rdi,(%rsp)
        // Safety: A MutexGuard always holds the lock.
        unsafe {
            self.mutex.raw.unlock();
  ef35a5:	48 8b 3f             	mov    (%rdi),%rdi
  ef35a8:	e8 43 01 00 00       	call   ef36f0 <_ZN84_$LT$spin..mutex..Mutex$LT$$LP$$RP$$C$R$GT$$u20$as$u20$lock_api..mutex..RawMutex$GT$6unlock17h0063c74cc6b17f03E>
        }
    }
  ef35ad:	58                   	pop    %rax
  ef35ae:	c3                   	ret
  ef35af:	cc                   	int3

0000000000ef35b0 <_ZN84_$LT$spin..mutex..spin..SpinMutexGuard$LT$T$GT$$u20$as$u20$core..ops..drop..Drop$GT$4drop17h193f55de4d2a99adE>:
    }
}

impl<'a, T: ?Sized> Drop for SpinMutexGuard<'a, T> {
    /// The dropping of the MutexGuard will release the lock it was created from.
    fn drop(&mut self) {
  ef35b0:	48 83 ec 18          	sub    $0x18,%rsp
  ef35b4:	48 89 7c 24 10       	mov    %rdi,0x10(%rsp)
        self.lock.store(false, Ordering::Release);
  ef35b9:	48 8b 3f             	mov    (%rdi),%rdi
  ef35bc:	c6 44 24 0f 01       	movb   $0x1,0xf(%rsp)
  ef35c1:	8a 44 24 0f          	mov    0xf(%rsp),%al
  ef35c5:	31 c9                	xor    %ecx,%ecx
  ef35c7:	0f b6 d0             	movzbl %al,%edx
  ef35ca:	31 f6                	xor    %esi,%esi
  ef35cc:	e8 cf 08 00 00       	call   ef3ea0 <_ZN4core4sync6atomic10AtomicBool5store17h915852e7e8ab351aE>
    }
  ef35d1:	48 83 c4 18          	add    $0x18,%rsp
  ef35d5:	c3                   	ret
  ef35d6:	cc                   	int3
  ef35d7:	cc                   	int3
  ef35d8:	cc                   	int3
  ef35d9:	cc                   	int3
  ef35da:	cc                   	int3
  ef35db:	cc                   	int3
  ef35dc:	cc                   	int3
  ef35dd:	cc                   	int3
  ef35de:	cc                   	int3
  ef35df:	cc                   	int3

0000000000ef35e0 <_ZN84_$LT$spin..mutex..Mutex$LT$$LP$$RP$$C$R$GT$$u20$as$u20$lock_api..mutex..RawMutex$GT$4lock17h66a81140d4dc4074E>:
unsafe impl<R: RelaxStrategy> lock_api_crate::RawMutex for Mutex<(), R> {
    type GuardMarker = lock_api_crate::GuardSend;

    const INIT: Self = Self::new(());

    fn lock(&self) {
  ef35e0:	48 83 ec 78          	sub    $0x78,%rsp
  ef35e4:	48 89 3c 24          	mov    %rdi,(%rsp)
  ef35e8:	48 89 7c 24 08       	mov    %rdi,0x8(%rsp)
  ef35ed:	48 89 7c 24 10       	mov    %rdi,0x10(%rsp)
  ef35f2:	48 89 7c 24 28       	mov    %rdi,0x28(%rsp)
  ef35f7:	48 8b 3c 24          	mov    (%rsp),%rdi
  ef35fb:	48 89 7c 24 58       	mov    %rdi,0x58(%rsp)
            .compare_exchange_weak(false, true, Ordering::Acquire, Ordering::Relaxed)
  ef3600:	c6 44 24 56 02       	movb   $0x2,0x56(%rsp)
  ef3605:	c6 44 24 57 00       	movb   $0x0,0x57(%rsp)
        if self
  ef360a:	8a 4c 24 56          	mov    0x56(%rsp),%cl
  ef360e:	8a 44 24 57          	mov    0x57(%rsp),%al
  ef3612:	31 d2                	xor    %edx,%edx
  ef3614:	0f b6 c9             	movzbl %cl,%ecx
  ef3617:	44 0f b6 c0          	movzbl %al,%r8d
  ef361b:	31 f6                	xor    %esi,%esi
  ef361d:	ba 01 00 00 00       	mov    $0x1,%edx
  ef3622:	e8 69 07 00 00       	call   ef3d90 <_ZN4core4sync6atomic10AtomicBool21compare_exchange_weak17h0d410e37b62abae7E>
  ef3627:	24 01                	and    $0x1,%al
  ef3629:	88 44 24 54          	mov    %al,0x54(%rsp)
  ef362d:	88 54 24 55          	mov    %dl,0x55(%rsp)
  ef3631:	48 8d 7c 24 54       	lea    0x54(%rsp),%rdi
  ef3636:	e8 75 15 00 00       	call   ef4bb0 <_ZN4core6result19Result$LT$T$C$E$GT$5is_ok17hab6ce404ae3e7fd5E>
  ef363b:	a8 01                	test   $0x1,%al
  ef363d:	75 0b                	jne    ef364a <_ZN84_$LT$spin..mutex..Mutex$LT$$LP$$RP$$C$R$GT$$u20$as$u20$lock_api..mutex..RawMutex$GT$4lock17h66a81140d4dc4074E+0x6a>
            None
  ef363f:	48 c7 44 24 40 00 00 	movq   $0x0,0x40(%rsp)
  ef3646:	00 00 
        if self
  ef3648:	eb 1a                	jmp    ef3664 <_ZN84_$LT$spin..mutex..Mutex$LT$$LP$$RP$$C$R$GT$$u20$as$u20$lock_api..mutex..RawMutex$GT$4lock17h66a81140d4dc4074E+0x84>
  ef364a:	48 8b 0c 24          	mov    (%rsp),%rcx
                data: unsafe { &mut *self.data.get() },
  ef364e:	48 89 c8             	mov    %rcx,%rax
  ef3651:	48 83 c0 01          	add    $0x1,%rax
  ef3655:	48 89 44 24 60       	mov    %rax,0x60(%rsp)
            Some(SpinMutexGuard {
  ef365a:	48 89 4c 24 40       	mov    %rcx,0x40(%rsp)
  ef365f:	48 89 44 24 48       	mov    %rax,0x48(%rsp)
    }
  ef3664:	48 8b 4c 24 40       	mov    0x40(%rsp),%rcx
  ef3669:	48 8b 44 24 48       	mov    0x48(%rsp),%rax
            if let Some(guard) = self.try_lock_weak() {
  ef366e:	48 89 4c 24 18       	mov    %rcx,0x18(%rsp)
  ef3673:	48 89 44 24 20       	mov    %rax,0x20(%rsp)
  ef3678:	48 8b 54 24 18       	mov    0x18(%rsp),%rdx
  ef367d:	b8 01 00 00 00       	mov    $0x1,%eax
  ef3682:	31 c9                	xor    %ecx,%ecx
  ef3684:	48 83 fa 00          	cmp    $0x0,%rdx
  ef3688:	48 0f 44 c1          	cmove  %rcx,%rax
  ef368c:	48 a9 01 00 00 00    	test   $0x1,%rax
  ef3692:	75 34                	jne    ef36c8 <_ZN84_$LT$spin..mutex..Mutex$LT$$LP$$RP$$C$R$GT$$u20$as$u20$lock_api..mutex..RawMutex$GT$4lock17h66a81140d4dc4074E+0xe8>
  ef3694:	48 8d 7c 24 18       	lea    0x18(%rsp),%rdi
            }
  ef3699:	e8 e2 fd ff ff       	call   ef3480 <_ZN4core3ptr98drop_in_place$LT$core..option..Option$LT$spin..mutex..spin..SpinMutexGuard$LT$$LP$$RP$$GT$$GT$$GT$17he1f41a62b0c135a3E>
  ef369e:	48 8b 3c 24          	mov    (%rsp),%rdi
  ef36a2:	48 89 7c 24 70       	mov    %rdi,0x70(%rsp)
        self.lock.load(Ordering::Relaxed)
  ef36a7:	c6 44 24 6f 00       	movb   $0x0,0x6f(%rsp)
  ef36ac:	8a 44 24 6f          	mov    0x6f(%rsp),%al
  ef36b0:	0f b6 f0             	movzbl %al,%esi
  ef36b3:	e8 b8 07 00 00       	call   ef3e70 <_ZN4core4sync6atomic10AtomicBool4load17hd3da5dead26a3541E>
            while self.is_locked() {
  ef36b8:	a8 01                	test   $0x1,%al
  ef36ba:	75 05                	jne    ef36c1 <_ZN84_$LT$spin..mutex..Mutex$LT$$LP$$RP$$C$R$GT$$u20$as$u20$lock_api..mutex..RawMutex$GT$4lock17h66a81140d4dc4074E+0xe1>
  ef36bc:	e9 36 ff ff ff       	jmp    ef35f7 <_ZN84_$LT$spin..mutex..Mutex$LT$$LP$$RP$$C$R$GT$$u20$as$u20$lock_api..mutex..RawMutex$GT$4lock17h66a81140d4dc4074E+0x17>
    #[inline(always)]
    fn relax() {
        // Use the deprecated spin_loop_hint() to ensure that we don't get
        // a higher MSRV than we need to.
        #[allow(deprecated)]
        core::sync::atomic::spin_loop_hint();
  ef36c1:	e8 1a 08 00 00       	call   ef3ee0 <_ZN4core4sync6atomic14spin_loop_hint17ha11445b1e1a08a27E>
                R::relax();
  ef36c6:	eb d6                	jmp    ef369e <_ZN84_$LT$spin..mutex..Mutex$LT$$LP$$RP$$C$R$GT$$u20$as$u20$lock_api..mutex..RawMutex$GT$4lock17h66a81140d4dc4074E+0xbe>
            if let Some(guard) = self.try_lock_weak() {
  ef36c8:	48 8b 7c 24 18       	mov    0x18(%rsp),%rdi
  ef36cd:	48 8b 74 24 20       	mov    0x20(%rsp),%rsi
  ef36d2:	48 89 7c 24 30       	mov    %rdi,0x30(%rsp)
  ef36d7:	48 89 74 24 38       	mov    %rsi,0x38(%rsp)
        // Prevent guard destructor running
        core::mem::forget(Self::lock(self));
  ef36dc:	e8 7f fc ff ff       	call   ef3360 <_ZN4core3mem6forget17h33db667eb94263ebE>
    }
  ef36e1:	48 83 c4 78          	add    $0x78,%rsp
  ef36e5:	c3                   	ret
  ef36e6:	cc                   	int3
  ef36e7:	cc                   	int3
  ef36e8:	cc                   	int3
  ef36e9:	cc                   	int3
  ef36ea:	cc                   	int3
  ef36eb:	cc                   	int3
  ef36ec:	cc                   	int3
  ef36ed:	cc                   	int3
  ef36ee:	cc                   	int3
  ef36ef:	cc                   	int3

0000000000ef36f0 <_ZN84_$LT$spin..mutex..Mutex$LT$$LP$$RP$$C$R$GT$$u20$as$u20$lock_api..mutex..RawMutex$GT$6unlock17h0063c74cc6b17f03E>:
    fn try_lock(&self) -> bool {
        // Prevent guard destructor running
        Self::try_lock(self).map(core::mem::forget).is_some()
    }

    unsafe fn unlock(&self) {
  ef36f0:	48 83 ec 28          	sub    $0x28,%rsp
  ef36f4:	48 89 7c 24 08       	mov    %rdi,0x8(%rsp)
  ef36f9:	48 89 7c 24 10       	mov    %rdi,0x10(%rsp)
  ef36fe:	48 89 7c 24 20       	mov    %rdi,0x20(%rsp)
        self.lock.store(false, Ordering::Release);
  ef3703:	c6 44 24 1f 01       	movb   $0x1,0x1f(%rsp)
  ef3708:	8a 44 24 1f          	mov    0x1f(%rsp),%al
  ef370c:	31 c9                	xor    %ecx,%ecx
  ef370e:	0f b6 d0             	movzbl %al,%edx
  ef3711:	31 f6                	xor    %esi,%esi
  ef3713:	e8 88 07 00 00       	call   ef3ea0 <_ZN4core4sync6atomic10AtomicBool5store17h915852e7e8ab351aE>
        self.force_unlock();
    }
  ef3718:	48 83 c4 28          	add    $0x28,%rsp
  ef371c:	c3                   	ret
  ef371d:	cc                   	int3
  ef371e:	cc                   	int3
  ef371f:	cc                   	int3

0000000000ef3720 <_ZN63_$LT$common_std..error..RcError$u20$as$u20$core..fmt..Debug$GT$3fmt17h72fd225712b678d7E>:
  ef3720:	48 83 ec 38          	sub    $0x38,%rsp
  ef3724:	48 89 74 24 08       	mov    %rsi,0x8(%rsp)
  ef3729:	48 89 7c 24 28       	mov    %rdi,0x28(%rsp)
  ef372e:	48 89 74 24 30       	mov    %rsi,0x30(%rsp)
  ef3733:	48 8b 07             	mov    (%rdi),%rax
  ef3736:	48 83 c0 0e          	add    $0xe,%rax
  ef373a:	48 89 44 24 10       	mov    %rax,0x10(%rsp)
  ef373f:	48 8b 44 24 10       	mov    0x10(%rsp),%rax
  ef3744:	48 8b 04 c5 00 d1 ee 	mov    0xeed100(,%rax,8),%rax
  ef374b:	00 
  ef374c:	ff e0                	jmp    *%rax
  ef374e:	0f 0b                	ud2
  ef3750:	48 c7 44 24 18 78 d1 	movq   $0xeed178,0x18(%rsp)
  ef3757:	ee 00 
  ef3759:	48 c7 44 24 20 02 00 	movq   $0x2,0x20(%rsp)
  ef3760:	00 00 
  ef3762:	e9 2b 01 00 00       	jmp    ef3892 <_ZN63_$LT$common_std..error..RcError$u20$as$u20$core..fmt..Debug$GT$3fmt17h72fd225712b678d7E+0x172>
  ef3767:	48 c7 44 24 18 7a d1 	movq   $0xeed17a,0x18(%rsp)
  ef376e:	ee 00 
  ef3770:	48 c7 44 24 20 09 00 	movq   $0x9,0x20(%rsp)
  ef3777:	00 00 
  ef3779:	e9 14 01 00 00       	jmp    ef3892 <_ZN63_$LT$common_std..error..RcError$u20$as$u20$core..fmt..Debug$GT$3fmt17h72fd225712b678d7E+0x172>
  ef377e:	48 c7 44 24 18 83 d1 	movq   $0xeed183,0x18(%rsp)
  ef3785:	ee 00 
  ef3787:	48 c7 44 24 20 09 00 	movq   $0x9,0x20(%rsp)
  ef378e:	00 00 
  ef3790:	e9 fd 00 00 00       	jmp    ef3892 <_ZN63_$LT$common_std..error..RcError$u20$as$u20$core..fmt..Debug$GT$3fmt17h72fd225712b678d7E+0x172>
  ef3795:	48 c7 44 24 18 8c d1 	movq   $0xeed18c,0x18(%rsp)
  ef379c:	ee 00 
  ef379e:	48 c7 44 24 20 0c 00 	movq   $0xc,0x20(%rsp)
  ef37a5:	00 00 
  ef37a7:	e9 e6 00 00 00       	jmp    ef3892 <_ZN63_$LT$common_std..error..RcError$u20$as$u20$core..fmt..Debug$GT$3fmt17h72fd225712b678d7E+0x172>
  ef37ac:	48 c7 44 24 18 c8 02 	movq   $0x2002c8,0x18(%rsp)
  ef37b3:	20 00 
  ef37b5:	48 c7 44 24 20 10 00 	movq   $0x10,0x20(%rsp)
  ef37bc:	00 00 
  ef37be:	e9 cf 00 00 00       	jmp    ef3892 <_ZN63_$LT$common_std..error..RcError$u20$as$u20$core..fmt..Debug$GT$3fmt17h72fd225712b678d7E+0x172>
  ef37c3:	48 c7 44 24 18 98 d1 	movq   $0xeed198,0x18(%rsp)
  ef37ca:	ee 00 
  ef37cc:	48 c7 44 24 20 0b 00 	movq   $0xb,0x20(%rsp)
  ef37d3:	00 00 
  ef37d5:	e9 b8 00 00 00       	jmp    ef3892 <_ZN63_$LT$common_std..error..RcError$u20$as$u20$core..fmt..Debug$GT$3fmt17h72fd225712b678d7E+0x172>
  ef37da:	48 c7 44 24 18 a3 d1 	movq   $0xeed1a3,0x18(%rsp)
  ef37e1:	ee 00 
  ef37e3:	48 c7 44 24 20 0d 00 	movq   $0xd,0x20(%rsp)
  ef37ea:	00 00 
  ef37ec:	e9 a1 00 00 00       	jmp    ef3892 <_ZN63_$LT$common_std..error..RcError$u20$as$u20$core..fmt..Debug$GT$3fmt17h72fd225712b678d7E+0x172>
  ef37f1:	48 c7 44 24 18 b0 d1 	movq   $0xeed1b0,0x18(%rsp)
  ef37f8:	ee 00 
  ef37fa:	48 c7 44 24 20 0c 00 	movq   $0xc,0x20(%rsp)
  ef3801:	00 00 
  ef3803:	e9 8a 00 00 00       	jmp    ef3892 <_ZN63_$LT$common_std..error..RcError$u20$as$u20$core..fmt..Debug$GT$3fmt17h72fd225712b678d7E+0x172>
  ef3808:	48 c7 44 24 18 fc 02 	movq   $0x2002fc,0x18(%rsp)
  ef380f:	20 00 
  ef3811:	48 c7 44 24 20 08 00 	movq   $0x8,0x20(%rsp)
  ef3818:	00 00 
  ef381a:	eb 76                	jmp    ef3892 <_ZN63_$LT$common_std..error..RcError$u20$as$u20$core..fmt..Debug$GT$3fmt17h72fd225712b678d7E+0x172>
  ef381c:	48 c7 44 24 18 0c 03 	movq   $0x20030c,0x18(%rsp)
  ef3823:	20 00 
  ef3825:	48 c7 44 24 20 08 00 	movq   $0x8,0x20(%rsp)
  ef382c:	00 00 
  ef382e:	eb 62                	jmp    ef3892 <_ZN63_$LT$common_std..error..RcError$u20$as$u20$core..fmt..Debug$GT$3fmt17h72fd225712b678d7E+0x172>
  ef3830:	48 c7 44 24 18 bc d1 	movq   $0xeed1bc,0x18(%rsp)
  ef3837:	ee 00 
  ef3839:	48 c7 44 24 20 0d 00 	movq   $0xd,0x20(%rsp)
  ef3840:	00 00 
  ef3842:	eb 4e                	jmp    ef3892 <_ZN63_$LT$common_std..error..RcError$u20$as$u20$core..fmt..Debug$GT$3fmt17h72fd225712b678d7E+0x172>
  ef3844:	48 c7 44 24 18 c9 d1 	movq   $0xeed1c9,0x18(%rsp)
  ef384b:	ee 00 
  ef384d:	48 c7 44 24 20 0e 00 	movq   $0xe,0x20(%rsp)
  ef3854:	00 00 
  ef3856:	eb 3a                	jmp    ef3892 <_ZN63_$LT$common_std..error..RcError$u20$as$u20$core..fmt..Debug$GT$3fmt17h72fd225712b678d7E+0x172>
  ef3858:	48 c7 44 24 18 98 02 	movq   $0x200298,0x18(%rsp)
  ef385f:	20 00 
  ef3861:	48 c7 44 24 20 10 00 	movq   $0x10,0x20(%rsp)
  ef3868:	00 00 
  ef386a:	eb 26                	jmp    ef3892 <_ZN63_$LT$common_std..error..RcError$u20$as$u20$core..fmt..Debug$GT$3fmt17h72fd225712b678d7E+0x172>
  ef386c:	48 c7 44 24 18 d7 d1 	movq   $0xeed1d7,0x18(%rsp)
  ef3873:	ee 00 
  ef3875:	48 c7 44 24 20 0a 00 	movq   $0xa,0x20(%rsp)
  ef387c:	00 00 
  ef387e:	eb 12                	jmp    ef3892 <_ZN63_$LT$common_std..error..RcError$u20$as$u20$core..fmt..Debug$GT$3fmt17h72fd225712b678d7E+0x172>
  ef3880:	48 c7 44 24 18 e1 d1 	movq   $0xeed1e1,0x18(%rsp)
  ef3887:	ee 00 
  ef3889:	48 c7 44 24 20 0a 00 	movq   $0xa,0x20(%rsp)
  ef3890:	00 00 
  ef3892:	48 8b 7c 24 08       	mov    0x8(%rsp),%rdi
  ef3897:	48 8b 74 24 18       	mov    0x18(%rsp),%rsi
  ef389c:	48 8b 54 24 20       	mov    0x20(%rsp),%rdx
  ef38a1:	e8 ca 96 00 00       	call   efcf70 <_ZN4core3fmt9Formatter9write_str17hf965cee11a947509E>
  ef38a6:	24 01                	and    $0x1,%al
  ef38a8:	48 83 c4 38          	add    $0x38,%rsp
  ef38ac:	c3                   	ret
  ef38ad:	cc                   	int3
  ef38ae:	cc                   	int3
  ef38af:	cc                   	int3

0000000000ef38b0 <_RNvCs3T2uyX70NBl_7___rustc17rust_begin_unwind>:
extern crate alloc;

pub fn dummy() {}

#[panic_handler]
pub fn panic(info: &core::panic::PanicInfo) -> ! {
  ef38b0:	48 81 ec 98 00 00 00 	sub    $0x98,%rsp
  ef38b7:	48 89 3c 24          	mov    %rdi,(%rsp)
  ef38bb:	48 8d 7c 24 78       	lea    0x78(%rsp),%rdi
  ef38c0:	48 89 e6             	mov    %rsp,%rsi
    crate::debug::debug(&format!("panic: {}", info)).unwrap();
  ef38c3:	e8 e8 69 00 00       	call   efa2b0 <_ZN4core3fmt2rt8Argument11new_display17h5fceeccb4ea1d091E>
  ef38c8:	48 8b 44 24 78       	mov    0x78(%rsp),%rax
  ef38cd:	48 89 44 24 68       	mov    %rax,0x68(%rsp)
  ef38d2:	48 8b 84 24 80 00 00 	mov    0x80(%rsp),%rax
  ef38d9:	00 
  ef38da:	48 89 44 24 70       	mov    %rax,0x70(%rsp)
  ef38df:	48 c7 c6 48 d2 ee 00 	mov    $0xeed248,%rsi
  ef38e6:	48 8d 7c 24 38       	lea    0x38(%rsp),%rdi
  ef38eb:	48 8d 54 24 68       	lea    0x68(%rsp),%rdx
  ef38f0:	e8 0b 74 00 00       	call   efad00 <_ZN4core3fmt9Arguments6new_v117hec31f5346f9bf813E>
  ef38f5:	48 8d 7c 24 20       	lea    0x20(%rsp),%rdi
  ef38fa:	48 8d 74 24 38       	lea    0x38(%rsp),%rsi
  ef38ff:	e8 9c 00 00 00       	call   ef39a0 <_ZN5alloc3fmt6format17h64219e300a486821E>
///   ```
#[unstable(feature = "hint_must_use", issue = "94745")]
#[must_use] // <-- :)
#[inline(always)]
pub const fn must_use<T>(value: T) -> T {
    value
  ef3904:	48 8b 44 24 20       	mov    0x20(%rsp),%rax
  ef3909:	48 89 44 24 08       	mov    %rax,0x8(%rsp)
  ef390e:	48 8b 44 24 28       	mov    0x28(%rsp),%rax
  ef3913:	48 89 44 24 10       	mov    %rax,0x10(%rsp)
  ef3918:	48 8b 44 24 30       	mov    0x30(%rsp),%rax
  ef391d:	48 89 44 24 18       	mov    %rax,0x18(%rsp)
  ef3922:	48 8d 7c 24 08       	lea    0x8(%rsp),%rdi
  ef3927:	e8 94 02 00 00       	call   ef3bc0 <_ZN65_$LT$alloc..string..String$u20$as$u20$core..ops..deref..Deref$GT$5deref17h61491bb2284e0c72E>
  ef392c:	48 89 c7             	mov    %rax,%rdi
  ef392f:	48 89 d6             	mov    %rdx,%rsi
  ef3932:	e8 99 02 00 00       	call   ef3bd0 <_ZN10common_std5debug5debug17h69f1cb395a404969E>
  ef3937:	48 89 84 24 88 00 00 	mov    %rax,0x88(%rsp)
  ef393e:	00 
        match self {
  ef393f:	b8 01 00 00 00       	mov    $0x1,%eax
  ef3944:	31 c9                	xor    %ecx,%ecx
  ef3946:	48 83 bc 24 88 00 00 	cmpq   $0x1,0x88(%rsp)
  ef394d:	00 01 
  ef394f:	48 0f 44 c1          	cmove  %rcx,%rax
  ef3953:	48 a9 01 00 00 00    	test   $0x1,%rax
  ef3959:	74 37                	je     ef3992 <_RNvCs3T2uyX70NBl_7___rustc17rust_begin_unwind+0xe2>
            Err(e) => unwrap_failed("called `Result::unwrap()` on an `Err` value", &e),
  ef395b:	48 8b 84 24 88 00 00 	mov    0x88(%rsp),%rax
  ef3962:	00 
  ef3963:	48 89 84 24 90 00 00 	mov    %rax,0x90(%rsp)
  ef396a:	00 
  ef396b:	48 c7 c7 10 d2 ee 00 	mov    $0xeed210,%rdi
  ef3972:	48 c7 c1 f0 d1 ee 00 	mov    $0xeed1f0,%rcx
  ef3979:	49 c7 c0 78 d2 ee 00 	mov    $0xeed278,%r8
  ef3980:	be 2b 00 00 00       	mov    $0x2b,%esi
  ef3985:	48 8d 94 24 90 00 00 	lea    0x90(%rsp),%rdx
  ef398c:	00 
  ef398d:	e8 ee 87 00 00       	call   efc180 <_ZN4core6result13unwrap_failed17h6f6c330032cb9c63E>
  ef3992:	48 8d 7c 24 08       	lea    0x8(%rsp),%rdi
  ef3997:	e8 14 fa ff ff       	call   ef33b0 <_ZN4core3ptr42drop_in_place$LT$alloc..string..String$GT$17hdcf5bc728ec81b54E>
    loop {}
  ef399c:	eb fe                	jmp    ef399c <_RNvCs3T2uyX70NBl_7___rustc17rust_begin_unwind+0xec>
  ef399e:	cc                   	int3
  ef399f:	cc                   	int3

0000000000ef39a0 <_ZN5alloc3fmt6format17h64219e300a486821E>:
/// [`format!`]: crate::format
#[cfg(not(no_global_oom_handling))]
#[must_use]
#[stable(feature = "rust1", since = "1.0.0")]
#[inline]
pub fn format(args: Arguments<'_>) -> string::String {
  ef39a0:	48 81 ec d8 00 00 00 	sub    $0xd8,%rsp
  ef39a7:	48 89 34 24          	mov    %rsi,(%rsp)
  ef39ab:	48 89 7c 24 08       	mov    %rdi,0x8(%rsp)
  ef39b0:	48 89 7c 24 10       	mov    %rdi,0x10(%rsp)
            .write_fmt(args)
            .expect("a formatting trait implementation returned an error when the underlying stream did not");
        output
    }

    args.as_str().map_or_else(|| format_inner(args), crate::borrow::ToOwned::to_owned)
  ef39b5:	48 89 74 24 70       	mov    %rsi,0x70(%rsp)
        match (self.pieces, self.args) {
  ef39ba:	48 8b 06             	mov    (%rsi),%rax
  ef39bd:	48 89 44 24 18       	mov    %rax,0x18(%rsp)
  ef39c2:	48 8b 46 08          	mov    0x8(%rsi),%rax
  ef39c6:	48 89 44 24 20       	mov    %rax,0x20(%rsp)
  ef39cb:	48 8b 4e 18          	mov    0x18(%rsi),%rcx
  ef39cf:	48 89 4c 24 28       	mov    %rcx,0x28(%rsp)
            ([], []) => Some(""),
  ef39d4:	48 83 f8 00          	cmp    $0x0,%rax
  ef39d8:	75 0d                	jne    ef39e7 <_ZN5alloc3fmt6format17h64219e300a486821E+0x47>
  ef39da:	48 8b 44 24 28       	mov    0x28(%rsp),%rax
  ef39df:	48 83 f8 00          	cmp    $0x0,%rax
  ef39e3:	74 13                	je     ef39f8 <_ZN5alloc3fmt6format17h64219e300a486821E+0x58>
  ef39e5:	eb 3c                	jmp    ef3a23 <_ZN5alloc3fmt6format17h64219e300a486821E+0x83>
  ef39e7:	48 8b 44 24 20       	mov    0x20(%rsp),%rax
            ([s], []) => Some(s),
  ef39ec:	48 83 f8 01          	cmp    $0x1,%rax
  ef39f0:	0f 84 18 01 00 00    	je     ef3b0e <_ZN5alloc3fmt6format17h64219e300a486821E+0x16e>
  ef39f6:	eb 2b                	jmp    ef3a23 <_ZN5alloc3fmt6format17h64219e300a486821E+0x83>
  ef39f8:	48 8b 04 24          	mov    (%rsp),%rax
            ([], []) => Some(""),
  ef39fc:	b9 01 00 00 00       	mov    $0x1,%ecx
  ef3a01:	48 89 4c 24 30       	mov    %rcx,0x30(%rsp)
  ef3a06:	48 c7 44 24 38 00 00 	movq   $0x0,0x38(%rsp)
  ef3a0d:	00 00 
  ef3a0f:	48 89 44 24 40       	mov    %rax,0x40(%rsp)
  ef3a14:	48 8b 44 24 40       	mov    0x40(%rsp),%rax
  ef3a19:	48 89 44 24 60       	mov    %rax,0x60(%rsp)
        match self {
  ef3a1e:	e9 96 00 00 00       	jmp    ef3ab9 <_ZN5alloc3fmt6format17h64219e300a486821E+0x119>
  ef3a23:	48 8b 7c 24 08       	mov    0x8(%rsp),%rdi
  ef3a28:	48 8b 0c 24          	mov    (%rsp),%rcx
            _ => None,
  ef3a2c:	48 8b 15 85 c8 30 ff 	mov    -0xcf377b(%rip),%rdx        # 2002b8 <_ZN63_$LT$common_std..error..RcError$u20$as$u20$core..fmt..Debug$GT$3fmt17h5af9ecfea329b2e5E-0xcf0988>
  ef3a33:	48 8b 05 86 c8 30 ff 	mov    -0xcf377a(%rip),%rax        # 2002c0 <_ZN63_$LT$common_std..error..RcError$u20$as$u20$core..fmt..Debug$GT$3fmt17h5af9ecfea329b2e5E-0xcf0980>
  ef3a3a:	48 89 54 24 30       	mov    %rdx,0x30(%rsp)
  ef3a3f:	48 89 44 24 38       	mov    %rax,0x38(%rsp)
  ef3a44:	48 89 4c 24 40       	mov    %rcx,0x40(%rsp)
  ef3a49:	48 8b 44 24 40       	mov    0x40(%rsp),%rax
  ef3a4e:	48 89 44 24 60       	mov    %rax,0x60(%rsp)
            None => default(),
  ef3a53:	48 8b 44 24 40       	mov    0x40(%rsp),%rax
  ef3a58:	48 89 84 24 a0 00 00 	mov    %rax,0xa0(%rsp)
  ef3a5f:	00 
  ef3a60:	48 8b 41 28          	mov    0x28(%rcx),%rax
  ef3a64:	48 89 84 24 d0 00 00 	mov    %rax,0xd0(%rsp)
  ef3a6b:	00 
  ef3a6c:	48 8b 41 20          	mov    0x20(%rcx),%rax
  ef3a70:	48 89 84 24 c8 00 00 	mov    %rax,0xc8(%rsp)
  ef3a77:	00 
  ef3a78:	48 8b 41 18          	mov    0x18(%rcx),%rax
  ef3a7c:	48 89 84 24 c0 00 00 	mov    %rax,0xc0(%rsp)
  ef3a83:	00 
  ef3a84:	48 8b 41 10          	mov    0x10(%rcx),%rax
  ef3a88:	48 89 84 24 b8 00 00 	mov    %rax,0xb8(%rsp)
  ef3a8f:	00 
  ef3a90:	48 8b 01             	mov    (%rcx),%rax
  ef3a93:	48 8b 49 08          	mov    0x8(%rcx),%rcx
  ef3a97:	48 89 8c 24 b0 00 00 	mov    %rcx,0xb0(%rsp)
  ef3a9e:	00 
  ef3a9f:	48 89 84 24 a8 00 00 	mov    %rax,0xa8(%rsp)
  ef3aa6:	00 
  ef3aa7:	48 8d b4 24 a8 00 00 	lea    0xa8(%rsp),%rsi
  ef3aae:	00 
  ef3aaf:	e8 fc 7f 00 00       	call   efbab0 <_ZN5alloc3fmt6format12format_inner17h8c3ecbf083793263E>
    }
  ef3ab4:	e9 97 00 00 00       	jmp    ef3b50 <_ZN5alloc3fmt6format17h64219e300a486821E+0x1b0>
            Some(t) => f(t),
  ef3ab9:	48 8b 74 24 30       	mov    0x30(%rsp),%rsi
  ef3abe:	48 8b 54 24 38       	mov    0x38(%rsp),%rdx
  ef3ac3:	48 89 b4 24 80 00 00 	mov    %rsi,0x80(%rsp)
  ef3aca:	00 
  ef3acb:	48 89 94 24 88 00 00 	mov    %rdx,0x88(%rsp)
  ef3ad2:	00 
    #[must_use]
    #[inline(always)]
    #[allow(unused_attributes)]
    pub const fn as_bytes(&self) -> &[u8] {
        // SAFETY: const sound because we transmute two types with the same layout
        unsafe { mem::transmute(self) }
  ef3ad3:	48 89 b4 24 90 00 00 	mov    %rsi,0x90(%rsp)
  ef3ada:	00 
  ef3adb:	48 89 94 24 98 00 00 	mov    %rdx,0x98(%rsp)
  ef3ae2:	00 
  ef3ae3:	48 8d 7c 24 48       	lea    0x48(%rsp),%rdi
        return T::to_vec(self, alloc);
  ef3ae8:	e8 13 51 00 00       	call   ef8c00 <_ZN87_$LT$T$u20$as$u20$alloc..slice..$LT$impl$u20$$u5b$T$u5d$$GT$..to_vec_in..ConvertVec$GT$6to_vec17hacfb72a04e77b9e3E>
  ef3aed:	48 8b 44 24 08       	mov    0x8(%rsp),%rax
    /// ```
    #[inline]
    #[must_use]
    #[stable(feature = "rust1", since = "1.0.0")]
    pub unsafe fn from_utf8_unchecked(bytes: Vec<u8>) -> String {
        String { vec: bytes }
  ef3af2:	48 8b 4c 24 48       	mov    0x48(%rsp),%rcx
  ef3af7:	48 89 08             	mov    %rcx,(%rax)
  ef3afa:	48 8b 4c 24 50       	mov    0x50(%rsp),%rcx
  ef3aff:	48 89 48 08          	mov    %rcx,0x8(%rax)
  ef3b03:	48 8b 4c 24 58       	mov    0x58(%rsp),%rcx
  ef3b08:	48 89 48 10          	mov    %rcx,0x10(%rax)
    }
  ef3b0c:	eb 42                	jmp    ef3b50 <_ZN5alloc3fmt6format17h64219e300a486821E+0x1b0>
  ef3b0e:	48 8b 44 24 28       	mov    0x28(%rsp),%rax
            ([s], []) => Some(s),
  ef3b13:	48 83 f8 00          	cmp    $0x0,%rax
  ef3b17:	0f 85 06 ff ff ff    	jne    ef3a23 <_ZN5alloc3fmt6format17h64219e300a486821E+0x83>
  ef3b1d:	48 8b 04 24          	mov    (%rsp),%rax
  ef3b21:	48 8b 4c 24 18       	mov    0x18(%rsp),%rcx
  ef3b26:	48 89 4c 24 78       	mov    %rcx,0x78(%rsp)
  ef3b2b:	48 8b 11             	mov    (%rcx),%rdx
  ef3b2e:	48 8b 49 08          	mov    0x8(%rcx),%rcx
  ef3b32:	48 89 54 24 30       	mov    %rdx,0x30(%rsp)
  ef3b37:	48 89 4c 24 38       	mov    %rcx,0x38(%rsp)
  ef3b3c:	48 89 44 24 40       	mov    %rax,0x40(%rsp)
  ef3b41:	48 8b 44 24 40       	mov    0x40(%rsp),%rax
  ef3b46:	48 89 44 24 60       	mov    %rax,0x60(%rsp)
        match self {
  ef3b4b:	e9 69 ff ff ff       	jmp    ef3ab9 <_ZN5alloc3fmt6format17h64219e300a486821E+0x119>
  ef3b50:	48 8b 44 24 10       	mov    0x10(%rsp),%rax
}
  ef3b55:	48 81 c4 d8 00 00 00 	add    $0xd8,%rsp
  ef3b5c:	c3                   	ret
  ef3b5d:	cc                   	int3
  ef3b5e:	cc                   	int3
  ef3b5f:	cc                   	int3

0000000000ef3b60 <_ZN5alloc6string6String6as_str17h757fadef372296b4E>:
    #[inline]
    #[must_use]
    #[stable(feature = "string_as_str", since = "1.7.0")]
    #[rustc_diagnostic_item = "string_as_str"]
    #[rustc_const_stable(feature = "const_vec_string_slice", since = "1.87.0")]
    pub const fn as_str(&self) -> &str {
  ef3b60:	48 83 ec 48          	sub    $0x48,%rsp
  ef3b64:	48 89 7c 24 18       	mov    %rdi,0x18(%rsp)
        // SAFETY: String contents are stipulated to be valid UTF-8, invalid contents are an error
        // at construction.
        unsafe { str::from_utf8_unchecked(self.vec.as_slice()) }
  ef3b69:	48 89 7c 24 20       	mov    %rdi,0x20(%rsp)
        self.ptr.cast().as_non_null_ptr()
  ef3b6e:	48 8b 47 08          	mov    0x8(%rdi),%rax
  ef3b72:	48 89 44 24 08       	mov    %rax,0x8(%rsp)
        self.buf.ptr()
  ef3b77:	48 89 44 24 28       	mov    %rax,0x28(%rsp)
        unsafe { slice::from_raw_parts(self.as_ptr(), self.len) }
  ef3b7c:	48 8b 47 10          	mov    0x10(%rdi),%rax
  ef3b80:	48 89 44 24 10       	mov    %rax,0x10(%rsp)
  ef3b85:	48 89 44 24 30       	mov    %rax,0x30(%rsp)
  ef3b8a:	48 8b 4c 24 10       	mov    0x10(%rsp),%rcx
  ef3b8f:	48 8b 7c 24 08       	mov    0x8(%rsp),%rdi
  ef3b94:	ba 01 00 00 00       	mov    $0x1,%edx
  ef3b99:	48 89 d6             	mov    %rdx,%rsi
  ef3b9c:	e8 bf 49 00 00       	call   ef8560 <_ZN4core5slice3raw14from_raw_parts18precondition_check17hdc0e409f4a3ff0ccE>
  ef3ba1:	48 8b 54 24 10       	mov    0x10(%rsp),%rdx
  ef3ba6:	48 8b 44 24 08       	mov    0x8(%rsp),%rax
    aggregate_raw_ptr(data_pointer, metadata)
  ef3bab:	48 89 44 24 38       	mov    %rax,0x38(%rsp)
  ef3bb0:	48 89 54 24 40       	mov    %rdx,0x40(%rsp)
    }
  ef3bb5:	48 83 c4 48          	add    $0x48,%rsp
  ef3bb9:	c3                   	ret
  ef3bba:	cc                   	int3
  ef3bbb:	cc                   	int3
  ef3bbc:	cc                   	int3
  ef3bbd:	cc                   	int3
  ef3bbe:	cc                   	int3
  ef3bbf:	cc                   	int3

0000000000ef3bc0 <_ZN65_$LT$alloc..string..String$u20$as$u20$core..ops..deref..Deref$GT$5deref17h61491bb2284e0c72E>:
#[stable(feature = "rust1", since = "1.0.0")]
impl ops::Deref for String {
    type Target = str;

    #[inline]
    fn deref(&self) -> &str {
  ef3bc0:	50                   	push   %rax
  ef3bc1:	48 89 3c 24          	mov    %rdi,(%rsp)
        self.as_str()
  ef3bc5:	e8 96 ff ff ff       	call   ef3b60 <_ZN5alloc6string6String6as_str17h757fadef372296b4E>
    }
  ef3bca:	59                   	pop    %rcx
  ef3bcb:	c3                   	ret
  ef3bcc:	cc                   	int3
  ef3bcd:	cc                   	int3
  ef3bce:	cc                   	int3
  ef3bcf:	cc                   	int3

0000000000ef3bd0 <_ZN10common_std5debug5debug17h69f1cb395a404969E>:
use crate::RcResult;

pub fn debug(msg: &str) -> RcResult<()> {
  ef3bd0:	48 81 ec 88 00 00 00 	sub    $0x88,%rsp
  ef3bd7:	48 89 7c 24 08       	mov    %rdi,0x8(%rsp)
  ef3bdc:	48 89 7c 24 48       	mov    %rdi,0x48(%rsp)
  ef3be1:	48 89 74 24 50       	mov    %rsi,0x50(%rsp)
        let index = $index as isize;
  ef3be6:	48 c7 44 24 58 00 00 	movq   $0x0,0x58(%rsp)
  ef3bed:	00 00 
  ef3bef:	48 89 7c 24 78       	mov    %rdi,0x78(%rsp)
  ef3bf4:	48 89 b4 24 80 00 00 	mov    %rsi,0x80(%rsp)
  ef3bfb:	00 
    crate::syscall!(0, msg.as_ptr() as usize, msg.len())?;
  ef3bfc:	e8 ef e2 ff ff       	call   ef1ef0 <_ZN4core3str21_$LT$impl$u20$str$GT$3len17h78255702c0983692E>
  ef3c01:	48 8b 7c 24 08       	mov    0x8(%rsp),%rdi
  ef3c06:	48 89 c6             	mov    %rax,%rsi
  ef3c09:	31 c0                	xor    %eax,%eax
            core::arch::asm!(
  ef3c0b:	0f 05                	syscall
  ef3c0d:	48 89 44 24 40       	mov    %rax,0x40(%rsp)
        let ret = ret as isize;
  ef3c12:	48 8b 44 24 40       	mov    0x40(%rsp),%rax
  ef3c17:	48 89 44 24 10       	mov    %rax,0x10(%rsp)
  ef3c1c:	48 89 44 24 60       	mov    %rax,0x60(%rsp)
        if ret >= 0 {
  ef3c21:	48 83 f8 00          	cmp    $0x0,%rax
  ef3c25:	7d 15                	jge    ef3c3c <_ZN10common_std5debug5debug17h69f1cb395a404969E+0x6c>
  ef3c27:	48 8b 44 24 10       	mov    0x10(%rsp),%rax
            Err(unsafe { core::mem::transmute::<_, $crate::error::RcError>(ret) })
  ef3c2c:	48 89 44 24 38       	mov    %rax,0x38(%rsp)
  ef3c31:	48 c7 44 24 30 01 00 	movq   $0x1,0x30(%rsp)
  ef3c38:	00 00 
        if ret >= 0 {
  ef3c3a:	eb 13                	jmp    ef3c4f <_ZN10common_std5debug5debug17h69f1cb395a404969E+0x7f>
  ef3c3c:	48 8b 44 24 10       	mov    0x10(%rsp),%rax
            Ok(ret as usize)
  ef3c41:	48 89 44 24 38       	mov    %rax,0x38(%rsp)
  ef3c46:	48 c7 44 24 30 00 00 	movq   $0x0,0x30(%rsp)
  ef3c4d:	00 00 
  ef3c4f:	48 8b 7c 24 30       	mov    0x30(%rsp),%rdi
  ef3c54:	48 8b 74 24 38       	mov    0x38(%rsp),%rsi
  ef3c59:	e8 42 10 00 00       	call   ef4ca0 <_ZN79_$LT$core..result..Result$LT$T$C$E$GT$$u20$as$u20$core..ops..try_trait..Try$GT$6branch17h3991049274dcbbeaE>
  ef3c5e:	48 89 44 24 20       	mov    %rax,0x20(%rsp)
  ef3c63:	48 89 54 24 28       	mov    %rdx,0x28(%rsp)
  ef3c68:	48 f7 44 24 20 01 00 	testq  $0x1,0x20(%rsp)
  ef3c6f:	00 00 
  ef3c71:	74 1d                	je     ef3c90 <_ZN10common_std5debug5debug17h69f1cb395a404969E+0xc0>
  ef3c73:	48 8b 7c 24 28       	mov    0x28(%rsp),%rdi
  ef3c78:	48 89 7c 24 70       	mov    %rdi,0x70(%rsp)
  ef3c7d:	48 c7 c6 b0 d2 ee 00 	mov    $0xeed2b0,%rsi
  ef3c84:	e8 47 0e 00 00       	call   ef4ad0 <_ZN153_$LT$core..result..Result$LT$T$C$F$GT$$u20$as$u20$core..ops..try_trait..FromResidual$LT$core..result..Result$LT$core..convert..Infallible$C$E$GT$$GT$$GT$13from_residual17h6c3d9d0a5f5252c7E>
  ef3c89:	48 89 44 24 18       	mov    %rax,0x18(%rsp)
  ef3c8e:	eb 13                	jmp    ef3ca3 <_ZN10common_std5debug5debug17h69f1cb395a404969E+0xd3>
  ef3c90:	48 8b 44 24 28       	mov    0x28(%rsp),%rax
  ef3c95:	48 89 44 24 68       	mov    %rax,0x68(%rsp)
    Ok(())
  ef3c9a:	48 c7 44 24 18 01 00 	movq   $0x1,0x18(%rsp)
  ef3ca1:	00 00 
}
  ef3ca3:	48 8b 44 24 18       	mov    0x18(%rsp),%rax
  ef3ca8:	48 81 c4 88 00 00 00 	add    $0x88,%rsp
  ef3caf:	c3                   	ret

0000000000ef3cb0 <_ZN4core9ub_checks23maybe_is_nonoverlapping7runtime17hbcd3dd5ae82380d8E>:
        fn runtime$(<$($binders)*>)?($($arg: $ty),*) $( -> $ret )? {
  ef3cb0:	48 81 ec 88 00 00 00 	sub    $0x88,%rsp
  ef3cb7:	48 89 d0             	mov    %rdx,%rax
  ef3cba:	48 89 74 24 10       	mov    %rsi,0x10(%rsp)
  ef3cbf:	48 89 7c 24 18       	mov    %rdi,0x18(%rsp)
  ef3cc4:	48 89 7c 24 40       	mov    %rdi,0x40(%rsp)
  ef3cc9:	48 89 74 24 48       	mov    %rsi,0x48(%rsp)
  ef3cce:	48 89 44 24 50       	mov    %rax,0x50(%rsp)
  ef3cd3:	48 89 4c 24 58       	mov    %rcx,0x58(%rsp)
        unsafe { mem::transmute(self.cast::<()>()) }
  ef3cd8:	48 89 7c 24 60       	mov    %rdi,0x60(%rsp)
  ef3cdd:	48 89 74 24 68       	mov    %rsi,0x68(%rsp)
        #[rustc_const_stable(feature = "const_wrapping_math", since = "1.32.0")]
        #[must_use = "this returns the result of the operation, \
                          without modifying the original"]
        #[inline(always)]
        pub const fn overflowing_mul(self, rhs: Self) -> (Self, bool) {
            let (a, b) = intrinsics::mul_with_overflow(self as $ActualT, rhs as $ActualT);
  ef3ce2:	48 f7 e1             	mul    %rcx
  ef3ce5:	48 89 c1             	mov    %rax,%rcx
  ef3ce8:	48 89 4c 24 20       	mov    %rcx,0x20(%rsp)
  ef3ced:	0f 90 c0             	seto   %al
  ef3cf0:	88 c2                	mov    %al,%dl
  ef3cf2:	80 e2 01             	and    $0x1,%dl
  ef3cf5:	88 54 24 77          	mov    %dl,0x77(%rsp)
            (a as Self, b)
  ef3cf9:	48 89 4c 24 78       	mov    %rcx,0x78(%rsp)
    if b {
  ef3cfe:	a8 01                	test   $0x1,%al
  ef3d00:	75 36                	jne    ef3d38 <_ZN4core9ub_checks23maybe_is_nonoverlapping7runtime17hbcd3dd5ae82380d8E+0x88>
  ef3d02:	48 8b 44 24 18       	mov    0x18(%rsp),%rax
  ef3d07:	48 8b 4c 24 10       	mov    0x10(%rsp),%rcx
  ef3d0c:	48 8b 54 24 20       	mov    0x20(%rsp),%rdx
            if intrinsics::unlikely(b) { None } else { Some(a) }
  ef3d11:	48 89 54 24 30       	mov    %rdx,0x30(%rsp)
  ef3d16:	48 c7 44 24 28 01 00 	movq   $0x1,0x28(%rsp)
  ef3d1d:	00 00 
        if const {
            true
        } else {
            let src_usize = src.addr();
            let dst_usize = dst.addr();
            let Some(size) = size.checked_mul(count) else {
  ef3d1f:	48 8b 54 24 30       	mov    0x30(%rsp),%rdx
  ef3d24:	48 89 54 24 08       	mov    %rdx,0x8(%rsp)
  ef3d29:	48 89 94 24 80 00 00 	mov    %rdx,0x80(%rsp)
  ef3d30:	00 
                if self < other {
  ef3d31:	48 39 c8             	cmp    %rcx,%rax
  ef3d34:	72 27                	jb     ef3d5d <_ZN4core9ub_checks23maybe_is_nonoverlapping7runtime17hbcd3dd5ae82380d8E+0xad>
  ef3d36:	eb 11                	jmp    ef3d49 <_ZN4core9ub_checks23maybe_is_nonoverlapping7runtime17hbcd3dd5ae82380d8E+0x99>
                crate::panicking::panic_nounwind(
  ef3d38:	48 c7 c7 c8 d2 ee 00 	mov    $0xeed2c8,%rdi
  ef3d3f:	be 3d 00 00 00       	mov    $0x3d,%esi
  ef3d44:	e8 47 83 00 00       	call   efc090 <_ZN4core9panicking14panic_nounwind17h73726ac9567abe6cE>
  ef3d49:	48 8b 4c 24 10       	mov    0x10(%rsp),%rcx
  ef3d4e:	48 8b 44 24 18       	mov    0x18(%rsp),%rax
                    self - other
  ef3d53:	48 29 c8             	sub    %rcx,%rax
  ef3d56:	48 89 44 24 38       	mov    %rax,0x38(%rsp)
                if self < other {
  ef3d5b:	eb 12                	jmp    ef3d6f <_ZN4core9ub_checks23maybe_is_nonoverlapping7runtime17hbcd3dd5ae82380d8E+0xbf>
  ef3d5d:	48 8b 4c 24 18       	mov    0x18(%rsp),%rcx
  ef3d62:	48 8b 44 24 10       	mov    0x10(%rsp),%rax
                    other - self
  ef3d67:	48 29 c8             	sub    %rcx,%rax
  ef3d6a:	48 89 44 24 38       	mov    %rax,0x38(%rsp)
  ef3d6f:	48 8b 44 24 08       	mov    0x8(%rsp),%rax
                )
            };
            let diff = src_usize.abs_diff(dst_usize);
            // If the absolute distance between the ptrs is at least as big as the size of the buffer,
            // they do not overlap.
            diff >= size
  ef3d74:	48 39 44 24 38       	cmp    %rax,0x38(%rsp)
  ef3d79:	0f 93 c0             	setae  %al
        }
  ef3d7c:	24 01                	and    $0x1,%al
  ef3d7e:	48 81 c4 88 00 00 00 	add    $0x88,%rsp
  ef3d85:	c3                   	ret
  ef3d86:	cc                   	int3
  ef3d87:	cc                   	int3
  ef3d88:	cc                   	int3
  ef3d89:	cc                   	int3
  ef3d8a:	cc                   	int3
  ef3d8b:	cc                   	int3
  ef3d8c:	cc                   	int3
  ef3d8d:	cc                   	int3
  ef3d8e:	cc                   	int3
  ef3d8f:	cc                   	int3

0000000000ef3d90 <_ZN4core4sync6atomic10AtomicBool21compare_exchange_weak17h0d410e37b62abae7E>:
    #[inline]
    #[stable(feature = "extended_compare_and_swap", since = "1.10.0")]
    #[doc(alias = "compare_and_swap")]
    #[cfg(target_has_atomic = "8")]
    #[cfg_attr(miri, track_caller)] // even without panics, this helps for Miri backtraces
    pub fn compare_exchange_weak(
  ef3d90:	48 83 ec 48          	sub    $0x48,%rsp
  ef3d94:	44 88 c0             	mov    %r8b,%al
  ef3d97:	48 89 7c 24 10       	mov    %rdi,0x10(%rsp)
  ef3d9c:	41 88 f0             	mov    %sil,%r8b
  ef3d9f:	41 80 e0 01          	and    $0x1,%r8b
  ef3da3:	44 88 44 24 1c       	mov    %r8b,0x1c(%rsp)
  ef3da8:	41 88 d0             	mov    %dl,%r8b
  ef3dab:	41 80 e0 01          	and    $0x1,%r8b
  ef3daf:	44 88 44 24 1d       	mov    %r8b,0x1d(%rsp)
  ef3db4:	88 4c 24 1e          	mov    %cl,0x1e(%rsp)
  ef3db8:	88 44 24 1f          	mov    %al,0x1f(%rsp)
    pub const fn new_const<const N: usize>(pieces: &'a [&'static str; N]) -> Self {
  ef3dbc:	48 c7 44 24 20 40 d3 	movq   $0xeed340,0x20(%rsp)
  ef3dc3:	ee 00 
  ef3dc5:	48 c7 44 24 28 90 d3 	movq   $0xeed390,0x28(%rsp)
  ef3dcc:	ee 00 
    /// ```
    #[inline]
    #[stable(feature = "rust1", since = "1.0.0")]
    #[cfg(target_has_atomic = "8")]
    #[cfg_attr(miri, track_caller)] // even without panics, this helps for Miri backtraces
    pub fn fetch_or(&self, val: bool, order: Ordering) -> bool {
  ef3dce:	c6 44 24 32 00       	movb   $0x0,0x32(%rsp)
}

#[inline]
#[cfg(target_has_atomic)]
#[cfg_attr(miri, track_caller)] // even without panics, this helps for Miri backtraces
unsafe fn atomic_or<T: Copy>(dst: *mut T, val: T, order: Ordering) -> T {
  ef3dd3:	c6 44 24 33 00       	movb   $0x0,0x33(%rsp)
    pub fn fetch_or(&self, val: bool, order: Ordering) -> bool {
  ef3dd8:	c6 44 24 34 01       	movb   $0x1,0x34(%rsp)
unsafe fn atomic_or<T: Copy>(dst: *mut T, val: T, order: Ordering) -> T {
  ef3ddd:	c6 44 24 35 01       	movb   $0x1,0x35(%rsp)
    pub fn fetch_and(&self, val: bool, order: Ordering) -> bool {
  ef3de2:	c6 44 24 36 00       	movb   $0x0,0x36(%rsp)
unsafe fn atomic_and<T: Copy>(dst: *mut T, val: T, order: Ordering) -> T {
  ef3de7:	c6 44 24 37 00       	movb   $0x0,0x37(%rsp)
            atomic_compare_exchange_weak(self.v.get(), current as u8, new as u8, success, failure)
  ef3dec:	48 89 7c 24 38       	mov    %rdi,0x38(%rsp)
  ef3df1:	40 80 e6 01          	and    $0x1,%sil
  ef3df5:	80 e2 01             	and    $0x1,%dl
  ef3df8:	40 0f b6 f6          	movzbl %sil,%esi
  ef3dfc:	0f b6 d2             	movzbl %dl,%edx
  ef3dff:	0f b6 c9             	movzbl %cl,%ecx
  ef3e02:	44 0f b6 c0          	movzbl %al,%r8d
  ef3e06:	e8 75 07 00 00       	call   ef4580 <_ZN4core4sync6atomic28atomic_compare_exchange_weak17h028426317c6bcedeE>
  ef3e0b:	24 01                	and    $0x1,%al
  ef3e0d:	88 44 24 0e          	mov    %al,0xe(%rsp)
  ef3e11:	88 54 24 0f          	mov    %dl,0xf(%rsp)
        match unsafe {
  ef3e15:	8a 44 24 0e          	mov    0xe(%rsp),%al
  ef3e19:	24 01                	and    $0x1,%al
  ef3e1b:	0f b6 c0             	movzbl %al,%eax
  ef3e1e:	48 a9 01 00 00 00    	test   $0x1,%rax
  ef3e24:	74 1a                	je     ef3e40 <_ZN4core4sync6atomic10AtomicBool21compare_exchange_weak17h0d410e37b62abae7E+0xb0>
            Err(x) => Err(x != 0),
  ef3e26:	8a 44 24 0f          	mov    0xf(%rsp),%al
  ef3e2a:	88 44 24 47          	mov    %al,0x47(%rsp)
  ef3e2e:	3c 00                	cmp    $0x0,%al
  ef3e30:	0f 95 c0             	setne  %al
  ef3e33:	24 01                	and    $0x1,%al
  ef3e35:	88 44 24 0d          	mov    %al,0xd(%rsp)
  ef3e39:	c6 44 24 0c 01       	movb   $0x1,0xc(%rsp)
  ef3e3e:	eb 18                	jmp    ef3e58 <_ZN4core4sync6atomic10AtomicBool21compare_exchange_weak17h0d410e37b62abae7E+0xc8>
            Ok(x) => Ok(x != 0),
  ef3e40:	8a 44 24 0f          	mov    0xf(%rsp),%al
  ef3e44:	88 44 24 46          	mov    %al,0x46(%rsp)
  ef3e48:	3c 00                	cmp    $0x0,%al
  ef3e4a:	0f 95 c0             	setne  %al
  ef3e4d:	24 01                	and    $0x1,%al
  ef3e4f:	88 44 24 0d          	mov    %al,0xd(%rsp)
  ef3e53:	c6 44 24 0c 00       	movb   $0x0,0xc(%rsp)
    }
  ef3e58:	8a 44 24 0c          	mov    0xc(%rsp),%al
  ef3e5c:	8a 54 24 0d          	mov    0xd(%rsp),%dl
  ef3e60:	48 83 c4 48          	add    $0x48,%rsp
  ef3e64:	c3                   	ret
  ef3e65:	cc                   	int3
  ef3e66:	cc                   	int3
  ef3e67:	cc                   	int3
  ef3e68:	cc                   	int3
  ef3e69:	cc                   	int3
  ef3e6a:	cc                   	int3
  ef3e6b:	cc                   	int3
  ef3e6c:	cc                   	int3
  ef3e6d:	cc                   	int3
  ef3e6e:	cc                   	int3
  ef3e6f:	cc                   	int3

0000000000ef3e70 <_ZN4core4sync6atomic10AtomicBool4load17hd3da5dead26a3541E>:
    pub fn load(&self, order: Ordering) -> bool {
  ef3e70:	48 83 ec 18          	sub    $0x18,%rsp
  ef3e74:	40 88 f0             	mov    %sil,%al
  ef3e77:	48 89 3c 24          	mov    %rdi,(%rsp)
  ef3e7b:	88 44 24 0f          	mov    %al,0xf(%rsp)
        unsafe { atomic_load(self.v.get(), order) != 0 }
  ef3e7f:	48 89 7c 24 10       	mov    %rdi,0x10(%rsp)
  ef3e84:	0f b6 f0             	movzbl %al,%esi
  ef3e87:	e8 04 01 00 00       	call   ef3f90 <_ZN4core4sync6atomic11atomic_load17h2b287c92041ae9c4E>
  ef3e8c:	3c 00                	cmp    $0x0,%al
  ef3e8e:	0f 95 c0             	setne  %al
    }
  ef3e91:	24 01                	and    $0x1,%al
  ef3e93:	48 83 c4 18          	add    $0x18,%rsp
  ef3e97:	c3                   	ret
  ef3e98:	cc                   	int3
  ef3e99:	cc                   	int3
  ef3e9a:	cc                   	int3
  ef3e9b:	cc                   	int3
  ef3e9c:	cc                   	int3
  ef3e9d:	cc                   	int3
  ef3e9e:	cc                   	int3
  ef3e9f:	cc                   	int3

0000000000ef3ea0 <_ZN4core4sync6atomic10AtomicBool5store17h915852e7e8ab351aE>:
    pub fn store(&self, val: bool, order: Ordering) {
  ef3ea0:	48 83 ec 18          	sub    $0x18,%rsp
  ef3ea4:	88 d0                	mov    %dl,%al
  ef3ea6:	40 88 f1             	mov    %sil,%cl
  ef3ea9:	48 89 3c 24          	mov    %rdi,(%rsp)
  ef3ead:	88 ca                	mov    %cl,%dl
  ef3eaf:	80 e2 01             	and    $0x1,%dl
  ef3eb2:	88 54 24 0e          	mov    %dl,0xe(%rsp)
  ef3eb6:	88 44 24 0f          	mov    %al,0xf(%rsp)
            atomic_store(self.v.get(), val as u8, order);
  ef3eba:	48 89 7c 24 10       	mov    %rdi,0x10(%rsp)
  ef3ebf:	80 e1 01             	and    $0x1,%cl
  ef3ec2:	0f b6 f1             	movzbl %cl,%esi
  ef3ec5:	0f b6 d0             	movzbl %al,%edx
  ef3ec8:	e8 b3 78 00 00       	call   efb780 <_ZN4core4sync6atomic12atomic_store17h72839f94d588f606E>
    }
  ef3ecd:	48 83 c4 18          	add    $0x18,%rsp
  ef3ed1:	c3                   	ret
  ef3ed2:	cc                   	int3
  ef3ed3:	cc                   	int3
  ef3ed4:	cc                   	int3
  ef3ed5:	cc                   	int3
  ef3ed6:	cc                   	int3
  ef3ed7:	cc                   	int3
  ef3ed8:	cc                   	int3
  ef3ed9:	cc                   	int3
  ef3eda:	cc                   	int3
  ef3edb:	cc                   	int3
  ef3edc:	cc                   	int3
  ef3edd:	cc                   	int3
  ef3ede:	cc                   	int3
  ef3edf:	cc                   	int3

0000000000ef3ee0 <_ZN4core4sync6atomic14spin_loop_hint17ha11445b1e1a08a27E>:
#[cfg_attr(all(test, target_feature = "sse2"), assert_instr(pause))]
#[stable(feature = "simd_x86", since = "1.27.0")]
pub unsafe fn _mm_pause() {
    // note: `pause` is guaranteed to be interpreted as a `nop` by CPUs without
    // the SSE2 target-feature - therefore it does not require any target features
    pause()
  ef3ee0:	f3 90                	pause
#[inline]
#[stable(feature = "spin_loop_hint", since = "1.24.0")]
#[deprecated(since = "1.51.0", note = "use hint::spin_loop instead")]
pub fn spin_loop_hint() {
    spin_loop()
}
  ef3ee2:	c3                   	ret
  ef3ee3:	cc                   	int3
  ef3ee4:	cc                   	int3
  ef3ee5:	cc                   	int3
  ef3ee6:	cc                   	int3
  ef3ee7:	cc                   	int3
  ef3ee8:	cc                   	int3
  ef3ee9:	cc                   	int3
  ef3eea:	cc                   	int3
  ef3eeb:	cc                   	int3
  ef3eec:	cc                   	int3
  ef3eed:	cc                   	int3
  ef3eee:	cc                   	int3
  ef3eef:	cc                   	int3

0000000000ef3ef0 <_ZN4core4sync6atomic8AtomicU816compare_exchange17hddd2cb40f3b3aa50E>:
            pub fn compare_exchange(&self,
  ef3ef0:	48 83 ec 18          	sub    $0x18,%rsp
  ef3ef4:	44 88 c0             	mov    %r8b,%al
  ef3ef7:	48 89 3c 24          	mov    %rdi,(%rsp)
  ef3efb:	40 88 74 24 0c       	mov    %sil,0xc(%rsp)
  ef3f00:	88 54 24 0d          	mov    %dl,0xd(%rsp)
  ef3f04:	88 4c 24 0e          	mov    %cl,0xe(%rsp)
  ef3f08:	88 44 24 0f          	mov    %al,0xf(%rsp)
                unsafe { atomic_compare_exchange(self.v.get(), current, new, success, failure) }
  ef3f0c:	48 89 7c 24 10       	mov    %rdi,0x10(%rsp)
  ef3f11:	40 0f b6 f6          	movzbl %sil,%esi
  ef3f15:	0f b6 d2             	movzbl %dl,%edx
  ef3f18:	0f b6 c9             	movzbl %cl,%ecx
  ef3f1b:	44 0f b6 c0          	movzbl %al,%r8d
  ef3f1f:	e8 8c 01 00 00       	call   ef40b0 <_ZN4core4sync6atomic23atomic_compare_exchange17ha396118951d7b9d4E>
            }
  ef3f24:	48 83 c4 18          	add    $0x18,%rsp
  ef3f28:	c3                   	ret
  ef3f29:	cc                   	int3
  ef3f2a:	cc                   	int3
  ef3f2b:	cc                   	int3
  ef3f2c:	cc                   	int3
  ef3f2d:	cc                   	int3
  ef3f2e:	cc                   	int3
  ef3f2f:	cc                   	int3

0000000000ef3f30 <_ZN4core4sync6atomic8AtomicU84load17h6a69399fa204a692E>:
            pub fn load(&self, order: Ordering) -> $int_type {
  ef3f30:	48 83 ec 18          	sub    $0x18,%rsp
  ef3f34:	40 88 f0             	mov    %sil,%al
  ef3f37:	48 89 3c 24          	mov    %rdi,(%rsp)
  ef3f3b:	88 44 24 0f          	mov    %al,0xf(%rsp)
                unsafe { atomic_load(self.v.get(), order) }
  ef3f3f:	48 89 7c 24 10       	mov    %rdi,0x10(%rsp)
  ef3f44:	0f b6 f0             	movzbl %al,%esi
  ef3f47:	e8 44 00 00 00       	call   ef3f90 <_ZN4core4sync6atomic11atomic_load17h2b287c92041ae9c4E>
            }
  ef3f4c:	48 83 c4 18          	add    $0x18,%rsp
  ef3f50:	c3                   	ret
  ef3f51:	cc                   	int3
  ef3f52:	cc                   	int3
  ef3f53:	cc                   	int3
  ef3f54:	cc                   	int3
  ef3f55:	cc                   	int3
  ef3f56:	cc                   	int3
  ef3f57:	cc                   	int3
  ef3f58:	cc                   	int3
  ef3f59:	cc                   	int3
  ef3f5a:	cc                   	int3
  ef3f5b:	cc                   	int3
  ef3f5c:	cc                   	int3
  ef3f5d:	cc                   	int3
  ef3f5e:	cc                   	int3
  ef3f5f:	cc                   	int3

0000000000ef3f60 <_ZN4core4sync6atomic8AtomicU85store17ha711aaeef7e21077E>:
            pub fn store(&self, val: $int_type, order: Ordering) {
  ef3f60:	48 83 ec 18          	sub    $0x18,%rsp
  ef3f64:	88 d0                	mov    %dl,%al
  ef3f66:	40 88 f1             	mov    %sil,%cl
  ef3f69:	48 89 3c 24          	mov    %rdi,(%rsp)
  ef3f6d:	88 4c 24 0e          	mov    %cl,0xe(%rsp)
  ef3f71:	88 44 24 0f          	mov    %al,0xf(%rsp)
                unsafe { atomic_store(self.v.get(), val, order); }
  ef3f75:	48 89 7c 24 10       	mov    %rdi,0x10(%rsp)
  ef3f7a:	0f b6 f1             	movzbl %cl,%esi
  ef3f7d:	0f b6 d0             	movzbl %al,%edx
  ef3f80:	e8 fb 77 00 00       	call   efb780 <_ZN4core4sync6atomic12atomic_store17h72839f94d588f606E>
            }
  ef3f85:	48 83 c4 18          	add    $0x18,%rsp
  ef3f89:	c3                   	ret
  ef3f8a:	cc                   	int3
  ef3f8b:	cc                   	int3
  ef3f8c:	cc                   	int3
  ef3f8d:	cc                   	int3
  ef3f8e:	cc                   	int3
  ef3f8f:	cc                   	int3

0000000000ef3f90 <_ZN4core4sync6atomic11atomic_load17h2b287c92041ae9c4E>:
unsafe fn atomic_load<T: Copy>(dst: *const T, order: Ordering) -> T {
  ef3f90:	48 81 ec 98 00 00 00 	sub    $0x98,%rsp
  ef3f97:	48 89 3c 24          	mov    %rdi,(%rsp)
  ef3f9b:	40 88 f0             	mov    %sil,%al
  ef3f9e:	48 89 7c 24 78       	mov    %rdi,0x78(%rsp)
  ef3fa3:	88 84 24 87 00 00 00 	mov    %al,0x87(%rsp)
  ef3faa:	48 c7 84 24 88 00 00 	movq   $0xeed450,0x88(%rsp)
  ef3fb1:	00 50 d4 ee 00 
  ef3fb6:	48 c7 84 24 90 00 00 	movq   $0xeed488,0x90(%rsp)
  ef3fbd:	00 88 d4 ee 00 
        match order {
  ef3fc2:	0f b6 c0             	movzbl %al,%eax
  ef3fc5:	48 89 44 24 08       	mov    %rax,0x8(%rsp)
  ef3fca:	48 8b 44 24 08       	mov    0x8(%rsp),%rax
  ef3fcf:	48 8b 04 c5 a0 d3 ee 	mov    0xeed3a0(,%rax,8),%rax
  ef3fd6:	00 
  ef3fd7:	ff e0                	jmp    *%rax
  ef3fd9:	0f 0b                	ud2
  ef3fdb:	48 8b 04 24          	mov    (%rsp),%rax
            Relaxed => intrinsics::atomic_load_relaxed(dst),
  ef3fdf:	8a 00                	mov    (%rax),%al
  ef3fe1:	88 44 24 17          	mov    %al,0x17(%rsp)
  ef3fe5:	e9 b2 00 00 00       	jmp    ef409c <_ZN4core4sync6atomic11atomic_load17h2b287c92041ae9c4E+0x10c>
        Arguments { pieces, fmt: None, args: &[] }
  ef3fea:	48 c7 44 24 18 88 d4 	movq   $0xeed488,0x18(%rsp)
  ef3ff1:	ee 00 
  ef3ff3:	48 c7 44 24 20 01 00 	movq   $0x1,0x20(%rsp)
  ef3ffa:	00 00 
  ef3ffc:	48 8b 0d b5 c2 30 ff 	mov    -0xcf3d4b(%rip),%rcx        # 2002b8 <_ZN63_$LT$common_std..error..RcError$u20$as$u20$core..fmt..Debug$GT$3fmt17h5af9ecfea329b2e5E-0xcf0988>
  ef4003:	48 8b 05 b6 c2 30 ff 	mov    -0xcf3d4a(%rip),%rax        # 2002c0 <_ZN63_$LT$common_std..error..RcError$u20$as$u20$core..fmt..Debug$GT$3fmt17h5af9ecfea329b2e5E-0xcf0980>
  ef400a:	48 89 4c 24 38       	mov    %rcx,0x38(%rsp)
  ef400f:	48 89 44 24 40       	mov    %rax,0x40(%rsp)
  ef4014:	b8 08 00 00 00       	mov    $0x8,%eax
  ef4019:	48 89 44 24 28       	mov    %rax,0x28(%rsp)
  ef401e:	48 c7 44 24 30 00 00 	movq   $0x0,0x30(%rsp)
  ef4025:	00 00 
            Release => panic!("there is no such thing as a release load"),
  ef4027:	48 c7 c6 10 d5 ee 00 	mov    $0xeed510,%rsi
  ef402e:	48 8d 7c 24 18       	lea    0x18(%rsp),%rdi
  ef4033:	e8 88 7f 00 00       	call   efbfc0 <_ZN4core9panicking9panic_fmt17h2982420c32d2353cE>
  ef4038:	48 8b 04 24          	mov    (%rsp),%rax
            Acquire => intrinsics::atomic_load_acquire(dst),
  ef403c:	8a 00                	mov    (%rax),%al
  ef403e:	88 44 24 17          	mov    %al,0x17(%rsp)
  ef4042:	eb 58                	jmp    ef409c <_ZN4core4sync6atomic11atomic_load17h2b287c92041ae9c4E+0x10c>
  ef4044:	48 c7 44 24 48 50 d4 	movq   $0xeed450,0x48(%rsp)
  ef404b:	ee 00 
  ef404d:	48 c7 44 24 50 01 00 	movq   $0x1,0x50(%rsp)
  ef4054:	00 00 
  ef4056:	48 8b 0d 5b c2 30 ff 	mov    -0xcf3da5(%rip),%rcx        # 2002b8 <_ZN63_$LT$common_std..error..RcError$u20$as$u20$core..fmt..Debug$GT$3fmt17h5af9ecfea329b2e5E-0xcf0988>
  ef405d:	48 8b 05 5c c2 30 ff 	mov    -0xcf3da4(%rip),%rax        # 2002c0 <_ZN63_$LT$common_std..error..RcError$u20$as$u20$core..fmt..Debug$GT$3fmt17h5af9ecfea329b2e5E-0xcf0980>
  ef4064:	48 89 4c 24 68       	mov    %rcx,0x68(%rsp)
  ef4069:	48 89 44 24 70       	mov    %rax,0x70(%rsp)
  ef406e:	b8 08 00 00 00       	mov    $0x8,%eax
  ef4073:	48 89 44 24 58       	mov    %rax,0x58(%rsp)
  ef4078:	48 c7 44 24 60 00 00 	movq   $0x0,0x60(%rsp)
  ef407f:	00 00 
            AcqRel => panic!("there is no such thing as an acquire-release load"),
  ef4081:	48 c7 c6 28 d5 ee 00 	mov    $0xeed528,%rsi
  ef4088:	48 8d 7c 24 48       	lea    0x48(%rsp),%rdi
  ef408d:	e8 2e 7f 00 00       	call   efbfc0 <_ZN4core9panicking9panic_fmt17h2982420c32d2353cE>
  ef4092:	48 8b 04 24          	mov    (%rsp),%rax
            SeqCst => intrinsics::atomic_load_seqcst(dst),
  ef4096:	8a 00                	mov    (%rax),%al
  ef4098:	88 44 24 17          	mov    %al,0x17(%rsp)
}
  ef409c:	8a 44 24 17          	mov    0x17(%rsp),%al
  ef40a0:	48 81 c4 98 00 00 00 	add    $0x98,%rsp
  ef40a7:	c3                   	ret
  ef40a8:	cc                   	int3
  ef40a9:	cc                   	int3
  ef40aa:	cc                   	int3
  ef40ab:	cc                   	int3
  ef40ac:	cc                   	int3
  ef40ad:	cc                   	int3
  ef40ae:	cc                   	int3
  ef40af:	cc                   	int3

0000000000ef40b0 <_ZN4core4sync6atomic23atomic_compare_exchange17ha396118951d7b9d4E>:
unsafe fn atomic_compare_exchange<T: Copy>(
  ef40b0:	48 81 ec d8 00 00 00 	sub    $0xd8,%rsp
  ef40b7:	89 c8                	mov    %ecx,%eax
  ef40b9:	48 89 7c 24 30       	mov    %rdi,0x30(%rsp)
  ef40be:	44 88 c1             	mov    %r8b,%cl
  ef40c1:	88 4c 24 3d          	mov    %cl,0x3d(%rsp)
  ef40c5:	88 54 24 3e          	mov    %dl,0x3e(%rsp)
  ef40c9:	40 88 74 24 3f       	mov    %sil,0x3f(%rsp)
  ef40ce:	48 89 bc 24 b0 00 00 	mov    %rdi,0xb0(%rsp)
  ef40d5:	00 
  ef40d6:	40 88 b4 24 bc 00 00 	mov    %sil,0xbc(%rsp)
  ef40dd:	00 
  ef40de:	88 94 24 bd 00 00 00 	mov    %dl,0xbd(%rsp)
  ef40e5:	88 84 24 be 00 00 00 	mov    %al,0xbe(%rsp)
  ef40ec:	88 8c 24 bf 00 00 00 	mov    %cl,0xbf(%rsp)
    pub const fn new_const<const N: usize>(pieces: &'a [&'static str; N]) -> Self {
  ef40f3:	48 c7 84 24 c0 00 00 	movq   $0xeed578,0xc0(%rsp)
  ef40fa:	00 78 d5 ee 00 
  ef40ff:	48 c7 84 24 c8 00 00 	movq   $0xeed5c8,0xc8(%rsp)
  ef4106:	00 c8 d5 ee 00 
        match (success, failure) {
  ef410b:	0f b6 c0             	movzbl %al,%eax
  ef410e:	48 89 44 24 40       	mov    %rax,0x40(%rsp)
  ef4113:	48 8b 44 24 40       	mov    0x40(%rsp),%rax
  ef4118:	48 8b 04 c5 c8 d3 ee 	mov    0xeed3c8(,%rax,8),%rax
  ef411f:	00 
  ef4120:	ff e0                	jmp    *%rax
  ef4122:	0f 0b                	ud2
  ef4124:	8a 44 24 3d          	mov    0x3d(%rsp),%al
  ef4128:	0f b6 c8             	movzbl %al,%ecx
  ef412b:	48 89 4c 24 28       	mov    %rcx,0x28(%rsp)
  ef4130:	84 c0                	test   %al,%al
  ef4132:	0f 84 20 01 00 00    	je     ef4258 <_ZN4core4sync6atomic23atomic_compare_exchange17ha396118951d7b9d4E+0x1a8>
  ef4138:	eb 00                	jmp    ef413a <_ZN4core4sync6atomic23atomic_compare_exchange17ha396118951d7b9d4E+0x8a>
  ef413a:	48 8b 44 24 28       	mov    0x28(%rsp),%rax
  ef413f:	48 83 e8 02          	sub    $0x2,%rax
  ef4143:	0f 84 31 01 00 00    	je     ef427a <_ZN4core4sync6atomic23atomic_compare_exchange17ha396118951d7b9d4E+0x1ca>
  ef4149:	eb 00                	jmp    ef414b <_ZN4core4sync6atomic23atomic_compare_exchange17ha396118951d7b9d4E+0x9b>
  ef414b:	48 8b 44 24 28       	mov    0x28(%rsp),%rax
  ef4150:	48 83 e8 04          	sub    $0x4,%rax
  ef4154:	0f 84 42 01 00 00    	je     ef429c <_ZN4core4sync6atomic23atomic_compare_exchange17ha396118951d7b9d4E+0x1ec>
  ef415a:	e9 e3 00 00 00       	jmp    ef4242 <_ZN4core4sync6atomic23atomic_compare_exchange17ha396118951d7b9d4E+0x192>
  ef415f:	8a 44 24 3d          	mov    0x3d(%rsp),%al
  ef4163:	0f b6 c8             	movzbl %al,%ecx
  ef4166:	48 89 4c 24 20       	mov    %rcx,0x20(%rsp)
  ef416b:	84 c0                	test   %al,%al
  ef416d:	0f 84 75 01 00 00    	je     ef42e8 <_ZN4core4sync6atomic23atomic_compare_exchange17ha396118951d7b9d4E+0x238>
  ef4173:	eb 00                	jmp    ef4175 <_ZN4core4sync6atomic23atomic_compare_exchange17ha396118951d7b9d4E+0xc5>
  ef4175:	48 8b 44 24 20       	mov    0x20(%rsp),%rax
  ef417a:	48 83 e8 02          	sub    $0x2,%rax
  ef417e:	0f 84 86 01 00 00    	je     ef430a <_ZN4core4sync6atomic23atomic_compare_exchange17ha396118951d7b9d4E+0x25a>
  ef4184:	eb 00                	jmp    ef4186 <_ZN4core4sync6atomic23atomic_compare_exchange17ha396118951d7b9d4E+0xd6>
  ef4186:	48 8b 44 24 20       	mov    0x20(%rsp),%rax
  ef418b:	48 83 e8 04          	sub    $0x4,%rax
  ef418f:	0f 84 97 01 00 00    	je     ef432c <_ZN4core4sync6atomic23atomic_compare_exchange17ha396118951d7b9d4E+0x27c>
  ef4195:	e9 a8 00 00 00       	jmp    ef4242 <_ZN4core4sync6atomic23atomic_compare_exchange17ha396118951d7b9d4E+0x192>
  ef419a:	8a 44 24 3d          	mov    0x3d(%rsp),%al
  ef419e:	0f b6 c8             	movzbl %al,%ecx
  ef41a1:	48 89 4c 24 18       	mov    %rcx,0x18(%rsp)
  ef41a6:	84 c0                	test   %al,%al
  ef41a8:	0f 84 a3 01 00 00    	je     ef4351 <_ZN4core4sync6atomic23atomic_compare_exchange17ha396118951d7b9d4E+0x2a1>
  ef41ae:	eb 00                	jmp    ef41b0 <_ZN4core4sync6atomic23atomic_compare_exchange17ha396118951d7b9d4E+0x100>
  ef41b0:	48 8b 44 24 18       	mov    0x18(%rsp),%rax
  ef41b5:	48 83 e8 02          	sub    $0x2,%rax
  ef41b9:	0f 84 b7 01 00 00    	je     ef4376 <_ZN4core4sync6atomic23atomic_compare_exchange17ha396118951d7b9d4E+0x2c6>
  ef41bf:	eb 00                	jmp    ef41c1 <_ZN4core4sync6atomic23atomic_compare_exchange17ha396118951d7b9d4E+0x111>
  ef41c1:	48 8b 44 24 18       	mov    0x18(%rsp),%rax
  ef41c6:	48 83 e8 04          	sub    $0x4,%rax
  ef41ca:	0f 84 cb 01 00 00    	je     ef439b <_ZN4core4sync6atomic23atomic_compare_exchange17ha396118951d7b9d4E+0x2eb>
  ef41d0:	eb 70                	jmp    ef4242 <_ZN4core4sync6atomic23atomic_compare_exchange17ha396118951d7b9d4E+0x192>
  ef41d2:	8a 44 24 3d          	mov    0x3d(%rsp),%al
  ef41d6:	0f b6 c8             	movzbl %al,%ecx
  ef41d9:	48 89 4c 24 10       	mov    %rcx,0x10(%rsp)
  ef41de:	84 c0                	test   %al,%al
  ef41e0:	0f 84 da 01 00 00    	je     ef43c0 <_ZN4core4sync6atomic23atomic_compare_exchange17ha396118951d7b9d4E+0x310>
  ef41e6:	eb 00                	jmp    ef41e8 <_ZN4core4sync6atomic23atomic_compare_exchange17ha396118951d7b9d4E+0x138>
  ef41e8:	48 8b 44 24 10       	mov    0x10(%rsp),%rax
  ef41ed:	48 83 e8 02          	sub    $0x2,%rax
  ef41f1:	0f 84 ee 01 00 00    	je     ef43e5 <_ZN4core4sync6atomic23atomic_compare_exchange17ha396118951d7b9d4E+0x335>
  ef41f7:	eb 00                	jmp    ef41f9 <_ZN4core4sync6atomic23atomic_compare_exchange17ha396118951d7b9d4E+0x149>
  ef41f9:	48 8b 44 24 10       	mov    0x10(%rsp),%rax
  ef41fe:	48 83 e8 04          	sub    $0x4,%rax
  ef4202:	0f 84 02 02 00 00    	je     ef440a <_ZN4core4sync6atomic23atomic_compare_exchange17ha396118951d7b9d4E+0x35a>
  ef4208:	eb 38                	jmp    ef4242 <_ZN4core4sync6atomic23atomic_compare_exchange17ha396118951d7b9d4E+0x192>
  ef420a:	8a 44 24 3d          	mov    0x3d(%rsp),%al
  ef420e:	0f b6 c8             	movzbl %al,%ecx
  ef4211:	48 89 4c 24 08       	mov    %rcx,0x8(%rsp)
  ef4216:	84 c0                	test   %al,%al
  ef4218:	0f 84 11 02 00 00    	je     ef442f <_ZN4core4sync6atomic23atomic_compare_exchange17ha396118951d7b9d4E+0x37f>
  ef421e:	eb 00                	jmp    ef4220 <_ZN4core4sync6atomic23atomic_compare_exchange17ha396118951d7b9d4E+0x170>
  ef4220:	48 8b 44 24 08       	mov    0x8(%rsp),%rax
  ef4225:	48 83 e8 02          	sub    $0x2,%rax
  ef4229:	0f 84 25 02 00 00    	je     ef4454 <_ZN4core4sync6atomic23atomic_compare_exchange17ha396118951d7b9d4E+0x3a4>
  ef422f:	eb 00                	jmp    ef4231 <_ZN4core4sync6atomic23atomic_compare_exchange17ha396118951d7b9d4E+0x181>
  ef4231:	48 8b 44 24 08       	mov    0x8(%rsp),%rax
  ef4236:	48 83 e8 04          	sub    $0x4,%rax
  ef423a:	0f 84 39 02 00 00    	je     ef4479 <_ZN4core4sync6atomic23atomic_compare_exchange17ha396118951d7b9d4E+0x3c9>
  ef4240:	eb 00                	jmp    ef4242 <_ZN4core4sync6atomic23atomic_compare_exchange17ha396118951d7b9d4E+0x192>
  ef4242:	8a 44 24 3d          	mov    0x3d(%rsp),%al
  ef4246:	0f b6 c0             	movzbl %al,%eax
  ef4249:	48 83 f8 01          	cmp    $0x1,%rax
  ef424d:	0f 84 77 02 00 00    	je     ef44ca <_ZN4core4sync6atomic23atomic_compare_exchange17ha396118951d7b9d4E+0x41a>
  ef4253:	e9 d5 02 00 00       	jmp    ef452d <_ZN4core4sync6atomic23atomic_compare_exchange17ha396118951d7b9d4E+0x47d>
  ef4258:	48 8b 4c 24 30       	mov    0x30(%rsp),%rcx
  ef425d:	8a 54 24 3e          	mov    0x3e(%rsp),%dl
  ef4261:	8a 44 24 3f          	mov    0x3f(%rsp),%al
            (Relaxed, Relaxed) => intrinsics::atomic_cxchg_relaxed_relaxed(dst, old, new),
  ef4265:	f0 0f b0 11          	lock cmpxchg %dl,(%rcx)
  ef4269:	88 c1                	mov    %al,%cl
  ef426b:	0f 94 c0             	sete   %al
  ef426e:	24 01                	and    $0x1,%al
  ef4270:	88 4c 24 4e          	mov    %cl,0x4e(%rsp)
  ef4274:	88 44 24 4f          	mov    %al,0x4f(%rsp)
  ef4278:	eb 42                	jmp    ef42bc <_ZN4core4sync6atomic23atomic_compare_exchange17ha396118951d7b9d4E+0x20c>
  ef427a:	48 8b 4c 24 30       	mov    0x30(%rsp),%rcx
  ef427f:	8a 54 24 3e          	mov    0x3e(%rsp),%dl
  ef4283:	8a 44 24 3f          	mov    0x3f(%rsp),%al
            (Relaxed, Acquire) => intrinsics::atomic_cxchg_relaxed_acquire(dst, old, new),
  ef4287:	f0 0f b0 11          	lock cmpxchg %dl,(%rcx)
  ef428b:	88 c1                	mov    %al,%cl
  ef428d:	0f 94 c0             	sete   %al
  ef4290:	24 01                	and    $0x1,%al
  ef4292:	88 4c 24 4e          	mov    %cl,0x4e(%rsp)
  ef4296:	88 44 24 4f          	mov    %al,0x4f(%rsp)
  ef429a:	eb 20                	jmp    ef42bc <_ZN4core4sync6atomic23atomic_compare_exchange17ha396118951d7b9d4E+0x20c>
  ef429c:	48 8b 4c 24 30       	mov    0x30(%rsp),%rcx
  ef42a1:	8a 54 24 3e          	mov    0x3e(%rsp),%dl
  ef42a5:	8a 44 24 3f          	mov    0x3f(%rsp),%al
            (Relaxed, SeqCst) => intrinsics::atomic_cxchg_relaxed_seqcst(dst, old, new),
  ef42a9:	f0 0f b0 11          	lock cmpxchg %dl,(%rcx)
  ef42ad:	88 c1                	mov    %al,%cl
  ef42af:	0f 94 c0             	sete   %al
  ef42b2:	24 01                	and    $0x1,%al
  ef42b4:	88 4c 24 4e          	mov    %cl,0x4e(%rsp)
  ef42b8:	88 44 24 4f          	mov    %al,0x4f(%rsp)
    let (val, ok) = unsafe {
  ef42bc:	8a 44 24 4e          	mov    0x4e(%rsp),%al
  ef42c0:	88 44 24 07          	mov    %al,0x7(%rsp)
  ef42c4:	88 84 24 d6 00 00 00 	mov    %al,0xd6(%rsp)
  ef42cb:	8a 44 24 4f          	mov    0x4f(%rsp),%al
  ef42cf:	88 c1                	mov    %al,%cl
  ef42d1:	80 e1 01             	and    $0x1,%cl
  ef42d4:	88 8c 24 d7 00 00 00 	mov    %cl,0xd7(%rsp)
    if ok { Ok(val) } else { Err(val) }
  ef42db:	a8 01                	test   $0x1,%al
  ef42dd:	0f 85 ca 01 00 00    	jne    ef44ad <_ZN4core4sync6atomic23atomic_compare_exchange17ha396118951d7b9d4E+0x3fd>
  ef42e3:	e9 b6 01 00 00       	jmp    ef449e <_ZN4core4sync6atomic23atomic_compare_exchange17ha396118951d7b9d4E+0x3ee>
  ef42e8:	48 8b 4c 24 30       	mov    0x30(%rsp),%rcx
  ef42ed:	8a 54 24 3e          	mov    0x3e(%rsp),%dl
  ef42f1:	8a 44 24 3f          	mov    0x3f(%rsp),%al
            (Release, Relaxed) => intrinsics::atomic_cxchg_release_relaxed(dst, old, new),
  ef42f5:	f0 0f b0 11          	lock cmpxchg %dl,(%rcx)
  ef42f9:	88 c1                	mov    %al,%cl
  ef42fb:	0f 94 c0             	sete   %al
  ef42fe:	24 01                	and    $0x1,%al
  ef4300:	88 4c 24 4e          	mov    %cl,0x4e(%rsp)
  ef4304:	88 44 24 4f          	mov    %al,0x4f(%rsp)
  ef4308:	eb b2                	jmp    ef42bc <_ZN4core4sync6atomic23atomic_compare_exchange17ha396118951d7b9d4E+0x20c>
  ef430a:	48 8b 4c 24 30       	mov    0x30(%rsp),%rcx
  ef430f:	8a 54 24 3e          	mov    0x3e(%rsp),%dl
  ef4313:	8a 44 24 3f          	mov    0x3f(%rsp),%al
            (Release, Acquire) => intrinsics::atomic_cxchg_release_acquire(dst, old, new),
  ef4317:	f0 0f b0 11          	lock cmpxchg %dl,(%rcx)
  ef431b:	88 c1                	mov    %al,%cl
  ef431d:	0f 94 c0             	sete   %al
  ef4320:	24 01                	and    $0x1,%al
  ef4322:	88 4c 24 4e          	mov    %cl,0x4e(%rsp)
  ef4326:	88 44 24 4f          	mov    %al,0x4f(%rsp)
  ef432a:	eb 90                	jmp    ef42bc <_ZN4core4sync6atomic23atomic_compare_exchange17ha396118951d7b9d4E+0x20c>
  ef432c:	48 8b 4c 24 30       	mov    0x30(%rsp),%rcx
  ef4331:	8a 54 24 3e          	mov    0x3e(%rsp),%dl
  ef4335:	8a 44 24 3f          	mov    0x3f(%rsp),%al
            (Release, SeqCst) => intrinsics::atomic_cxchg_release_seqcst(dst, old, new),
  ef4339:	f0 0f b0 11          	lock cmpxchg %dl,(%rcx)
  ef433d:	88 c1                	mov    %al,%cl
  ef433f:	0f 94 c0             	sete   %al
  ef4342:	24 01                	and    $0x1,%al
  ef4344:	88 4c 24 4e          	mov    %cl,0x4e(%rsp)
  ef4348:	88 44 24 4f          	mov    %al,0x4f(%rsp)
  ef434c:	e9 6b ff ff ff       	jmp    ef42bc <_ZN4core4sync6atomic23atomic_compare_exchange17ha396118951d7b9d4E+0x20c>
  ef4351:	48 8b 4c 24 30       	mov    0x30(%rsp),%rcx
  ef4356:	8a 54 24 3e          	mov    0x3e(%rsp),%dl
  ef435a:	8a 44 24 3f          	mov    0x3f(%rsp),%al
            (Acquire, Relaxed) => intrinsics::atomic_cxchg_acquire_relaxed(dst, old, new),
  ef435e:	f0 0f b0 11          	lock cmpxchg %dl,(%rcx)
  ef4362:	88 c1                	mov    %al,%cl
  ef4364:	0f 94 c0             	sete   %al
  ef4367:	24 01                	and    $0x1,%al
  ef4369:	88 4c 24 4e          	mov    %cl,0x4e(%rsp)
  ef436d:	88 44 24 4f          	mov    %al,0x4f(%rsp)
  ef4371:	e9 46 ff ff ff       	jmp    ef42bc <_ZN4core4sync6atomic23atomic_compare_exchange17ha396118951d7b9d4E+0x20c>
  ef4376:	48 8b 4c 24 30       	mov    0x30(%rsp),%rcx
  ef437b:	8a 54 24 3e          	mov    0x3e(%rsp),%dl
  ef437f:	8a 44 24 3f          	mov    0x3f(%rsp),%al
            (Acquire, Acquire) => intrinsics::atomic_cxchg_acquire_acquire(dst, old, new),
  ef4383:	f0 0f b0 11          	lock cmpxchg %dl,(%rcx)
  ef4387:	88 c1                	mov    %al,%cl
  ef4389:	0f 94 c0             	sete   %al
  ef438c:	24 01                	and    $0x1,%al
  ef438e:	88 4c 24 4e          	mov    %cl,0x4e(%rsp)
  ef4392:	88 44 24 4f          	mov    %al,0x4f(%rsp)
  ef4396:	e9 21 ff ff ff       	jmp    ef42bc <_ZN4core4sync6atomic23atomic_compare_exchange17ha396118951d7b9d4E+0x20c>
  ef439b:	48 8b 4c 24 30       	mov    0x30(%rsp),%rcx
  ef43a0:	8a 54 24 3e          	mov    0x3e(%rsp),%dl
  ef43a4:	8a 44 24 3f          	mov    0x3f(%rsp),%al
            (Acquire, SeqCst) => intrinsics::atomic_cxchg_acquire_seqcst(dst, old, new),
  ef43a8:	f0 0f b0 11          	lock cmpxchg %dl,(%rcx)
  ef43ac:	88 c1                	mov    %al,%cl
  ef43ae:	0f 94 c0             	sete   %al
  ef43b1:	24 01                	and    $0x1,%al
  ef43b3:	88 4c 24 4e          	mov    %cl,0x4e(%rsp)
  ef43b7:	88 44 24 4f          	mov    %al,0x4f(%rsp)
  ef43bb:	e9 fc fe ff ff       	jmp    ef42bc <_ZN4core4sync6atomic23atomic_compare_exchange17ha396118951d7b9d4E+0x20c>
  ef43c0:	48 8b 4c 24 30       	mov    0x30(%rsp),%rcx
  ef43c5:	8a 54 24 3e          	mov    0x3e(%rsp),%dl
  ef43c9:	8a 44 24 3f          	mov    0x3f(%rsp),%al
            (AcqRel, Relaxed) => intrinsics::atomic_cxchg_acqrel_relaxed(dst, old, new),
  ef43cd:	f0 0f b0 11          	lock cmpxchg %dl,(%rcx)
  ef43d1:	88 c1                	mov    %al,%cl
  ef43d3:	0f 94 c0             	sete   %al
  ef43d6:	24 01                	and    $0x1,%al
  ef43d8:	88 4c 24 4e          	mov    %cl,0x4e(%rsp)
  ef43dc:	88 44 24 4f          	mov    %al,0x4f(%rsp)
  ef43e0:	e9 d7 fe ff ff       	jmp    ef42bc <_ZN4core4sync6atomic23atomic_compare_exchange17ha396118951d7b9d4E+0x20c>
  ef43e5:	48 8b 4c 24 30       	mov    0x30(%rsp),%rcx
  ef43ea:	8a 54 24 3e          	mov    0x3e(%rsp),%dl
  ef43ee:	8a 44 24 3f          	mov    0x3f(%rsp),%al
            (AcqRel, Acquire) => intrinsics::atomic_cxchg_acqrel_acquire(dst, old, new),
  ef43f2:	f0 0f b0 11          	lock cmpxchg %dl,(%rcx)
  ef43f6:	88 c1                	mov    %al,%cl
  ef43f8:	0f 94 c0             	sete   %al
  ef43fb:	24 01                	and    $0x1,%al
  ef43fd:	88 4c 24 4e          	mov    %cl,0x4e(%rsp)
  ef4401:	88 44 24 4f          	mov    %al,0x4f(%rsp)
  ef4405:	e9 b2 fe ff ff       	jmp    ef42bc <_ZN4core4sync6atomic23atomic_compare_exchange17ha396118951d7b9d4E+0x20c>
  ef440a:	48 8b 4c 24 30       	mov    0x30(%rsp),%rcx
  ef440f:	8a 54 24 3e          	mov    0x3e(%rsp),%dl
  ef4413:	8a 44 24 3f          	mov    0x3f(%rsp),%al
            (AcqRel, SeqCst) => intrinsics::atomic_cxchg_acqrel_seqcst(dst, old, new),
  ef4417:	f0 0f b0 11          	lock cmpxchg %dl,(%rcx)
  ef441b:	88 c1                	mov    %al,%cl
  ef441d:	0f 94 c0             	sete   %al
  ef4420:	24 01                	and    $0x1,%al
  ef4422:	88 4c 24 4e          	mov    %cl,0x4e(%rsp)
  ef4426:	88 44 24 4f          	mov    %al,0x4f(%rsp)
  ef442a:	e9 8d fe ff ff       	jmp    ef42bc <_ZN4core4sync6atomic23atomic_compare_exchange17ha396118951d7b9d4E+0x20c>
  ef442f:	48 8b 4c 24 30       	mov    0x30(%rsp),%rcx
  ef4434:	8a 54 24 3e          	mov    0x3e(%rsp),%dl
  ef4438:	8a 44 24 3f          	mov    0x3f(%rsp),%al
            (SeqCst, Relaxed) => intrinsics::atomic_cxchg_seqcst_relaxed(dst, old, new),
  ef443c:	f0 0f b0 11          	lock cmpxchg %dl,(%rcx)
  ef4440:	88 c1                	mov    %al,%cl
  ef4442:	0f 94 c0             	sete   %al
  ef4445:	24 01                	and    $0x1,%al
  ef4447:	88 4c 24 4e          	mov    %cl,0x4e(%rsp)
  ef444b:	88 44 24 4f          	mov    %al,0x4f(%rsp)
  ef444f:	e9 68 fe ff ff       	jmp    ef42bc <_ZN4core4sync6atomic23atomic_compare_exchange17ha396118951d7b9d4E+0x20c>
  ef4454:	48 8b 4c 24 30       	mov    0x30(%rsp),%rcx
  ef4459:	8a 54 24 3e          	mov    0x3e(%rsp),%dl
  ef445d:	8a 44 24 3f          	mov    0x3f(%rsp),%al
            (SeqCst, Acquire) => intrinsics::atomic_cxchg_seqcst_acquire(dst, old, new),
  ef4461:	f0 0f b0 11          	lock cmpxchg %dl,(%rcx)
  ef4465:	88 c1                	mov    %al,%cl
  ef4467:	0f 94 c0             	sete   %al
  ef446a:	24 01                	and    $0x1,%al
  ef446c:	88 4c 24 4e          	mov    %cl,0x4e(%rsp)
  ef4470:	88 44 24 4f          	mov    %al,0x4f(%rsp)
  ef4474:	e9 43 fe ff ff       	jmp    ef42bc <_ZN4core4sync6atomic23atomic_compare_exchange17ha396118951d7b9d4E+0x20c>
  ef4479:	48 8b 4c 24 30       	mov    0x30(%rsp),%rcx
  ef447e:	8a 54 24 3e          	mov    0x3e(%rsp),%dl
  ef4482:	8a 44 24 3f          	mov    0x3f(%rsp),%al
            (SeqCst, SeqCst) => intrinsics::atomic_cxchg_seqcst_seqcst(dst, old, new),
  ef4486:	f0 0f b0 11          	lock cmpxchg %dl,(%rcx)
  ef448a:	88 c1                	mov    %al,%cl
  ef448c:	0f 94 c0             	sete   %al
  ef448f:	24 01                	and    $0x1,%al
  ef4491:	88 4c 24 4e          	mov    %cl,0x4e(%rsp)
  ef4495:	88 44 24 4f          	mov    %al,0x4f(%rsp)
  ef4499:	e9 1e fe ff ff       	jmp    ef42bc <_ZN4core4sync6atomic23atomic_compare_exchange17ha396118951d7b9d4E+0x20c>
  ef449e:	8a 44 24 07          	mov    0x7(%rsp),%al
    if ok { Ok(val) } else { Err(val) }
  ef44a2:	88 44 24 4d          	mov    %al,0x4d(%rsp)
  ef44a6:	c6 44 24 4c 01       	movb   $0x1,0x4c(%rsp)
  ef44ab:	eb 0d                	jmp    ef44ba <_ZN4core4sync6atomic23atomic_compare_exchange17ha396118951d7b9d4E+0x40a>
  ef44ad:	8a 44 24 07          	mov    0x7(%rsp),%al
  ef44b1:	88 44 24 4d          	mov    %al,0x4d(%rsp)
  ef44b5:	c6 44 24 4c 00       	movb   $0x0,0x4c(%rsp)
}
  ef44ba:	8a 44 24 4c          	mov    0x4c(%rsp),%al
  ef44be:	8a 54 24 4d          	mov    0x4d(%rsp),%dl
  ef44c2:	48 81 c4 d8 00 00 00 	add    $0xd8,%rsp
  ef44c9:	c3                   	ret
        Arguments { pieces, fmt: None, args: &[] }
  ef44ca:	48 c7 84 24 80 00 00 	movq   $0xeed578,0x80(%rsp)
  ef44d1:	00 78 d5 ee 00 
  ef44d6:	48 c7 84 24 88 00 00 	movq   $0x1,0x88(%rsp)
  ef44dd:	00 01 00 00 00 
  ef44e2:	48 8b 0d cf bd 30 ff 	mov    -0xcf4231(%rip),%rcx        # 2002b8 <_ZN63_$LT$common_std..error..RcError$u20$as$u20$core..fmt..Debug$GT$3fmt17h5af9ecfea329b2e5E-0xcf0988>
  ef44e9:	48 8b 05 d0 bd 30 ff 	mov    -0xcf4230(%rip),%rax        # 2002c0 <_ZN63_$LT$common_std..error..RcError$u20$as$u20$core..fmt..Debug$GT$3fmt17h5af9ecfea329b2e5E-0xcf0980>
  ef44f0:	48 89 8c 24 a0 00 00 	mov    %rcx,0xa0(%rsp)
  ef44f7:	00 
  ef44f8:	48 89 84 24 a8 00 00 	mov    %rax,0xa8(%rsp)
  ef44ff:	00 
  ef4500:	b8 08 00 00 00       	mov    $0x8,%eax
  ef4505:	48 89 84 24 90 00 00 	mov    %rax,0x90(%rsp)
  ef450c:	00 
  ef450d:	48 c7 84 24 98 00 00 	movq   $0x0,0x98(%rsp)
  ef4514:	00 00 00 00 00 
            (_, Release) => panic!("there is no such thing as a release failure ordering"),
  ef4519:	48 c7 c6 d8 d5 ee 00 	mov    $0xeed5d8,%rsi
  ef4520:	48 8d bc 24 80 00 00 	lea    0x80(%rsp),%rdi
  ef4527:	00 
  ef4528:	e8 93 7a 00 00       	call   efbfc0 <_ZN4core9panicking9panic_fmt17h2982420c32d2353cE>
  ef452d:	48 c7 44 24 50 c8 d5 	movq   $0xeed5c8,0x50(%rsp)
  ef4534:	ee 00 
  ef4536:	48 c7 44 24 58 01 00 	movq   $0x1,0x58(%rsp)
  ef453d:	00 00 
  ef453f:	48 8b 0d 72 bd 30 ff 	mov    -0xcf428e(%rip),%rcx        # 2002b8 <_ZN63_$LT$common_std..error..RcError$u20$as$u20$core..fmt..Debug$GT$3fmt17h5af9ecfea329b2e5E-0xcf0988>
  ef4546:	48 8b 05 73 bd 30 ff 	mov    -0xcf428d(%rip),%rax        # 2002c0 <_ZN63_$LT$common_std..error..RcError$u20$as$u20$core..fmt..Debug$GT$3fmt17h5af9ecfea329b2e5E-0xcf0980>
  ef454d:	48 89 4c 24 70       	mov    %rcx,0x70(%rsp)
  ef4552:	48 89 44 24 78       	mov    %rax,0x78(%rsp)
  ef4557:	b8 08 00 00 00       	mov    $0x8,%eax
  ef455c:	48 89 44 24 60       	mov    %rax,0x60(%rsp)
  ef4561:	48 c7 44 24 68 00 00 	movq   $0x0,0x68(%rsp)
  ef4568:	00 00 
            (_, AcqRel) => panic!("there is no such thing as an acquire-release failure ordering"),
  ef456a:	48 c7 c6 f0 d5 ee 00 	mov    $0xeed5f0,%rsi
  ef4571:	48 8d 7c 24 50       	lea    0x50(%rsp),%rdi
  ef4576:	e8 45 7a 00 00       	call   efbfc0 <_ZN4core9panicking9panic_fmt17h2982420c32d2353cE>
  ef457b:	cc                   	int3
  ef457c:	cc                   	int3
  ef457d:	cc                   	int3
  ef457e:	cc                   	int3
  ef457f:	cc                   	int3

0000000000ef4580 <_ZN4core4sync6atomic28atomic_compare_exchange_weak17h028426317c6bcedeE>:
unsafe fn atomic_compare_exchange_weak<T: Copy>(
  ef4580:	48 81 ec d8 00 00 00 	sub    $0xd8,%rsp
  ef4587:	89 c8                	mov    %ecx,%eax
  ef4589:	48 89 7c 24 30       	mov    %rdi,0x30(%rsp)
  ef458e:	44 88 c1             	mov    %r8b,%cl
  ef4591:	88 4c 24 3d          	mov    %cl,0x3d(%rsp)
  ef4595:	88 54 24 3e          	mov    %dl,0x3e(%rsp)
  ef4599:	40 88 74 24 3f       	mov    %sil,0x3f(%rsp)
  ef459e:	48 89 bc 24 b0 00 00 	mov    %rdi,0xb0(%rsp)
  ef45a5:	00 
  ef45a6:	40 88 b4 24 bc 00 00 	mov    %sil,0xbc(%rsp)
  ef45ad:	00 
  ef45ae:	88 94 24 bd 00 00 00 	mov    %dl,0xbd(%rsp)
  ef45b5:	88 84 24 be 00 00 00 	mov    %al,0xbe(%rsp)
  ef45bc:	88 8c 24 bf 00 00 00 	mov    %cl,0xbf(%rsp)
    pub const fn new_const<const N: usize>(pieces: &'a [&'static str; N]) -> Self {
  ef45c3:	48 c7 84 24 c0 00 00 	movq   $0xeed578,0xc0(%rsp)
  ef45ca:	00 78 d5 ee 00 
  ef45cf:	48 c7 84 24 c8 00 00 	movq   $0xeed5c8,0xc8(%rsp)
  ef45d6:	00 c8 d5 ee 00 
        match (success, failure) {
  ef45db:	0f b6 c0             	movzbl %al,%eax
  ef45de:	48 89 44 24 40       	mov    %rax,0x40(%rsp)
  ef45e3:	48 8b 44 24 40       	mov    0x40(%rsp),%rax
  ef45e8:	48 8b 04 c5 f0 d3 ee 	mov    0xeed3f0(,%rax,8),%rax
  ef45ef:	00 
  ef45f0:	ff e0                	jmp    *%rax
  ef45f2:	0f 0b                	ud2
  ef45f4:	8a 44 24 3d          	mov    0x3d(%rsp),%al
  ef45f8:	0f b6 c8             	movzbl %al,%ecx
  ef45fb:	48 89 4c 24 28       	mov    %rcx,0x28(%rsp)
  ef4600:	84 c0                	test   %al,%al
  ef4602:	0f 84 20 01 00 00    	je     ef4728 <_ZN4core4sync6atomic28atomic_compare_exchange_weak17h028426317c6bcedeE+0x1a8>
  ef4608:	eb 00                	jmp    ef460a <_ZN4core4sync6atomic28atomic_compare_exchange_weak17h028426317c6bcedeE+0x8a>
  ef460a:	48 8b 44 24 28       	mov    0x28(%rsp),%rax
  ef460f:	48 83 e8 02          	sub    $0x2,%rax
  ef4613:	0f 84 31 01 00 00    	je     ef474a <_ZN4core4sync6atomic28atomic_compare_exchange_weak17h028426317c6bcedeE+0x1ca>
  ef4619:	eb 00                	jmp    ef461b <_ZN4core4sync6atomic28atomic_compare_exchange_weak17h028426317c6bcedeE+0x9b>
  ef461b:	48 8b 44 24 28       	mov    0x28(%rsp),%rax
  ef4620:	48 83 e8 04          	sub    $0x4,%rax
  ef4624:	0f 84 42 01 00 00    	je     ef476c <_ZN4core4sync6atomic28atomic_compare_exchange_weak17h028426317c6bcedeE+0x1ec>
  ef462a:	e9 e3 00 00 00       	jmp    ef4712 <_ZN4core4sync6atomic28atomic_compare_exchange_weak17h028426317c6bcedeE+0x192>
  ef462f:	8a 44 24 3d          	mov    0x3d(%rsp),%al
  ef4633:	0f b6 c8             	movzbl %al,%ecx
  ef4636:	48 89 4c 24 20       	mov    %rcx,0x20(%rsp)
  ef463b:	84 c0                	test   %al,%al
  ef463d:	0f 84 75 01 00 00    	je     ef47b8 <_ZN4core4sync6atomic28atomic_compare_exchange_weak17h028426317c6bcedeE+0x238>
  ef4643:	eb 00                	jmp    ef4645 <_ZN4core4sync6atomic28atomic_compare_exchange_weak17h028426317c6bcedeE+0xc5>
  ef4645:	48 8b 44 24 20       	mov    0x20(%rsp),%rax
  ef464a:	48 83 e8 02          	sub    $0x2,%rax
  ef464e:	0f 84 86 01 00 00    	je     ef47da <_ZN4core4sync6atomic28atomic_compare_exchange_weak17h028426317c6bcedeE+0x25a>
  ef4654:	eb 00                	jmp    ef4656 <_ZN4core4sync6atomic28atomic_compare_exchange_weak17h028426317c6bcedeE+0xd6>
  ef4656:	48 8b 44 24 20       	mov    0x20(%rsp),%rax
  ef465b:	48 83 e8 04          	sub    $0x4,%rax
  ef465f:	0f 84 97 01 00 00    	je     ef47fc <_ZN4core4sync6atomic28atomic_compare_exchange_weak17h028426317c6bcedeE+0x27c>
  ef4665:	e9 a8 00 00 00       	jmp    ef4712 <_ZN4core4sync6atomic28atomic_compare_exchange_weak17h028426317c6bcedeE+0x192>
  ef466a:	8a 44 24 3d          	mov    0x3d(%rsp),%al
  ef466e:	0f b6 c8             	movzbl %al,%ecx
  ef4671:	48 89 4c 24 18       	mov    %rcx,0x18(%rsp)
  ef4676:	84 c0                	test   %al,%al
  ef4678:	0f 84 a3 01 00 00    	je     ef4821 <_ZN4core4sync6atomic28atomic_compare_exchange_weak17h028426317c6bcedeE+0x2a1>
  ef467e:	eb 00                	jmp    ef4680 <_ZN4core4sync6atomic28atomic_compare_exchange_weak17h028426317c6bcedeE+0x100>
  ef4680:	48 8b 44 24 18       	mov    0x18(%rsp),%rax
  ef4685:	48 83 e8 02          	sub    $0x2,%rax
  ef4689:	0f 84 b7 01 00 00    	je     ef4846 <_ZN4core4sync6atomic28atomic_compare_exchange_weak17h028426317c6bcedeE+0x2c6>
  ef468f:	eb 00                	jmp    ef4691 <_ZN4core4sync6atomic28atomic_compare_exchange_weak17h028426317c6bcedeE+0x111>
  ef4691:	48 8b 44 24 18       	mov    0x18(%rsp),%rax
  ef4696:	48 83 e8 04          	sub    $0x4,%rax
  ef469a:	0f 84 cb 01 00 00    	je     ef486b <_ZN4core4sync6atomic28atomic_compare_exchange_weak17h028426317c6bcedeE+0x2eb>
  ef46a0:	eb 70                	jmp    ef4712 <_ZN4core4sync6atomic28atomic_compare_exchange_weak17h028426317c6bcedeE+0x192>
  ef46a2:	8a 44 24 3d          	mov    0x3d(%rsp),%al
  ef46a6:	0f b6 c8             	movzbl %al,%ecx
  ef46a9:	48 89 4c 24 10       	mov    %rcx,0x10(%rsp)
  ef46ae:	84 c0                	test   %al,%al
  ef46b0:	0f 84 da 01 00 00    	je     ef4890 <_ZN4core4sync6atomic28atomic_compare_exchange_weak17h028426317c6bcedeE+0x310>
  ef46b6:	eb 00                	jmp    ef46b8 <_ZN4core4sync6atomic28atomic_compare_exchange_weak17h028426317c6bcedeE+0x138>
  ef46b8:	48 8b 44 24 10       	mov    0x10(%rsp),%rax
  ef46bd:	48 83 e8 02          	sub    $0x2,%rax
  ef46c1:	0f 84 ee 01 00 00    	je     ef48b5 <_ZN4core4sync6atomic28atomic_compare_exchange_weak17h028426317c6bcedeE+0x335>
  ef46c7:	eb 00                	jmp    ef46c9 <_ZN4core4sync6atomic28atomic_compare_exchange_weak17h028426317c6bcedeE+0x149>
  ef46c9:	48 8b 44 24 10       	mov    0x10(%rsp),%rax
  ef46ce:	48 83 e8 04          	sub    $0x4,%rax
  ef46d2:	0f 84 02 02 00 00    	je     ef48da <_ZN4core4sync6atomic28atomic_compare_exchange_weak17h028426317c6bcedeE+0x35a>
  ef46d8:	eb 38                	jmp    ef4712 <_ZN4core4sync6atomic28atomic_compare_exchange_weak17h028426317c6bcedeE+0x192>
  ef46da:	8a 44 24 3d          	mov    0x3d(%rsp),%al
  ef46de:	0f b6 c8             	movzbl %al,%ecx
  ef46e1:	48 89 4c 24 08       	mov    %rcx,0x8(%rsp)
  ef46e6:	84 c0                	test   %al,%al
  ef46e8:	0f 84 11 02 00 00    	je     ef48ff <_ZN4core4sync6atomic28atomic_compare_exchange_weak17h028426317c6bcedeE+0x37f>
  ef46ee:	eb 00                	jmp    ef46f0 <_ZN4core4sync6atomic28atomic_compare_exchange_weak17h028426317c6bcedeE+0x170>
  ef46f0:	48 8b 44 24 08       	mov    0x8(%rsp),%rax
  ef46f5:	48 83 e8 02          	sub    $0x2,%rax
  ef46f9:	0f 84 25 02 00 00    	je     ef4924 <_ZN4core4sync6atomic28atomic_compare_exchange_weak17h028426317c6bcedeE+0x3a4>
  ef46ff:	eb 00                	jmp    ef4701 <_ZN4core4sync6atomic28atomic_compare_exchange_weak17h028426317c6bcedeE+0x181>
  ef4701:	48 8b 44 24 08       	mov    0x8(%rsp),%rax
  ef4706:	48 83 e8 04          	sub    $0x4,%rax
  ef470a:	0f 84 39 02 00 00    	je     ef4949 <_ZN4core4sync6atomic28atomic_compare_exchange_weak17h028426317c6bcedeE+0x3c9>
  ef4710:	eb 00                	jmp    ef4712 <_ZN4core4sync6atomic28atomic_compare_exchange_weak17h028426317c6bcedeE+0x192>
  ef4712:	8a 44 24 3d          	mov    0x3d(%rsp),%al
  ef4716:	0f b6 c0             	movzbl %al,%eax
  ef4719:	48 83 f8 01          	cmp    $0x1,%rax
  ef471d:	0f 84 77 02 00 00    	je     ef499a <_ZN4core4sync6atomic28atomic_compare_exchange_weak17h028426317c6bcedeE+0x41a>
  ef4723:	e9 d5 02 00 00       	jmp    ef49fd <_ZN4core4sync6atomic28atomic_compare_exchange_weak17h028426317c6bcedeE+0x47d>
  ef4728:	48 8b 4c 24 30       	mov    0x30(%rsp),%rcx
  ef472d:	8a 54 24 3e          	mov    0x3e(%rsp),%dl
  ef4731:	8a 44 24 3f          	mov    0x3f(%rsp),%al
            (Relaxed, Relaxed) => intrinsics::atomic_cxchgweak_relaxed_relaxed(dst, old, new),
  ef4735:	f0 0f b0 11          	lock cmpxchg %dl,(%rcx)
  ef4739:	88 c1                	mov    %al,%cl
  ef473b:	0f 94 c0             	sete   %al
  ef473e:	24 01                	and    $0x1,%al
  ef4740:	88 4c 24 4e          	mov    %cl,0x4e(%rsp)
  ef4744:	88 44 24 4f          	mov    %al,0x4f(%rsp)
  ef4748:	eb 42                	jmp    ef478c <_ZN4core4sync6atomic28atomic_compare_exchange_weak17h028426317c6bcedeE+0x20c>
  ef474a:	48 8b 4c 24 30       	mov    0x30(%rsp),%rcx
  ef474f:	8a 54 24 3e          	mov    0x3e(%rsp),%dl
  ef4753:	8a 44 24 3f          	mov    0x3f(%rsp),%al
            (Relaxed, Acquire) => intrinsics::atomic_cxchgweak_relaxed_acquire(dst, old, new),
  ef4757:	f0 0f b0 11          	lock cmpxchg %dl,(%rcx)
  ef475b:	88 c1                	mov    %al,%cl
  ef475d:	0f 94 c0             	sete   %al
  ef4760:	24 01                	and    $0x1,%al
  ef4762:	88 4c 24 4e          	mov    %cl,0x4e(%rsp)
  ef4766:	88 44 24 4f          	mov    %al,0x4f(%rsp)
  ef476a:	eb 20                	jmp    ef478c <_ZN4core4sync6atomic28atomic_compare_exchange_weak17h028426317c6bcedeE+0x20c>
  ef476c:	48 8b 4c 24 30       	mov    0x30(%rsp),%rcx
  ef4771:	8a 54 24 3e          	mov    0x3e(%rsp),%dl
  ef4775:	8a 44 24 3f          	mov    0x3f(%rsp),%al
            (Relaxed, SeqCst) => intrinsics::atomic_cxchgweak_relaxed_seqcst(dst, old, new),
  ef4779:	f0 0f b0 11          	lock cmpxchg %dl,(%rcx)
  ef477d:	88 c1                	mov    %al,%cl
  ef477f:	0f 94 c0             	sete   %al
  ef4782:	24 01                	and    $0x1,%al
  ef4784:	88 4c 24 4e          	mov    %cl,0x4e(%rsp)
  ef4788:	88 44 24 4f          	mov    %al,0x4f(%rsp)
    let (val, ok) = unsafe {
  ef478c:	8a 44 24 4e          	mov    0x4e(%rsp),%al
  ef4790:	88 44 24 07          	mov    %al,0x7(%rsp)
  ef4794:	88 84 24 d6 00 00 00 	mov    %al,0xd6(%rsp)
  ef479b:	8a 44 24 4f          	mov    0x4f(%rsp),%al
  ef479f:	88 c1                	mov    %al,%cl
  ef47a1:	80 e1 01             	and    $0x1,%cl
  ef47a4:	88 8c 24 d7 00 00 00 	mov    %cl,0xd7(%rsp)
    if ok { Ok(val) } else { Err(val) }
  ef47ab:	a8 01                	test   $0x1,%al
  ef47ad:	0f 85 ca 01 00 00    	jne    ef497d <_ZN4core4sync6atomic28atomic_compare_exchange_weak17h028426317c6bcedeE+0x3fd>
  ef47b3:	e9 b6 01 00 00       	jmp    ef496e <_ZN4core4sync6atomic28atomic_compare_exchange_weak17h028426317c6bcedeE+0x3ee>
  ef47b8:	48 8b 4c 24 30       	mov    0x30(%rsp),%rcx
  ef47bd:	8a 54 24 3e          	mov    0x3e(%rsp),%dl
  ef47c1:	8a 44 24 3f          	mov    0x3f(%rsp),%al
            (Release, Relaxed) => intrinsics::atomic_cxchgweak_release_relaxed(dst, old, new),
  ef47c5:	f0 0f b0 11          	lock cmpxchg %dl,(%rcx)
  ef47c9:	88 c1                	mov    %al,%cl
  ef47cb:	0f 94 c0             	sete   %al
  ef47ce:	24 01                	and    $0x1,%al
  ef47d0:	88 4c 24 4e          	mov    %cl,0x4e(%rsp)
  ef47d4:	88 44 24 4f          	mov    %al,0x4f(%rsp)
  ef47d8:	eb b2                	jmp    ef478c <_ZN4core4sync6atomic28atomic_compare_exchange_weak17h028426317c6bcedeE+0x20c>
  ef47da:	48 8b 4c 24 30       	mov    0x30(%rsp),%rcx
  ef47df:	8a 54 24 3e          	mov    0x3e(%rsp),%dl
  ef47e3:	8a 44 24 3f          	mov    0x3f(%rsp),%al
            (Release, Acquire) => intrinsics::atomic_cxchgweak_release_acquire(dst, old, new),
  ef47e7:	f0 0f b0 11          	lock cmpxchg %dl,(%rcx)
  ef47eb:	88 c1                	mov    %al,%cl
  ef47ed:	0f 94 c0             	sete   %al
  ef47f0:	24 01                	and    $0x1,%al
  ef47f2:	88 4c 24 4e          	mov    %cl,0x4e(%rsp)
  ef47f6:	88 44 24 4f          	mov    %al,0x4f(%rsp)
  ef47fa:	eb 90                	jmp    ef478c <_ZN4core4sync6atomic28atomic_compare_exchange_weak17h028426317c6bcedeE+0x20c>
  ef47fc:	48 8b 4c 24 30       	mov    0x30(%rsp),%rcx
  ef4801:	8a 54 24 3e          	mov    0x3e(%rsp),%dl
  ef4805:	8a 44 24 3f          	mov    0x3f(%rsp),%al
            (Release, SeqCst) => intrinsics::atomic_cxchgweak_release_seqcst(dst, old, new),
  ef4809:	f0 0f b0 11          	lock cmpxchg %dl,(%rcx)
  ef480d:	88 c1                	mov    %al,%cl
  ef480f:	0f 94 c0             	sete   %al
  ef4812:	24 01                	and    $0x1,%al
  ef4814:	88 4c 24 4e          	mov    %cl,0x4e(%rsp)
  ef4818:	88 44 24 4f          	mov    %al,0x4f(%rsp)
  ef481c:	e9 6b ff ff ff       	jmp    ef478c <_ZN4core4sync6atomic28atomic_compare_exchange_weak17h028426317c6bcedeE+0x20c>
  ef4821:	48 8b 4c 24 30       	mov    0x30(%rsp),%rcx
  ef4826:	8a 54 24 3e          	mov    0x3e(%rsp),%dl
  ef482a:	8a 44 24 3f          	mov    0x3f(%rsp),%al
            (Acquire, Relaxed) => intrinsics::atomic_cxchgweak_acquire_relaxed(dst, old, new),
  ef482e:	f0 0f b0 11          	lock cmpxchg %dl,(%rcx)
  ef4832:	88 c1                	mov    %al,%cl
  ef4834:	0f 94 c0             	sete   %al
  ef4837:	24 01                	and    $0x1,%al
  ef4839:	88 4c 24 4e          	mov    %cl,0x4e(%rsp)
  ef483d:	88 44 24 4f          	mov    %al,0x4f(%rsp)
  ef4841:	e9 46 ff ff ff       	jmp    ef478c <_ZN4core4sync6atomic28atomic_compare_exchange_weak17h028426317c6bcedeE+0x20c>
  ef4846:	48 8b 4c 24 30       	mov    0x30(%rsp),%rcx
  ef484b:	8a 54 24 3e          	mov    0x3e(%rsp),%dl
  ef484f:	8a 44 24 3f          	mov    0x3f(%rsp),%al
            (Acquire, Acquire) => intrinsics::atomic_cxchgweak_acquire_acquire(dst, old, new),
  ef4853:	f0 0f b0 11          	lock cmpxchg %dl,(%rcx)
  ef4857:	88 c1                	mov    %al,%cl
  ef4859:	0f 94 c0             	sete   %al
  ef485c:	24 01                	and    $0x1,%al
  ef485e:	88 4c 24 4e          	mov    %cl,0x4e(%rsp)
  ef4862:	88 44 24 4f          	mov    %al,0x4f(%rsp)
  ef4866:	e9 21 ff ff ff       	jmp    ef478c <_ZN4core4sync6atomic28atomic_compare_exchange_weak17h028426317c6bcedeE+0x20c>
  ef486b:	48 8b 4c 24 30       	mov    0x30(%rsp),%rcx
  ef4870:	8a 54 24 3e          	mov    0x3e(%rsp),%dl
  ef4874:	8a 44 24 3f          	mov    0x3f(%rsp),%al
            (Acquire, SeqCst) => intrinsics::atomic_cxchgweak_acquire_seqcst(dst, old, new),
  ef4878:	f0 0f b0 11          	lock cmpxchg %dl,(%rcx)
  ef487c:	88 c1                	mov    %al,%cl
  ef487e:	0f 94 c0             	sete   %al
  ef4881:	24 01                	and    $0x1,%al
  ef4883:	88 4c 24 4e          	mov    %cl,0x4e(%rsp)
  ef4887:	88 44 24 4f          	mov    %al,0x4f(%rsp)
  ef488b:	e9 fc fe ff ff       	jmp    ef478c <_ZN4core4sync6atomic28atomic_compare_exchange_weak17h028426317c6bcedeE+0x20c>
  ef4890:	48 8b 4c 24 30       	mov    0x30(%rsp),%rcx
  ef4895:	8a 54 24 3e          	mov    0x3e(%rsp),%dl
  ef4899:	8a 44 24 3f          	mov    0x3f(%rsp),%al
            (AcqRel, Relaxed) => intrinsics::atomic_cxchgweak_acqrel_relaxed(dst, old, new),
  ef489d:	f0 0f b0 11          	lock cmpxchg %dl,(%rcx)
  ef48a1:	88 c1                	mov    %al,%cl
  ef48a3:	0f 94 c0             	sete   %al
  ef48a6:	24 01                	and    $0x1,%al
  ef48a8:	88 4c 24 4e          	mov    %cl,0x4e(%rsp)
  ef48ac:	88 44 24 4f          	mov    %al,0x4f(%rsp)
  ef48b0:	e9 d7 fe ff ff       	jmp    ef478c <_ZN4core4sync6atomic28atomic_compare_exchange_weak17h028426317c6bcedeE+0x20c>
  ef48b5:	48 8b 4c 24 30       	mov    0x30(%rsp),%rcx
  ef48ba:	8a 54 24 3e          	mov    0x3e(%rsp),%dl
  ef48be:	8a 44 24 3f          	mov    0x3f(%rsp),%al
            (AcqRel, Acquire) => intrinsics::atomic_cxchgweak_acqrel_acquire(dst, old, new),
  ef48c2:	f0 0f b0 11          	lock cmpxchg %dl,(%rcx)
  ef48c6:	88 c1                	mov    %al,%cl
  ef48c8:	0f 94 c0             	sete   %al
  ef48cb:	24 01                	and    $0x1,%al
  ef48cd:	88 4c 24 4e          	mov    %cl,0x4e(%rsp)
  ef48d1:	88 44 24 4f          	mov    %al,0x4f(%rsp)
  ef48d5:	e9 b2 fe ff ff       	jmp    ef478c <_ZN4core4sync6atomic28atomic_compare_exchange_weak17h028426317c6bcedeE+0x20c>
  ef48da:	48 8b 4c 24 30       	mov    0x30(%rsp),%rcx
  ef48df:	8a 54 24 3e          	mov    0x3e(%rsp),%dl
  ef48e3:	8a 44 24 3f          	mov    0x3f(%rsp),%al
            (AcqRel, SeqCst) => intrinsics::atomic_cxchgweak_acqrel_seqcst(dst, old, new),
  ef48e7:	f0 0f b0 11          	lock cmpxchg %dl,(%rcx)
  ef48eb:	88 c1                	mov    %al,%cl
  ef48ed:	0f 94 c0             	sete   %al
  ef48f0:	24 01                	and    $0x1,%al
  ef48f2:	88 4c 24 4e          	mov    %cl,0x4e(%rsp)
  ef48f6:	88 44 24 4f          	mov    %al,0x4f(%rsp)
  ef48fa:	e9 8d fe ff ff       	jmp    ef478c <_ZN4core4sync6atomic28atomic_compare_exchange_weak17h028426317c6bcedeE+0x20c>
  ef48ff:	48 8b 4c 24 30       	mov    0x30(%rsp),%rcx
  ef4904:	8a 54 24 3e          	mov    0x3e(%rsp),%dl
  ef4908:	8a 44 24 3f          	mov    0x3f(%rsp),%al
            (SeqCst, Relaxed) => intrinsics::atomic_cxchgweak_seqcst_relaxed(dst, old, new),
  ef490c:	f0 0f b0 11          	lock cmpxchg %dl,(%rcx)
  ef4910:	88 c1                	mov    %al,%cl
  ef4912:	0f 94 c0             	sete   %al
  ef4915:	24 01                	and    $0x1,%al
  ef4917:	88 4c 24 4e          	mov    %cl,0x4e(%rsp)
  ef491b:	88 44 24 4f          	mov    %al,0x4f(%rsp)
  ef491f:	e9 68 fe ff ff       	jmp    ef478c <_ZN4core4sync6atomic28atomic_compare_exchange_weak17h028426317c6bcedeE+0x20c>
  ef4924:	48 8b 4c 24 30       	mov    0x30(%rsp),%rcx
  ef4929:	8a 54 24 3e          	mov    0x3e(%rsp),%dl
  ef492d:	8a 44 24 3f          	mov    0x3f(%rsp),%al
            (SeqCst, Acquire) => intrinsics::atomic_cxchgweak_seqcst_acquire(dst, old, new),
  ef4931:	f0 0f b0 11          	lock cmpxchg %dl,(%rcx)
  ef4935:	88 c1                	mov    %al,%cl
  ef4937:	0f 94 c0             	sete   %al
  ef493a:	24 01                	and    $0x1,%al
  ef493c:	88 4c 24 4e          	mov    %cl,0x4e(%rsp)
  ef4940:	88 44 24 4f          	mov    %al,0x4f(%rsp)
  ef4944:	e9 43 fe ff ff       	jmp    ef478c <_ZN4core4sync6atomic28atomic_compare_exchange_weak17h028426317c6bcedeE+0x20c>
  ef4949:	48 8b 4c 24 30       	mov    0x30(%rsp),%rcx
  ef494e:	8a 54 24 3e          	mov    0x3e(%rsp),%dl
  ef4952:	8a 44 24 3f          	mov    0x3f(%rsp),%al
            (SeqCst, SeqCst) => intrinsics::atomic_cxchgweak_seqcst_seqcst(dst, old, new),
  ef4956:	f0 0f b0 11          	lock cmpxchg %dl,(%rcx)
  ef495a:	88 c1                	mov    %al,%cl
  ef495c:	0f 94 c0             	sete   %al
  ef495f:	24 01                	and    $0x1,%al
  ef4961:	88 4c 24 4e          	mov    %cl,0x4e(%rsp)
  ef4965:	88 44 24 4f          	mov    %al,0x4f(%rsp)
  ef4969:	e9 1e fe ff ff       	jmp    ef478c <_ZN4core4sync6atomic28atomic_compare_exchange_weak17h028426317c6bcedeE+0x20c>
  ef496e:	8a 44 24 07          	mov    0x7(%rsp),%al
    if ok { Ok(val) } else { Err(val) }
  ef4972:	88 44 24 4d          	mov    %al,0x4d(%rsp)
  ef4976:	c6 44 24 4c 01       	movb   $0x1,0x4c(%rsp)
  ef497b:	eb 0d                	jmp    ef498a <_ZN4core4sync6atomic28atomic_compare_exchange_weak17h028426317c6bcedeE+0x40a>
  ef497d:	8a 44 24 07          	mov    0x7(%rsp),%al
  ef4981:	88 44 24 4d          	mov    %al,0x4d(%rsp)
  ef4985:	c6 44 24 4c 00       	movb   $0x0,0x4c(%rsp)
}
  ef498a:	8a 44 24 4c          	mov    0x4c(%rsp),%al
  ef498e:	8a 54 24 4d          	mov    0x4d(%rsp),%dl
  ef4992:	48 81 c4 d8 00 00 00 	add    $0xd8,%rsp
  ef4999:	c3                   	ret
        Arguments { pieces, fmt: None, args: &[] }
  ef499a:	48 c7 84 24 80 00 00 	movq   $0xeed578,0x80(%rsp)
  ef49a1:	00 78 d5 ee 00 
  ef49a6:	48 c7 84 24 88 00 00 	movq   $0x1,0x88(%rsp)
  ef49ad:	00 01 00 00 00 
  ef49b2:	48 8b 0d ff b8 30 ff 	mov    -0xcf4701(%rip),%rcx        # 2002b8 <_ZN63_$LT$common_std..error..RcError$u20$as$u20$core..fmt..Debug$GT$3fmt17h5af9ecfea329b2e5E-0xcf0988>
  ef49b9:	48 8b 05 00 b9 30 ff 	mov    -0xcf4700(%rip),%rax        # 2002c0 <_ZN63_$LT$common_std..error..RcError$u20$as$u20$core..fmt..Debug$GT$3fmt17h5af9ecfea329b2e5E-0xcf0980>
  ef49c0:	48 89 8c 24 a0 00 00 	mov    %rcx,0xa0(%rsp)
  ef49c7:	00 
  ef49c8:	48 89 84 24 a8 00 00 	mov    %rax,0xa8(%rsp)
  ef49cf:	00 
  ef49d0:	b8 08 00 00 00       	mov    $0x8,%eax
  ef49d5:	48 89 84 24 90 00 00 	mov    %rax,0x90(%rsp)
  ef49dc:	00 
  ef49dd:	48 c7 84 24 98 00 00 	movq   $0x0,0x98(%rsp)
  ef49e4:	00 00 00 00 00 
            (_, Release) => panic!("there is no such thing as a release failure ordering"),
  ef49e9:	48 c7 c6 08 d6 ee 00 	mov    $0xeed608,%rsi
  ef49f0:	48 8d bc 24 80 00 00 	lea    0x80(%rsp),%rdi
  ef49f7:	00 
  ef49f8:	e8 c3 75 00 00       	call   efbfc0 <_ZN4core9panicking9panic_fmt17h2982420c32d2353cE>
  ef49fd:	48 c7 44 24 50 c8 d5 	movq   $0xeed5c8,0x50(%rsp)
  ef4a04:	ee 00 
  ef4a06:	48 c7 44 24 58 01 00 	movq   $0x1,0x58(%rsp)
  ef4a0d:	00 00 
  ef4a0f:	48 8b 0d a2 b8 30 ff 	mov    -0xcf475e(%rip),%rcx        # 2002b8 <_ZN63_$LT$common_std..error..RcError$u20$as$u20$core..fmt..Debug$GT$3fmt17h5af9ecfea329b2e5E-0xcf0988>
  ef4a16:	48 8b 05 a3 b8 30 ff 	mov    -0xcf475d(%rip),%rax        # 2002c0 <_ZN63_$LT$common_std..error..RcError$u20$as$u20$core..fmt..Debug$GT$3fmt17h5af9ecfea329b2e5E-0xcf0980>
  ef4a1d:	48 89 4c 24 70       	mov    %rcx,0x70(%rsp)
  ef4a22:	48 89 44 24 78       	mov    %rax,0x78(%rsp)
  ef4a27:	b8 08 00 00 00       	mov    $0x8,%eax
  ef4a2c:	48 89 44 24 60       	mov    %rax,0x60(%rsp)
  ef4a31:	48 c7 44 24 68 00 00 	movq   $0x0,0x68(%rsp)
  ef4a38:	00 00 
            (_, AcqRel) => panic!("there is no such thing as an acquire-release failure ordering"),
  ef4a3a:	48 c7 c6 20 d6 ee 00 	mov    $0xeed620,%rsi
  ef4a41:	48 8d 7c 24 50       	lea    0x50(%rsp),%rdi
  ef4a46:	e8 75 75 00 00       	call   efbfc0 <_ZN4core9panicking9panic_fmt17h2982420c32d2353cE>
  ef4a4b:	cc                   	int3
  ef4a4c:	cc                   	int3
  ef4a4d:	cc                   	int3
  ef4a4e:	cc                   	int3
  ef4a4f:	cc                   	int3

0000000000ef4a50 <_ZN153_$LT$core..result..Result$LT$T$C$F$GT$$u20$as$u20$core..ops..try_trait..FromResidual$LT$core..result..Result$LT$core..convert..Infallible$C$E$GT$$GT$$GT$13from_residual17h0927051b308a4b3dE>:
    fn from_residual(residual: Result<convert::Infallible, E>) -> Self {
  ef4a50:	48 83 ec 18          	sub    $0x18,%rsp
  ef4a54:	48 89 f8             	mov    %rdi,%rax
  ef4a57:	48 89 34 24          	mov    %rsi,(%rsp)
            Err(e) => Err(From::from(e)),
  ef4a5b:	48 8b 0c 24          	mov    (%rsp),%rcx
  ef4a5f:	48 89 4c 24 08       	mov    %rcx,0x8(%rsp)
  ef4a64:	48 89 4c 24 10       	mov    %rcx,0x10(%rsp)
  ef4a69:	48 89 4f 08          	mov    %rcx,0x8(%rdi)
  ef4a6d:	c7 07 01 00 00 00    	movl   $0x1,(%rdi)
        }
    }
  ef4a73:	48 83 c4 18          	add    $0x18,%rsp
  ef4a77:	c3                   	ret
  ef4a78:	cc                   	int3
  ef4a79:	cc                   	int3
  ef4a7a:	cc                   	int3
  ef4a7b:	cc                   	int3
  ef4a7c:	cc                   	int3
  ef4a7d:	cc                   	int3
  ef4a7e:	cc                   	int3
  ef4a7f:	cc                   	int3

0000000000ef4a80 <_ZN153_$LT$core..result..Result$LT$T$C$F$GT$$u20$as$u20$core..ops..try_trait..FromResidual$LT$core..result..Result$LT$core..convert..Infallible$C$E$GT$$GT$$GT$13from_residual17h2c3e50bb46c84a67E>:
    fn from_residual(residual: Result<convert::Infallible, E>) -> Self {
  ef4a80:	48 83 ec 10          	sub    $0x10,%rsp
            Err(e) => Err(From::from(e)),
  ef4a84:	48 c7 04 24 00 00 00 	movq   $0x0,(%rsp)
  ef4a8b:	00 
    }
  ef4a8c:	48 8b 04 24          	mov    (%rsp),%rax
  ef4a90:	48 83 c4 10          	add    $0x10,%rsp
  ef4a94:	c3                   	ret
  ef4a95:	cc                   	int3
  ef4a96:	cc                   	int3
  ef4a97:	cc                   	int3
  ef4a98:	cc                   	int3
  ef4a99:	cc                   	int3
  ef4a9a:	cc                   	int3
  ef4a9b:	cc                   	int3
  ef4a9c:	cc                   	int3
  ef4a9d:	cc                   	int3
  ef4a9e:	cc                   	int3
  ef4a9f:	cc                   	int3

0000000000ef4aa0 <_ZN153_$LT$core..result..Result$LT$T$C$F$GT$$u20$as$u20$core..ops..try_trait..FromResidual$LT$core..result..Result$LT$core..convert..Infallible$C$E$GT$$GT$$GT$13from_residual17h449dec76c268b112E>:
    fn from_residual(residual: Result<convert::Infallible, E>) -> Self {
  ef4aa0:	48 83 ec 18          	sub    $0x18,%rsp
  ef4aa4:	48 89 f8             	mov    %rdi,%rax
  ef4aa7:	48 89 34 24          	mov    %rsi,(%rsp)
            Err(e) => Err(From::from(e)),
  ef4aab:	48 8b 0c 24          	mov    (%rsp),%rcx
  ef4aaf:	48 89 4c 24 08       	mov    %rcx,0x8(%rsp)
  ef4ab4:	48 89 4c 24 10       	mov    %rcx,0x10(%rsp)
  ef4ab9:	48 89 4f 08          	mov    %rcx,0x8(%rdi)
  ef4abd:	c7 07 01 00 00 00    	movl   $0x1,(%rdi)
    }
  ef4ac3:	48 83 c4 18          	add    $0x18,%rsp
  ef4ac7:	c3                   	ret
  ef4ac8:	cc                   	int3
  ef4ac9:	cc                   	int3
  ef4aca:	cc                   	int3
  ef4acb:	cc                   	int3
  ef4acc:	cc                   	int3
  ef4acd:	cc                   	int3
  ef4ace:	cc                   	int3
  ef4acf:	cc                   	int3

0000000000ef4ad0 <_ZN153_$LT$core..result..Result$LT$T$C$F$GT$$u20$as$u20$core..ops..try_trait..FromResidual$LT$core..result..Result$LT$core..convert..Infallible$C$E$GT$$GT$$GT$13from_residual17h6c3d9d0a5f5252c7E>:
    fn from_residual(residual: Result<convert::Infallible, E>) -> Self {
  ef4ad0:	48 83 ec 20          	sub    $0x20,%rsp
  ef4ad4:	48 89 3c 24          	mov    %rdi,(%rsp)
            Err(e) => Err(From::from(e)),
  ef4ad8:	48 8b 04 24          	mov    (%rsp),%rax
  ef4adc:	48 89 44 24 10       	mov    %rax,0x10(%rsp)
  ef4ae1:	48 89 44 24 18       	mov    %rax,0x18(%rsp)
  ef4ae6:	48 89 44 24 08       	mov    %rax,0x8(%rsp)
    }
  ef4aeb:	48 8b 44 24 08       	mov    0x8(%rsp),%rax
  ef4af0:	48 83 c4 20          	add    $0x20,%rsp
  ef4af4:	c3                   	ret
  ef4af5:	cc                   	int3
  ef4af6:	cc                   	int3
  ef4af7:	cc                   	int3
  ef4af8:	cc                   	int3
  ef4af9:	cc                   	int3
  ef4afa:	cc                   	int3
  ef4afb:	cc                   	int3
  ef4afc:	cc                   	int3
  ef4afd:	cc                   	int3
  ef4afe:	cc                   	int3
  ef4aff:	cc                   	int3

0000000000ef4b00 <_ZN153_$LT$core..result..Result$LT$T$C$F$GT$$u20$as$u20$core..ops..try_trait..FromResidual$LT$core..result..Result$LT$core..convert..Infallible$C$E$GT$$GT$$GT$13from_residual17hb6d66ea4067d2131E>:
    fn from_residual(residual: Result<convert::Infallible, E>) -> Self {
  ef4b00:	48 83 ec 18          	sub    $0x18,%rsp
  ef4b04:	48 89 f8             	mov    %rdi,%rax
  ef4b07:	48 89 34 24          	mov    %rsi,(%rsp)
            Err(e) => Err(From::from(e)),
  ef4b0b:	48 8b 0c 24          	mov    (%rsp),%rcx
  ef4b0f:	48 89 4c 24 08       	mov    %rcx,0x8(%rsp)
  ef4b14:	48 89 4c 24 10       	mov    %rcx,0x10(%rsp)
  ef4b19:	48 89 4f 08          	mov    %rcx,0x8(%rdi)
  ef4b1d:	c7 07 01 00 00 00    	movl   $0x1,(%rdi)
    }
  ef4b23:	48 83 c4 18          	add    $0x18,%rsp
  ef4b27:	c3                   	ret
  ef4b28:	cc                   	int3
  ef4b29:	cc                   	int3
  ef4b2a:	cc                   	int3
  ef4b2b:	cc                   	int3
  ef4b2c:	cc                   	int3
  ef4b2d:	cc                   	int3
  ef4b2e:	cc                   	int3
  ef4b2f:	cc                   	int3

0000000000ef4b30 <_ZN153_$LT$core..result..Result$LT$T$C$F$GT$$u20$as$u20$core..ops..try_trait..FromResidual$LT$core..result..Result$LT$core..convert..Infallible$C$E$GT$$GT$$GT$13from_residual17hea0846d6bdae271eE>:
    fn from_residual(residual: Result<convert::Infallible, E>) -> Self {
  ef4b30:	48 83 ec 18          	sub    $0x18,%rsp
  ef4b34:	48 89 f8             	mov    %rdi,%rax
  ef4b37:	48 89 34 24          	mov    %rsi,(%rsp)
            Err(e) => Err(From::from(e)),
  ef4b3b:	48 8b 0c 24          	mov    (%rsp),%rcx
  ef4b3f:	48 89 4c 24 08       	mov    %rcx,0x8(%rsp)
  ef4b44:	48 89 4c 24 10       	mov    %rcx,0x10(%rsp)
  ef4b49:	48 89 4f 08          	mov    %rcx,0x8(%rdi)
  ef4b4d:	c7 07 01 00 00 00    	movl   $0x1,(%rdi)
    }
  ef4b53:	48 83 c4 18          	add    $0x18,%rsp
  ef4b57:	c3                   	ret
  ef4b58:	cc                   	int3
  ef4b59:	cc                   	int3
  ef4b5a:	cc                   	int3
  ef4b5b:	cc                   	int3
  ef4b5c:	cc                   	int3
  ef4b5d:	cc                   	int3
  ef4b5e:	cc                   	int3
  ef4b5f:	cc                   	int3

0000000000ef4b60 <_ZN4core6result19Result$LT$T$C$E$GT$3map17h3b56e40d65fd7d49E>:
    pub fn map<U, F: FnOnce(T) -> U>(self, op: F) -> Result<U, E> {
  ef4b60:	48 83 ec 38          	sub    $0x38,%rsp
  ef4b64:	48 89 7c 24 08       	mov    %rdi,0x8(%rsp)
  ef4b69:	48 89 74 24 10       	mov    %rsi,0x10(%rsp)
        match self {
  ef4b6e:	48 f7 44 24 08 01 00 	testq  $0x1,0x8(%rsp)
  ef4b75:	00 00 
  ef4b77:	74 11                	je     ef4b8a <_ZN4core6result19Result$LT$T$C$E$GT$3map17h3b56e40d65fd7d49E+0x2a>
            Err(e) => Err(e),
  ef4b79:	48 8b 44 24 10       	mov    0x10(%rsp),%rax
  ef4b7e:	48 89 44 24 30       	mov    %rax,0x30(%rsp)
  ef4b83:	48 89 44 24 18       	mov    %rax,0x18(%rsp)
    }
  ef4b88:	eb 18                	jmp    ef4ba2 <_ZN4core6result19Result$LT$T$C$E$GT$3map17h3b56e40d65fd7d49E+0x42>
            Ok(t) => Ok(op(t)),
  ef4b8a:	48 8b 7c 24 10       	mov    0x10(%rsp),%rdi
  ef4b8f:	48 89 7c 24 28       	mov    %rdi,0x28(%rsp)
  ef4b94:	e8 37 02 00 00       	call   ef4dd0 <_ZN10common_std6memory13VirtualMemory3map28_$u7b$$u7b$closure$u7d$$u7d$17heccbe21ef2eddda7E>
  ef4b99:	48 c7 44 24 18 01 00 	movq   $0x1,0x18(%rsp)
  ef4ba0:	00 00 
    }
  ef4ba2:	48 8b 44 24 18       	mov    0x18(%rsp),%rax
  ef4ba7:	48 83 c4 38          	add    $0x38,%rsp
  ef4bab:	c3                   	ret
  ef4bac:	cc                   	int3
  ef4bad:	cc                   	int3
  ef4bae:	cc                   	int3
  ef4baf:	cc                   	int3

0000000000ef4bb0 <_ZN4core6result19Result$LT$T$C$E$GT$5is_ok17hab6ce404ae3e7fd5E>:
    pub const fn is_ok(&self) -> bool {
  ef4bb0:	50                   	push   %rax
  ef4bb1:	48 89 3c 24          	mov    %rdi,(%rsp)
        matches!(*self, Ok(_))
  ef4bb5:	8a 07                	mov    (%rdi),%al
  ef4bb7:	24 01                	and    $0x1,%al
  ef4bb9:	0f b6 c0             	movzbl %al,%eax
#[macro_export]
#[stable(feature = "matches_macro", since = "1.42.0")]
#[rustc_diagnostic_item = "matches_macro"]
macro_rules! matches {
    ($expression:expr, $pattern:pat $(if $guard:expr)? $(,)?) => {
        match $expression {
  ef4bbc:	48 83 f8 00          	cmp    $0x0,%rax
  ef4bc0:	0f 94 c0             	sete   %al
    }
  ef4bc3:	24 01                	and    $0x1,%al
  ef4bc5:	59                   	pop    %rcx
  ef4bc6:	c3                   	ret
  ef4bc7:	cc                   	int3
  ef4bc8:	cc                   	int3
  ef4bc9:	cc                   	int3
  ef4bca:	cc                   	int3
  ef4bcb:	cc                   	int3
  ef4bcc:	cc                   	int3
  ef4bcd:	cc                   	int3
  ef4bce:	cc                   	int3
  ef4bcf:	cc                   	int3

0000000000ef4bd0 <_ZN4core6result19Result$LT$T$C$E$GT$6map_or17h41373716b62aeceaE>:
    pub fn map_or<U, F: FnOnce(T) -> U>(self, default: U, f: F) -> U {
  ef4bd0:	48 83 ec 38          	sub    $0x38,%rsp
  ef4bd4:	48 89 74 24 08       	mov    %rsi,0x8(%rsp)
  ef4bd9:	48 89 7c 24 10       	mov    %rdi,0x10(%rsp)
  ef4bde:	48 89 74 24 20       	mov    %rsi,0x20(%rsp)
        match self {
  ef4be3:	48 8b 54 24 10       	mov    0x10(%rsp),%rdx
  ef4be8:	31 c0                	xor    %eax,%eax
  ef4bea:	b9 01 00 00 00       	mov    $0x1,%ecx
  ef4bef:	48 83 fa 00          	cmp    $0x0,%rdx
  ef4bf3:	48 0f 44 c1          	cmove  %rcx,%rax
  ef4bf7:	48 a9 01 00 00 00    	test   $0x1,%rax
  ef4bfd:	74 0c                	je     ef4c0b <_ZN4core6result19Result$LT$T$C$E$GT$6map_or17h41373716b62aeceaE+0x3b>
  ef4bff:	48 8b 44 24 08       	mov    0x8(%rsp),%rax
            Err(_) => default,
  ef4c04:	48 89 44 24 18       	mov    %rax,0x18(%rsp)
    }
  ef4c09:	eb 16                	jmp    ef4c21 <_ZN4core6result19Result$LT$T$C$E$GT$6map_or17h41373716b62aeceaE+0x51>
            Ok(t) => f(t),
  ef4c0b:	48 8b 7c 24 10       	mov    0x10(%rsp),%rdi
  ef4c10:	48 89 7c 24 30       	mov    %rdi,0x30(%rsp)
  ef4c15:	e8 b6 e2 ff ff       	call   ef2ed0 <_ZN84_$LT$talc..talck..Talck$LT$R$C$O$GT$$u20$as$u20$core..alloc..global..GlobalAlloc$GT$5alloc28_$u7b$$u7b$closure$u7d$$u7d$17h678ece11bd1a9122E>
  ef4c1a:	48 89 44 24 18       	mov    %rax,0x18(%rsp)
    }
  ef4c1f:	eb 00                	jmp    ef4c21 <_ZN4core6result19Result$LT$T$C$E$GT$6map_or17h41373716b62aeceaE+0x51>
  ef4c21:	48 8b 54 24 10       	mov    0x10(%rsp),%rdx
  ef4c26:	31 c0                	xor    %eax,%eax
  ef4c28:	b9 01 00 00 00       	mov    $0x1,%ecx
  ef4c2d:	48 83 fa 00          	cmp    $0x0,%rdx
  ef4c31:	48 0f 44 c1          	cmove  %rcx,%rax
  ef4c35:	48 a9 01 00 00 00    	test   $0x1,%rax
  ef4c3b:	74 02                	je     ef4c3f <_ZN4core6result19Result$LT$T$C$E$GT$6map_or17h41373716b62aeceaE+0x6f>
  ef4c3d:	eb 00                	jmp    ef4c3f <_ZN4core6result19Result$LT$T$C$E$GT$6map_or17h41373716b62aeceaE+0x6f>
  ef4c3f:	48 8b 44 24 18       	mov    0x18(%rsp),%rax
  ef4c44:	48 83 c4 38          	add    $0x38,%rsp
  ef4c48:	c3                   	ret
  ef4c49:	cc                   	int3
  ef4c4a:	cc                   	int3
  ef4c4b:	cc                   	int3
  ef4c4c:	cc                   	int3
  ef4c4d:	cc                   	int3
  ef4c4e:	cc                   	int3
  ef4c4f:	cc                   	int3

0000000000ef4c50 <_ZN79_$LT$core..result..Result$LT$T$C$E$GT$$u20$as$u20$core..ops..try_trait..Try$GT$6branch17h1de35f48a607fe45E>:
    fn branch(self) -> ControlFlow<Self::Residual, Self::Output> {
  ef4c50:	48 83 ec 28          	sub    $0x28,%rsp
  ef4c54:	48 89 3c 24          	mov    %rdi,(%rsp)
        match self {
  ef4c58:	b8 01 00 00 00       	mov    $0x1,%eax
  ef4c5d:	31 c9                	xor    %ecx,%ecx
  ef4c5f:	48 83 3c 24 01       	cmpq   $0x1,(%rsp)
  ef4c64:	48 0f 44 c1          	cmove  %rcx,%rax
  ef4c68:	48 a9 01 00 00 00    	test   $0x1,%rax
  ef4c6e:	74 1a                	je     ef4c8a <_ZN79_$LT$core..result..Result$LT$T$C$E$GT$$u20$as$u20$core..ops..try_trait..Try$GT$6branch17h1de35f48a607fe45E+0x3a>
            Err(e) => ControlFlow::Break(Err(e)),
  ef4c70:	48 8b 04 24          	mov    (%rsp),%rax
  ef4c74:	48 89 44 24 20       	mov    %rax,0x20(%rsp)
  ef4c79:	48 89 44 24 10       	mov    %rax,0x10(%rsp)
  ef4c7e:	48 8b 44 24 10       	mov    0x10(%rsp),%rax
  ef4c83:	48 89 44 24 08       	mov    %rax,0x8(%rsp)
  ef4c88:	eb 09                	jmp    ef4c93 <_ZN79_$LT$core..result..Result$LT$T$C$E$GT$$u20$as$u20$core..ops..try_trait..Try$GT$6branch17h1de35f48a607fe45E+0x43>
            Ok(v) => ControlFlow::Continue(v),
  ef4c8a:	48 c7 44 24 08 01 00 	movq   $0x1,0x8(%rsp)
  ef4c91:	00 00 
    }
  ef4c93:	48 8b 44 24 08       	mov    0x8(%rsp),%rax
  ef4c98:	48 83 c4 28          	add    $0x28,%rsp
  ef4c9c:	c3                   	ret
  ef4c9d:	cc                   	int3
  ef4c9e:	cc                   	int3
  ef4c9f:	cc                   	int3

0000000000ef4ca0 <_ZN79_$LT$core..result..Result$LT$T$C$E$GT$$u20$as$u20$core..ops..try_trait..Try$GT$6branch17h3991049274dcbbeaE>:
    fn branch(self) -> ControlFlow<Self::Residual, Self::Output> {
  ef4ca0:	48 83 ec 38          	sub    $0x38,%rsp
  ef4ca4:	48 89 3c 24          	mov    %rdi,(%rsp)
  ef4ca8:	48 89 74 24 08       	mov    %rsi,0x8(%rsp)
        match self {
  ef4cad:	48 f7 04 24 01 00 00 	testq  $0x1,(%rsp)
  ef4cb4:	00 
  ef4cb5:	74 24                	je     ef4cdb <_ZN79_$LT$core..result..Result$LT$T$C$E$GT$$u20$as$u20$core..ops..try_trait..Try$GT$6branch17h3991049274dcbbeaE+0x3b>
            Err(e) => ControlFlow::Break(Err(e)),
  ef4cb7:	48 8b 44 24 08       	mov    0x8(%rsp),%rax
  ef4cbc:	48 89 44 24 30       	mov    %rax,0x30(%rsp)
  ef4cc1:	48 89 44 24 20       	mov    %rax,0x20(%rsp)
  ef4cc6:	48 8b 44 24 20       	mov    0x20(%rsp),%rax
  ef4ccb:	48 89 44 24 18       	mov    %rax,0x18(%rsp)
  ef4cd0:	48 c7 44 24 10 01 00 	movq   $0x1,0x10(%rsp)
  ef4cd7:	00 00 
  ef4cd9:	eb 18                	jmp    ef4cf3 <_ZN79_$LT$core..result..Result$LT$T$C$E$GT$$u20$as$u20$core..ops..try_trait..Try$GT$6branch17h3991049274dcbbeaE+0x53>
            Ok(v) => ControlFlow::Continue(v),
  ef4cdb:	48 8b 44 24 08       	mov    0x8(%rsp),%rax
  ef4ce0:	48 89 44 24 28       	mov    %rax,0x28(%rsp)
  ef4ce5:	48 89 44 24 18       	mov    %rax,0x18(%rsp)
  ef4cea:	48 c7 44 24 10 00 00 	movq   $0x0,0x10(%rsp)
  ef4cf1:	00 00 
    }
  ef4cf3:	48 8b 44 24 10       	mov    0x10(%rsp),%rax
  ef4cf8:	48 8b 54 24 18       	mov    0x18(%rsp),%rdx
  ef4cfd:	48 83 c4 38          	add    $0x38,%rsp
  ef4d01:	c3                   	ret
  ef4d02:	cc                   	int3
  ef4d03:	cc                   	int3
  ef4d04:	cc                   	int3
  ef4d05:	cc                   	int3
  ef4d06:	cc                   	int3
  ef4d07:	cc                   	int3
  ef4d08:	cc                   	int3
  ef4d09:	cc                   	int3
  ef4d0a:	cc                   	int3
  ef4d0b:	cc                   	int3
  ef4d0c:	cc                   	int3
  ef4d0d:	cc                   	int3
  ef4d0e:	cc                   	int3
  ef4d0f:	cc                   	int3

0000000000ef4d10 <_ZN79_$LT$core..result..Result$LT$T$C$E$GT$$u20$as$u20$core..ops..try_trait..Try$GT$6branch17h50e99575fa5ac58dE>:
    fn branch(self) -> ControlFlow<Self::Residual, Self::Output> {
  ef4d10:	48 83 ec 30          	sub    $0x30,%rsp
  ef4d14:	48 89 34 24          	mov    %rsi,(%rsp)
  ef4d18:	48 89 7c 24 08       	mov    %rdi,0x8(%rsp)
  ef4d1d:	48 89 7c 24 10       	mov    %rdi,0x10(%rsp)
        match self {
  ef4d22:	8b 06                	mov    (%rsi),%eax
  ef4d24:	48 a9 01 00 00 00    	test   $0x1,%rax
  ef4d2a:	74 28                	je     ef4d54 <_ZN79_$LT$core..result..Result$LT$T$C$E$GT$$u20$as$u20$core..ops..try_trait..Try$GT$6branch17h50e99575fa5ac58dE+0x44>
  ef4d2c:	48 8b 44 24 08       	mov    0x8(%rsp),%rax
  ef4d31:	48 8b 0c 24          	mov    (%rsp),%rcx
            Err(e) => ControlFlow::Break(Err(e)),
  ef4d35:	48 8b 49 08          	mov    0x8(%rcx),%rcx
  ef4d39:	48 89 4c 24 28       	mov    %rcx,0x28(%rsp)
  ef4d3e:	48 89 4c 24 18       	mov    %rcx,0x18(%rsp)
  ef4d43:	48 8b 4c 24 18       	mov    0x18(%rsp),%rcx
  ef4d48:	48 89 48 08          	mov    %rcx,0x8(%rax)
  ef4d4c:	c7 00 01 00 00 00    	movl   $0x1,(%rax)
  ef4d52:	eb 23                	jmp    ef4d77 <_ZN79_$LT$core..result..Result$LT$T$C$E$GT$$u20$as$u20$core..ops..try_trait..Try$GT$6branch17h50e99575fa5ac58dE+0x67>
  ef4d54:	48 8b 44 24 08       	mov    0x8(%rsp),%rax
  ef4d59:	48 8b 0c 24          	mov    (%rsp),%rcx
            Ok(v) => ControlFlow::Continue(v),
  ef4d5d:	8b 51 04             	mov    0x4(%rcx),%edx
  ef4d60:	8b 49 08             	mov    0x8(%rcx),%ecx
  ef4d63:	89 54 24 20          	mov    %edx,0x20(%rsp)
  ef4d67:	89 4c 24 24          	mov    %ecx,0x24(%rsp)
  ef4d6b:	89 50 04             	mov    %edx,0x4(%rax)
  ef4d6e:	89 48 08             	mov    %ecx,0x8(%rax)
  ef4d71:	c7 00 00 00 00 00    	movl   $0x0,(%rax)
  ef4d77:	48 8b 44 24 10       	mov    0x10(%rsp),%rax
    }
  ef4d7c:	48 83 c4 30          	add    $0x30,%rsp
  ef4d80:	c3                   	ret
  ef4d81:	cc                   	int3
  ef4d82:	cc                   	int3
  ef4d83:	cc                   	int3
  ef4d84:	cc                   	int3
  ef4d85:	cc                   	int3
  ef4d86:	cc                   	int3
  ef4d87:	cc                   	int3
  ef4d88:	cc                   	int3
  ef4d89:	cc                   	int3
  ef4d8a:	cc                   	int3
  ef4d8b:	cc                   	int3
  ef4d8c:	cc                   	int3
  ef4d8d:	cc                   	int3
  ef4d8e:	cc                   	int3
  ef4d8f:	cc                   	int3

0000000000ef4d90 <_ZN79_$LT$core..result..Result$LT$T$C$E$GT$$u20$as$u20$core..ops..try_trait..Try$GT$6branch17hb7366e360f77c8c2E>:
    fn branch(self) -> ControlFlow<Self::Residual, Self::Output> {
  ef4d90:	48 83 ec 05          	sub    $0x5,%rsp
  ef4d94:	40 88 f8             	mov    %dil,%al
  ef4d97:	88 c1                	mov    %al,%cl
  ef4d99:	80 e1 01             	and    $0x1,%cl
  ef4d9c:	88 4c 24 02          	mov    %cl,0x2(%rsp)
        match self {
  ef4da0:	24 01                	and    $0x1,%al
  ef4da2:	0f b6 c0             	movzbl %al,%eax
  ef4da5:	48 a9 01 00 00 00    	test   $0x1,%rax
  ef4dab:	74 06                	je     ef4db3 <_ZN79_$LT$core..result..Result$LT$T$C$E$GT$$u20$as$u20$core..ops..try_trait..Try$GT$6branch17hb7366e360f77c8c2E+0x23>
            Err(e) => ControlFlow::Break(Err(e)),
  ef4dad:	c6 04 24 01          	movb   $0x1,(%rsp)
  ef4db1:	eb 04                	jmp    ef4db7 <_ZN79_$LT$core..result..Result$LT$T$C$E$GT$$u20$as$u20$core..ops..try_trait..Try$GT$6branch17hb7366e360f77c8c2E+0x27>
            Ok(v) => ControlFlow::Continue(v),
  ef4db3:	c6 04 24 00          	movb   $0x0,(%rsp)
    }
  ef4db7:	8a 04 24             	mov    (%rsp),%al
  ef4dba:	24 01                	and    $0x1,%al
  ef4dbc:	48 83 c4 05          	add    $0x5,%rsp
  ef4dc0:	c3                   	ret
  ef4dc1:	cc                   	int3
  ef4dc2:	cc                   	int3
  ef4dc3:	cc                   	int3
  ef4dc4:	cc                   	int3
  ef4dc5:	cc                   	int3
  ef4dc6:	cc                   	int3
  ef4dc7:	cc                   	int3
  ef4dc8:	cc                   	int3
  ef4dc9:	cc                   	int3
  ef4dca:	cc                   	int3
  ef4dcb:	cc                   	int3
  ef4dcc:	cc                   	int3
  ef4dcd:	cc                   	int3
  ef4dce:	cc                   	int3
  ef4dcf:	cc                   	int3

0000000000ef4dd0 <_ZN10common_std6memory13VirtualMemory3map28_$u7b$$u7b$closure$u7d$$u7d$17heccbe21ef2eddda7E>:
    }
}

impl VirtualMemory {
    pub fn map(&self, pm: PhysicalMemory, flags: MMUFlags) -> RcResult<()> {
        syscall!(6, self.0, pm.0, flags.bits()).map(|_| {})
  ef4dd0:	48 83 ec 10          	sub    $0x10,%rsp
  ef4dd4:	48 89 7c 24 08       	mov    %rdi,0x8(%rsp)
  ef4dd9:	48 83 c4 10          	add    $0x10,%rsp
  ef4ddd:	c3                   	ret
  ef4dde:	cc                   	int3
  ef4ddf:	cc                   	int3

0000000000ef4de0 <_ZN4talc4talc13Talc$LT$O$GT$10set_avails17h74c6ebcb7ea578acE>:

    /// Sets the availability flag for bin `b`.
    ///
    /// This is done when a chunk is added to an empty bin.
    #[inline]
    fn set_avails(&mut self, b: usize) {
  ef4de0:	48 83 ec 48          	sub    $0x48,%rsp
  ef4de4:	48 89 74 24 28       	mov    %rsi,0x28(%rsp)
  ef4de9:	48 89 7c 24 30       	mov    %rdi,0x30(%rsp)
  ef4dee:	48 89 7c 24 38       	mov    %rdi,0x38(%rsp)
  ef4df3:	48 89 74 24 40       	mov    %rsi,0x40(%rsp)
        debug_assert!(b < BIN_COUNT);
  ef4df8:	48 81 fe 80 00 00 00 	cmp    $0x80,%rsi
  ef4dff:	72 18                	jb     ef4e19 <_ZN4talc4talc13Talc$LT$O$GT$10set_avails17h74c6ebcb7ea578acE+0x39>
  ef4e01:	48 c7 c7 38 d6 ee 00 	mov    $0xeed638,%rdi
  ef4e08:	48 c7 c2 b0 d6 ee 00 	mov    $0xeed6b0,%rdx
  ef4e0f:	be 1f 00 00 00       	mov    $0x1f,%esi
  ef4e14:	e8 27 72 00 00       	call   efc040 <_ZN4core9panicking5panic17hdbca58b08003962eE>
  ef4e19:	48 8b 44 24 28       	mov    0x28(%rsp),%rax

        if b < WORD_BITS {
  ef4e1e:	48 83 f8 40          	cmp    $0x40,%rax
  ef4e22:	72 27                	jb     ef4e4b <_ZN4talc4talc13Talc$LT$O$GT$10set_avails17h74c6ebcb7ea578acE+0x6b>
  ef4e24:	48 8b 44 24 28       	mov    0x28(%rsp),%rax
  ef4e29:	48 8b 4c 24 30       	mov    0x30(%rsp),%rcx
            debug_assert!(self.availability_low & 1 << b == 0);
            self.availability_low ^= 1 << b;
        } else {
            debug_assert!(self.availability_high & 1 << (b - WORD_BITS) == 0);
  ef4e2e:	48 8b 49 18          	mov    0x18(%rcx),%rcx
  ef4e32:	48 89 4c 24 18       	mov    %rcx,0x18(%rsp)
  ef4e37:	48 89 c1             	mov    %rax,%rcx
  ef4e3a:	48 83 e9 40          	sub    $0x40,%rcx
  ef4e3e:	48 89 4c 24 20       	mov    %rcx,0x20(%rsp)
  ef4e43:	48 83 f8 40          	cmp    $0x40,%rax
  ef4e47:	72 31                	jb     ef4e7a <_ZN4talc4talc13Talc$LT$O$GT$10set_avails17h74c6ebcb7ea578acE+0x9a>
  ef4e49:	eb 22                	jmp    ef4e6d <_ZN4talc4talc13Talc$LT$O$GT$10set_avails17h74c6ebcb7ea578acE+0x8d>
  ef4e4b:	48 8b 44 24 28       	mov    0x28(%rsp),%rax
  ef4e50:	48 8b 4c 24 30       	mov    0x30(%rsp),%rcx
            debug_assert!(self.availability_low & 1 << b == 0);
  ef4e55:	48 8b 49 10          	mov    0x10(%rcx),%rcx
  ef4e59:	48 89 4c 24 10       	mov    %rcx,0x10(%rsp)
  ef4e5e:	48 83 f8 40          	cmp    $0x40,%rax
  ef4e62:	0f 82 cc 00 00 00    	jb     ef4f34 <_ZN4talc4talc13Talc$LT$O$GT$10set_avails17h74c6ebcb7ea578acE+0x154>
  ef4e68:	e9 eb 00 00 00       	jmp    ef4f58 <_ZN4talc4talc13Talc$LT$O$GT$10set_avails17h74c6ebcb7ea578acE+0x178>
  ef4e6d:	48 8b 44 24 20       	mov    0x20(%rsp),%rax
            debug_assert!(self.availability_high & 1 << (b - WORD_BITS) == 0);
  ef4e72:	48 83 f8 40          	cmp    $0x40,%rax
  ef4e76:	72 0e                	jb     ef4e86 <_ZN4talc4talc13Talc$LT$O$GT$10set_avails17h74c6ebcb7ea578acE+0xa6>
  ef4e78:	eb 30                	jmp    ef4eaa <_ZN4talc4talc13Talc$LT$O$GT$10set_avails17h74c6ebcb7ea578acE+0xca>
  ef4e7a:	48 c7 c7 c8 d6 ee 00 	mov    $0xeed6c8,%rdi
  ef4e81:	e8 da 87 00 00       	call   efd660 <_ZN4core9panicking11panic_const24panic_const_sub_overflow17h38d790166b4890c1E>
  ef4e86:	48 8b 44 24 18       	mov    0x18(%rsp),%rax
  ef4e8b:	48 8b 4c 24 20       	mov    0x20(%rsp),%rcx
  ef4e90:	48 83 e1 3f          	and    $0x3f,%rcx
  ef4e94:	ba 01 00 00 00       	mov    $0x1,%edx
  ef4e99:	48 d3 e2             	shl    %cl,%rdx
  ef4e9c:	48 89 d1             	mov    %rdx,%rcx
  ef4e9f:	48 21 c8             	and    %rcx,%rax
  ef4ea2:	48 83 f8 00          	cmp    $0x0,%rax
  ef4ea6:	74 0e                	je     ef4eb6 <_ZN4talc4talc13Talc$LT$O$GT$10set_avails17h74c6ebcb7ea578acE+0xd6>
  ef4ea8:	eb 25                	jmp    ef4ecf <_ZN4talc4talc13Talc$LT$O$GT$10set_avails17h74c6ebcb7ea578acE+0xef>
  ef4eaa:	48 c7 c7 e0 d6 ee 00 	mov    $0xeed6e0,%rdi
  ef4eb1:	e8 6a 88 00 00       	call   efd720 <_ZN4core9panicking11panic_const24panic_const_shl_overflow17hc589e3be3ff2c970E>
  ef4eb6:	48 8b 44 24 28       	mov    0x28(%rsp),%rax
            self.availability_high ^= 1 << (b - WORD_BITS);
  ef4ebb:	48 89 c1             	mov    %rax,%rcx
  ef4ebe:	48 83 e9 40          	sub    $0x40,%rcx
  ef4ec2:	48 89 4c 24 08       	mov    %rcx,0x8(%rsp)
  ef4ec7:	48 83 f8 40          	cmp    $0x40,%rax
  ef4ecb:	72 27                	jb     ef4ef4 <_ZN4talc4talc13Talc$LT$O$GT$10set_avails17h74c6ebcb7ea578acE+0x114>
  ef4ecd:	eb 18                	jmp    ef4ee7 <_ZN4talc4talc13Talc$LT$O$GT$10set_avails17h74c6ebcb7ea578acE+0x107>
            debug_assert!(self.availability_high & 1 << (b - WORD_BITS) == 0);
  ef4ecf:	48 c7 c7 28 d7 ee 00 	mov    $0xeed728,%rdi
  ef4ed6:	48 c7 c2 70 d7 ee 00 	mov    $0xeed770,%rdx
  ef4edd:	be 44 00 00 00       	mov    $0x44,%esi
  ef4ee2:	e8 59 71 00 00       	call   efc040 <_ZN4core9panicking5panic17hdbca58b08003962eE>
  ef4ee7:	48 8b 44 24 08       	mov    0x8(%rsp),%rax
            self.availability_high ^= 1 << (b - WORD_BITS);
  ef4eec:	48 83 f8 40          	cmp    $0x40,%rax
  ef4ef0:	72 0e                	jb     ef4f00 <_ZN4talc4talc13Talc$LT$O$GT$10set_avails17h74c6ebcb7ea578acE+0x120>
  ef4ef2:	eb 2f                	jmp    ef4f23 <_ZN4talc4talc13Talc$LT$O$GT$10set_avails17h74c6ebcb7ea578acE+0x143>
  ef4ef4:	48 c7 c7 f8 d6 ee 00 	mov    $0xeed6f8,%rdi
  ef4efb:	e8 60 87 00 00       	call   efd660 <_ZN4core9panicking11panic_const24panic_const_sub_overflow17h38d790166b4890c1E>
  ef4f00:	48 8b 44 24 30       	mov    0x30(%rsp),%rax
  ef4f05:	48 8b 4c 24 08       	mov    0x8(%rsp),%rcx
  ef4f0a:	48 83 e1 3f          	and    $0x3f,%rcx
  ef4f0e:	ba 01 00 00 00       	mov    $0x1,%edx
  ef4f13:	48 d3 e2             	shl    %cl,%rdx
  ef4f16:	48 89 d1             	mov    %rdx,%rcx
  ef4f19:	48 33 48 18          	xor    0x18(%rax),%rcx
  ef4f1d:	48 89 48 18          	mov    %rcx,0x18(%rax)
        if b < WORD_BITS {
  ef4f21:	eb 0c                	jmp    ef4f2f <_ZN4talc4talc13Talc$LT$O$GT$10set_avails17h74c6ebcb7ea578acE+0x14f>
            self.availability_high ^= 1 << (b - WORD_BITS);
  ef4f23:	48 c7 c7 10 d7 ee 00 	mov    $0xeed710,%rdi
  ef4f2a:	e8 f1 87 00 00       	call   efd720 <_ZN4core9panicking11panic_const24panic_const_shl_overflow17hc589e3be3ff2c970E>
        }
    }
  ef4f2f:	48 83 c4 48          	add    $0x48,%rsp
  ef4f33:	c3                   	ret
  ef4f34:	48 8b 44 24 10       	mov    0x10(%rsp),%rax
  ef4f39:	48 8b 4c 24 28       	mov    0x28(%rsp),%rcx
            debug_assert!(self.availability_low & 1 << b == 0);
  ef4f3e:	48 83 e1 3f          	and    $0x3f,%rcx
  ef4f42:	ba 01 00 00 00       	mov    $0x1,%edx
  ef4f47:	48 d3 e2             	shl    %cl,%rdx
  ef4f4a:	48 89 d1             	mov    %rdx,%rcx
  ef4f4d:	48 21 c8             	and    %rcx,%rax
  ef4f50:	48 83 f8 00          	cmp    $0x0,%rax
  ef4f54:	74 0e                	je     ef4f64 <_ZN4talc4talc13Talc$LT$O$GT$10set_avails17h74c6ebcb7ea578acE+0x184>
  ef4f56:	eb 19                	jmp    ef4f71 <_ZN4talc4talc13Talc$LT$O$GT$10set_avails17h74c6ebcb7ea578acE+0x191>
  ef4f58:	48 c7 c7 88 d7 ee 00 	mov    $0xeed788,%rdi
  ef4f5f:	e8 bc 87 00 00       	call   efd720 <_ZN4core9panicking11panic_const24panic_const_shl_overflow17hc589e3be3ff2c970E>
  ef4f64:	48 8b 44 24 28       	mov    0x28(%rsp),%rax
            self.availability_low ^= 1 << b;
  ef4f69:	48 83 f8 40          	cmp    $0x40,%rax
  ef4f6d:	72 1a                	jb     ef4f89 <_ZN4talc4talc13Talc$LT$O$GT$10set_avails17h74c6ebcb7ea578acE+0x1a9>
  ef4f6f:	eb 3b                	jmp    ef4fac <_ZN4talc4talc13Talc$LT$O$GT$10set_avails17h74c6ebcb7ea578acE+0x1cc>
            debug_assert!(self.availability_low & 1 << b == 0);
  ef4f71:	48 c7 c7 b8 d7 ee 00 	mov    $0xeed7b8,%rdi
  ef4f78:	48 c7 c2 f0 d7 ee 00 	mov    $0xeed7f0,%rdx
  ef4f7f:	be 35 00 00 00       	mov    $0x35,%esi
  ef4f84:	e8 b7 70 00 00       	call   efc040 <_ZN4core9panicking5panic17hdbca58b08003962eE>
  ef4f89:	48 8b 44 24 30       	mov    0x30(%rsp),%rax
  ef4f8e:	48 8b 4c 24 28       	mov    0x28(%rsp),%rcx
            self.availability_low ^= 1 << b;
  ef4f93:	48 83 e1 3f          	and    $0x3f,%rcx
  ef4f97:	ba 01 00 00 00       	mov    $0x1,%edx
  ef4f9c:	48 d3 e2             	shl    %cl,%rdx
  ef4f9f:	48 89 d1             	mov    %rdx,%rcx
  ef4fa2:	48 33 48 10          	xor    0x10(%rax),%rcx
  ef4fa6:	48 89 48 10          	mov    %rcx,0x10(%rax)
        if b < WORD_BITS {
  ef4faa:	eb 83                	jmp    ef4f2f <_ZN4talc4talc13Talc$LT$O$GT$10set_avails17h74c6ebcb7ea578acE+0x14f>
            self.availability_low ^= 1 << b;
  ef4fac:	48 c7 c7 a0 d7 ee 00 	mov    $0xeed7a0,%rdi
  ef4fb3:	e8 68 87 00 00       	call   efd720 <_ZN4core9panicking11panic_const24panic_const_shl_overflow17hc589e3be3ff2c970E>
  ef4fb8:	cc                   	int3
  ef4fb9:	cc                   	int3
  ef4fba:	cc                   	int3
  ef4fbb:	cc                   	int3
  ef4fbc:	cc                   	int3
  ef4fbd:	cc                   	int3
  ef4fbe:	cc                   	int3
  ef4fbf:	cc                   	int3

0000000000ef4fc0 <_ZN4talc4talc13Talc$LT$O$GT$11get_bin_ptr17h303a89d77dcba1dfE>:
    unsafe fn get_bin_ptr(&self, bin: usize) -> *mut Bin {
  ef4fc0:	48 83 ec 38          	sub    $0x38,%rsp
  ef4fc4:	48 89 74 24 08       	mov    %rsi,0x8(%rsp)
  ef4fc9:	48 89 7c 24 10       	mov    %rdi,0x10(%rsp)
  ef4fce:	48 89 7c 24 18       	mov    %rdi,0x18(%rsp)
  ef4fd3:	48 89 74 24 20       	mov    %rsi,0x20(%rsp)
        debug_assert!(bin < BIN_COUNT);
  ef4fd8:	48 81 fe 80 00 00 00 	cmp    $0x80,%rsi
  ef4fdf:	72 18                	jb     ef4ff9 <_ZN4talc4talc13Talc$LT$O$GT$11get_bin_ptr17h303a89d77dcba1dfE+0x39>
  ef4fe1:	48 c7 c7 08 d8 ee 00 	mov    $0xeed808,%rdi
  ef4fe8:	48 c7 c2 30 d8 ee 00 	mov    $0xeed830,%rdx
  ef4fef:	be 21 00 00 00       	mov    $0x21,%esi
  ef4ff4:	e8 47 70 00 00       	call   efc040 <_ZN4core9panicking5panic17hdbca58b08003962eE>
  ef4ff9:	48 8b 4c 24 08       	mov    0x8(%rsp),%rcx
  ef4ffe:	48 8b 44 24 10       	mov    0x10(%rsp),%rax
        self.bins.add(bin)
  ef5003:	48 8b 40 20          	mov    0x20(%rax),%rax
  ef5007:	48 89 44 24 28       	mov    %rax,0x28(%rsp)
  ef500c:	48 89 4c 24 30       	mov    %rcx,0x30(%rsp)
                size: usize = size_of::<T>(),
            ) => runtime_add_nowrap(this, count, size)
        );

        // SAFETY: the caller must uphold the safety contract for `offset`.
        unsafe { intrinsics::offset(self, count) }
  ef5011:	48 c1 e1 03          	shl    $0x3,%rcx
  ef5015:	48 01 c8             	add    %rcx,%rax
    }
  ef5018:	48 83 c4 38          	add    $0x38,%rsp
  ef501c:	c3                   	ret
  ef501d:	cc                   	int3
  ef501e:	cc                   	int3
  ef501f:	cc                   	int3

0000000000ef5020 <_ZN4talc4talc13Talc$LT$O$GT$12clear_avails17he888e49fec2c9702E>:
    /// Clears the availability flag for bin `b`.
    ///
    /// This is done when a bin becomes empty.
    #[inline]
    fn clear_avails(&mut self, b: usize) {
  ef5020:	48 83 ec 48          	sub    $0x48,%rsp
  ef5024:	48 89 74 24 28       	mov    %rsi,0x28(%rsp)
  ef5029:	48 89 7c 24 30       	mov    %rdi,0x30(%rsp)
  ef502e:	48 89 7c 24 38       	mov    %rdi,0x38(%rsp)
  ef5033:	48 89 74 24 40       	mov    %rsi,0x40(%rsp)
        debug_assert!(b < BIN_COUNT);
  ef5038:	48 81 fe 80 00 00 00 	cmp    $0x80,%rsi
  ef503f:	72 18                	jb     ef5059 <_ZN4talc4talc13Talc$LT$O$GT$12clear_avails17he888e49fec2c9702E+0x39>
  ef5041:	48 c7 c7 38 d6 ee 00 	mov    $0xeed638,%rdi
  ef5048:	48 c7 c2 48 d8 ee 00 	mov    $0xeed848,%rdx
  ef504f:	be 1f 00 00 00       	mov    $0x1f,%esi
  ef5054:	e8 e7 6f 00 00       	call   efc040 <_ZN4core9panicking5panic17hdbca58b08003962eE>
  ef5059:	48 8b 44 24 28       	mov    0x28(%rsp),%rax

        // if head is the last node
        if b < WORD_BITS {
  ef505e:	48 83 f8 40          	cmp    $0x40,%rax
  ef5062:	72 19                	jb     ef507d <_ZN4talc4talc13Talc$LT$O$GT$12clear_avails17he888e49fec2c9702E+0x5d>
  ef5064:	48 8b 44 24 28       	mov    0x28(%rsp),%rax
            self.availability_low ^= 1 << b;
            debug_assert!(self.availability_low & 1 << b == 0);
        } else {
            self.availability_high ^= 1 << (b - WORD_BITS);
  ef5069:	48 89 c1             	mov    %rax,%rcx
  ef506c:	48 83 e9 40          	sub    $0x40,%rcx
  ef5070:	48 89 4c 24 20       	mov    %rcx,0x20(%rsp)
  ef5075:	48 83 f8 40          	cmp    $0x40,%rax
  ef5079:	72 23                	jb     ef509e <_ZN4talc4talc13Talc$LT$O$GT$12clear_avails17he888e49fec2c9702E+0x7e>
  ef507b:	eb 14                	jmp    ef5091 <_ZN4talc4talc13Talc$LT$O$GT$12clear_avails17he888e49fec2c9702E+0x71>
  ef507d:	48 8b 44 24 28       	mov    0x28(%rsp),%rax
            self.availability_low ^= 1 << b;
  ef5082:	48 83 f8 40          	cmp    $0x40,%rax
  ef5086:	0f 82 d0 00 00 00    	jb     ef515c <_ZN4talc4talc13Talc$LT$O$GT$12clear_avails17he888e49fec2c9702E+0x13c>
  ef508c:	e9 fd 00 00 00       	jmp    ef518e <_ZN4talc4talc13Talc$LT$O$GT$12clear_avails17he888e49fec2c9702E+0x16e>
  ef5091:	48 8b 44 24 20       	mov    0x20(%rsp),%rax
            self.availability_high ^= 1 << (b - WORD_BITS);
  ef5096:	48 83 f8 40          	cmp    $0x40,%rax
  ef509a:	72 0e                	jb     ef50aa <_ZN4talc4talc13Talc$LT$O$GT$12clear_avails17he888e49fec2c9702E+0x8a>
  ef509c:	eb 4c                	jmp    ef50ea <_ZN4talc4talc13Talc$LT$O$GT$12clear_avails17he888e49fec2c9702E+0xca>
  ef509e:	48 c7 c7 60 d8 ee 00 	mov    $0xeed860,%rdi
  ef50a5:	e8 b6 85 00 00       	call   efd660 <_ZN4core9panicking11panic_const24panic_const_sub_overflow17h38d790166b4890c1E>
  ef50aa:	48 8b 44 24 28       	mov    0x28(%rsp),%rax
  ef50af:	48 8b 4c 24 20       	mov    0x20(%rsp),%rcx
  ef50b4:	48 83 e1 3f          	and    $0x3f,%rcx
  ef50b8:	ba 01 00 00 00       	mov    $0x1,%edx
  ef50bd:	48 d3 e2             	shl    %cl,%rdx
  ef50c0:	48 8b 4c 24 30       	mov    0x30(%rsp),%rcx
  ef50c5:	48 33 51 18          	xor    0x18(%rcx),%rdx
  ef50c9:	48 89 51 18          	mov    %rdx,0x18(%rcx)
            debug_assert!(self.availability_high & 1 << (b - WORD_BITS) == 0);
  ef50cd:	48 8b 49 18          	mov    0x18(%rcx),%rcx
  ef50d1:	48 89 4c 24 10       	mov    %rcx,0x10(%rsp)
  ef50d6:	48 89 c1             	mov    %rax,%rcx
  ef50d9:	48 83 e9 40          	sub    $0x40,%rcx
  ef50dd:	48 89 4c 24 18       	mov    %rcx,0x18(%rsp)
  ef50e2:	48 83 f8 40          	cmp    $0x40,%rax
  ef50e6:	72 1b                	jb     ef5103 <_ZN4talc4talc13Talc$LT$O$GT$12clear_avails17he888e49fec2c9702E+0xe3>
  ef50e8:	eb 0c                	jmp    ef50f6 <_ZN4talc4talc13Talc$LT$O$GT$12clear_avails17he888e49fec2c9702E+0xd6>
            self.availability_high ^= 1 << (b - WORD_BITS);
  ef50ea:	48 c7 c7 78 d8 ee 00 	mov    $0xeed878,%rdi
  ef50f1:	e8 2a 86 00 00       	call   efd720 <_ZN4core9panicking11panic_const24panic_const_shl_overflow17hc589e3be3ff2c970E>
  ef50f6:	48 8b 44 24 18       	mov    0x18(%rsp),%rax
            debug_assert!(self.availability_high & 1 << (b - WORD_BITS) == 0);
  ef50fb:	48 83 f8 40          	cmp    $0x40,%rax
  ef50ff:	72 0e                	jb     ef510f <_ZN4talc4talc13Talc$LT$O$GT$12clear_avails17he888e49fec2c9702E+0xef>
  ef5101:	eb 30                	jmp    ef5133 <_ZN4talc4talc13Talc$LT$O$GT$12clear_avails17he888e49fec2c9702E+0x113>
  ef5103:	48 c7 c7 90 d8 ee 00 	mov    $0xeed890,%rdi
  ef510a:	e8 51 85 00 00       	call   efd660 <_ZN4core9panicking11panic_const24panic_const_sub_overflow17h38d790166b4890c1E>
  ef510f:	48 8b 44 24 10       	mov    0x10(%rsp),%rax
  ef5114:	48 8b 4c 24 18       	mov    0x18(%rsp),%rcx
  ef5119:	48 83 e1 3f          	and    $0x3f,%rcx
  ef511d:	ba 01 00 00 00       	mov    $0x1,%edx
  ef5122:	48 d3 e2             	shl    %cl,%rdx
  ef5125:	48 89 d1             	mov    %rdx,%rcx
  ef5128:	48 21 c8             	and    %rcx,%rax
  ef512b:	48 83 f8 00          	cmp    $0x0,%rax
  ef512f:	74 0e                	je     ef513f <_ZN4talc4talc13Talc$LT$O$GT$12clear_avails17he888e49fec2c9702E+0x11f>
  ef5131:	eb 11                	jmp    ef5144 <_ZN4talc4talc13Talc$LT$O$GT$12clear_avails17he888e49fec2c9702E+0x124>
  ef5133:	48 c7 c7 a8 d8 ee 00 	mov    $0xeed8a8,%rdi
  ef513a:	e8 e1 85 00 00       	call   efd720 <_ZN4core9panicking11panic_const24panic_const_shl_overflow17hc589e3be3ff2c970E>
        }
    }
  ef513f:	48 83 c4 48          	add    $0x48,%rsp
  ef5143:	c3                   	ret
            debug_assert!(self.availability_high & 1 << (b - WORD_BITS) == 0);
  ef5144:	48 c7 c7 28 d7 ee 00 	mov    $0xeed728,%rdi
  ef514b:	48 c7 c2 c0 d8 ee 00 	mov    $0xeed8c0,%rdx
  ef5152:	be 44 00 00 00       	mov    $0x44,%esi
  ef5157:	e8 e4 6e 00 00       	call   efc040 <_ZN4core9panicking5panic17hdbca58b08003962eE>
  ef515c:	48 8b 44 24 28       	mov    0x28(%rsp),%rax
            self.availability_low ^= 1 << b;
  ef5161:	48 89 c1             	mov    %rax,%rcx
  ef5164:	48 83 e1 3f          	and    $0x3f,%rcx
  ef5168:	ba 01 00 00 00       	mov    $0x1,%edx
  ef516d:	48 d3 e2             	shl    %cl,%rdx
  ef5170:	48 8b 4c 24 30       	mov    0x30(%rsp),%rcx
  ef5175:	48 33 51 10          	xor    0x10(%rcx),%rdx
  ef5179:	48 89 51 10          	mov    %rdx,0x10(%rcx)
            debug_assert!(self.availability_low & 1 << b == 0);
  ef517d:	48 8b 49 10          	mov    0x10(%rcx),%rcx
  ef5181:	48 89 4c 24 08       	mov    %rcx,0x8(%rsp)
  ef5186:	48 83 f8 40          	cmp    $0x40,%rax
  ef518a:	72 0e                	jb     ef519a <_ZN4talc4talc13Talc$LT$O$GT$12clear_avails17he888e49fec2c9702E+0x17a>
  ef518c:	eb 30                	jmp    ef51be <_ZN4talc4talc13Talc$LT$O$GT$12clear_avails17he888e49fec2c9702E+0x19e>
            self.availability_low ^= 1 << b;
  ef518e:	48 c7 c7 d8 d8 ee 00 	mov    $0xeed8d8,%rdi
  ef5195:	e8 86 85 00 00       	call   efd720 <_ZN4core9panicking11panic_const24panic_const_shl_overflow17hc589e3be3ff2c970E>
  ef519a:	48 8b 44 24 08       	mov    0x8(%rsp),%rax
  ef519f:	48 8b 4c 24 28       	mov    0x28(%rsp),%rcx
            debug_assert!(self.availability_low & 1 << b == 0);
  ef51a4:	48 83 e1 3f          	and    $0x3f,%rcx
  ef51a8:	ba 01 00 00 00       	mov    $0x1,%edx
  ef51ad:	48 d3 e2             	shl    %cl,%rdx
  ef51b0:	48 89 d1             	mov    %rdx,%rcx
  ef51b3:	48 21 c8             	and    %rcx,%rax
  ef51b6:	48 83 f8 00          	cmp    $0x0,%rax
  ef51ba:	74 83                	je     ef513f <_ZN4talc4talc13Talc$LT$O$GT$12clear_avails17he888e49fec2c9702E+0x11f>
  ef51bc:	eb 0c                	jmp    ef51ca <_ZN4talc4talc13Talc$LT$O$GT$12clear_avails17he888e49fec2c9702E+0x1aa>
  ef51be:	48 c7 c7 f0 d8 ee 00 	mov    $0xeed8f0,%rdi
  ef51c5:	e8 56 85 00 00       	call   efd720 <_ZN4core9panicking11panic_const24panic_const_shl_overflow17hc589e3be3ff2c970E>
  ef51ca:	48 c7 c7 b8 d7 ee 00 	mov    $0xeed7b8,%rdi
  ef51d1:	48 c7 c2 08 d9 ee 00 	mov    $0xeed908,%rdx
  ef51d8:	be 35 00 00 00       	mov    $0x35,%esi
  ef51dd:	e8 5e 6e 00 00       	call   efc040 <_ZN4core9panicking5panic17hdbca58b08003962eE>
  ef51e2:	cc                   	int3
  ef51e3:	cc                   	int3
  ef51e4:	cc                   	int3
  ef51e5:	cc                   	int3
  ef51e6:	cc                   	int3
  ef51e7:	cc                   	int3
  ef51e8:	cc                   	int3
  ef51e9:	cc                   	int3
  ef51ea:	cc                   	int3
  ef51eb:	cc                   	int3
  ef51ec:	cc                   	int3
  ef51ed:	cc                   	int3
  ef51ee:	cc                   	int3
  ef51ef:	cc                   	int3

0000000000ef51f0 <_ZN4talc4talc13Talc$LT$O$GT$12register_gap17h360e5fc2f7797526E>:

    /// Registers a gap in memory which is allocatable.
    #[inline]
    unsafe fn register_gap(&mut self, base: *mut u8, acme: *mut u8) {
  ef51f0:	48 81 ec 88 00 00 00 	sub    $0x88,%rsp
  ef51f7:	48 89 54 24 20       	mov    %rdx,0x20(%rsp)
  ef51fc:	48 89 f0             	mov    %rsi,%rax
  ef51ff:	48 8b 74 24 20       	mov    0x20(%rsp),%rsi
  ef5204:	48 89 44 24 28       	mov    %rax,0x28(%rsp)
  ef5209:	48 89 f8             	mov    %rdi,%rax
  ef520c:	48 8b 7c 24 28       	mov    0x28(%rsp),%rdi
  ef5211:	48 89 44 24 30       	mov    %rax,0x30(%rsp)
  ef5216:	48 89 44 24 38       	mov    %rax,0x38(%rsp)
  ef521b:	48 89 7c 24 40       	mov    %rdi,0x40(%rsp)
  ef5220:	48 89 74 24 48       	mov    %rsi,0x48(%rsp)
        debug_assert!(is_chunk_size(base, acme));
  ef5225:	e8 06 2c 00 00       	call   ef7e30 <_ZN4talc4talc13is_chunk_size17h9936bd0c266ec380E>
  ef522a:	a8 01                	test   $0x1,%al
  ef522c:	75 18                	jne    ef5246 <_ZN4talc4talc13Talc$LT$O$GT$12register_gap17h360e5fc2f7797526E+0x56>
  ef522e:	48 c7 c7 20 d9 ee 00 	mov    $0xeed920,%rdi
  ef5235:	48 c7 c2 50 d9 ee 00 	mov    $0xeed950,%rdx
  ef523c:	be 2b 00 00 00       	mov    $0x2b,%esi
  ef5241:	e8 fa 6d 00 00       	call   efc040 <_ZN4core9panicking5panic17hdbca58b08003962eE>
  ef5246:	48 8b 44 24 20       	mov    0x20(%rsp),%rax
  ef524b:	48 8b 4c 24 28       	mov    0x28(%rsp),%rcx

        let size = acme as usize - base as usize;
  ef5250:	48 89 c2             	mov    %rax,%rdx
  ef5253:	48 29 ca             	sub    %rcx,%rdx
  ef5256:	48 89 54 24 18       	mov    %rdx,0x18(%rsp)
  ef525b:	48 39 c8             	cmp    %rcx,%rax
  ef525e:	72 3e                	jb     ef529e <_ZN4talc4talc13Talc$LT$O$GT$12register_gap17h360e5fc2f7797526E+0xae>
  ef5260:	48 8b 7c 24 18       	mov    0x18(%rsp),%rdi
  ef5265:	48 89 7c 24 50       	mov    %rdi,0x50(%rsp)
        let bin = bin_of_size(size);
  ef526a:	e8 a1 28 00 00       	call   ef7b10 <_ZN4talc4talc11bin_of_size17h8158e81d7b72e560E>
  ef526f:	48 8b 7c 24 30       	mov    0x30(%rsp),%rdi
  ef5274:	48 89 c6             	mov    %rax,%rsi
  ef5277:	48 89 74 24 08       	mov    %rsi,0x8(%rsp)
  ef527c:	48 89 74 24 58       	mov    %rsi,0x58(%rsp)

        let bin_ptr = self.get_bin_ptr(bin);
  ef5281:	e8 3a fd ff ff       	call   ef4fc0 <_ZN4talc4talc13Talc$LT$O$GT$11get_bin_ptr17h303a89d77dcba1dfE>
  ef5286:	48 89 c7             	mov    %rax,%rdi
  ef5289:	48 89 7c 24 10       	mov    %rdi,0x10(%rsp)
  ef528e:	48 89 7c 24 60       	mov    %rdi,0x60(%rsp)

        if (*bin_ptr).is_none() {
  ef5293:	e8 f8 5b 00 00       	call   efae90 <_ZN4core6option15Option$LT$T$GT$7is_none17hc3c6cb6627395c93E>
  ef5298:	a8 01                	test   $0x1,%al
  ef529a:	75 38                	jne    ef52d4 <_ZN4talc4talc13Talc$LT$O$GT$12register_gap17h360e5fc2f7797526E+0xe4>
  ef529c:	eb 0c                	jmp    ef52aa <_ZN4talc4talc13Talc$LT$O$GT$12register_gap17h360e5fc2f7797526E+0xba>
        let size = acme as usize - base as usize;
  ef529e:	48 c7 c7 68 d9 ee 00 	mov    $0xeed968,%rdi
  ef52a5:	e8 b6 83 00 00       	call   efd660 <_ZN4core9panicking11panic_const24panic_const_sub_overflow17h38d790166b4890c1E>
  ef52aa:	48 8b 7c 24 28       	mov    0x28(%rsp),%rdi
            self.set_avails(bin);
        }

        LlistNode::insert(gap_base_to_node(base), bin_ptr, *bin_ptr);
  ef52af:	e8 7c 2c 00 00       	call   ef7f30 <_ZN4talc4talc16gap_base_to_node17h6709b48140eaae9cE>
  ef52b4:	48 8b 74 24 10       	mov    0x10(%rsp),%rsi
  ef52b9:	48 89 c7             	mov    %rax,%rdi
  ef52bc:	48 8b 16             	mov    (%rsi),%rdx
  ef52bf:	e8 8c 5f 00 00       	call   efb250 <_ZN4talc4talc5llist9LlistNode6insert17hf85820f16cf02914E>
  ef52c4:	48 8b 7c 24 10       	mov    0x10(%rsp),%rdi

        debug_assert!((*bin_ptr).is_some());
  ef52c9:	e8 f2 5b 00 00       	call   efaec0 <_ZN4core6option15Option$LT$T$GT$7is_some17h563599457c3e27c2E>
  ef52ce:	a8 01                	test   $0x1,%al
  ef52d0:	75 2b                	jne    ef52fd <_ZN4talc4talc13Talc$LT$O$GT$12register_gap17h360e5fc2f7797526E+0x10d>
  ef52d2:	eb 11                	jmp    ef52e5 <_ZN4talc4talc13Talc$LT$O$GT$12register_gap17h360e5fc2f7797526E+0xf5>
  ef52d4:	48 8b 74 24 08       	mov    0x8(%rsp),%rsi
  ef52d9:	48 8b 7c 24 30       	mov    0x30(%rsp),%rdi
            self.set_avails(bin);
  ef52de:	e8 fd fa ff ff       	call   ef4de0 <_ZN4talc4talc13Talc$LT$O$GT$10set_avails17h74c6ebcb7ea578acE>
  ef52e3:	eb c5                	jmp    ef52aa <_ZN4talc4talc13Talc$LT$O$GT$12register_gap17h360e5fc2f7797526E+0xba>
        debug_assert!((*bin_ptr).is_some());
  ef52e5:	48 c7 c7 80 d9 ee 00 	mov    $0xeed980,%rdi
  ef52ec:	48 c7 c2 a8 d9 ee 00 	mov    $0xeed9a8,%rdx
  ef52f3:	be 26 00 00 00       	mov    $0x26,%esi
  ef52f8:	e8 43 6d 00 00       	call   efc040 <_ZN4core9panicking5panic17hdbca58b08003962eE>
  ef52fd:	48 8b 7c 24 28       	mov    0x28(%rsp),%rdi

        gap_base_to_size(base).write(size);
  ef5302:	e8 59 2c 00 00       	call   ef7f60 <_ZN4talc4talc16gap_base_to_size17h3f8242ecc96f9489E>
  ef5307:	48 8b 7c 24 20       	mov    0x20(%rsp),%rdi
  ef530c:	48 8b 4c 24 18       	mov    0x18(%rsp),%rcx
  ef5311:	48 89 44 24 78       	mov    %rax,0x78(%rsp)
  ef5316:	48 89 8c 24 80 00 00 	mov    %rcx,0x80(%rsp)
  ef531d:	00 
        intrinsics::write_via_move(dst, src)
  ef531e:	48 89 08             	mov    %rcx,(%rax)
        gap_acme_to_size(acme).write(size);
  ef5321:	e8 da 2b 00 00       	call   ef7f00 <_ZN4talc4talc16gap_acme_to_size17h5889175b6f3702daE>
  ef5326:	48 8b 4c 24 18       	mov    0x18(%rsp),%rcx
  ef532b:	48 89 44 24 68       	mov    %rax,0x68(%rsp)
  ef5330:	48 89 4c 24 70       	mov    %rcx,0x70(%rsp)
  ef5335:	48 89 08             	mov    %rcx,(%rax)

        #[cfg(feature = "counters")]
        self.counters.account_register_gap(size);
    }
  ef5338:	48 81 c4 88 00 00 00 	add    $0x88,%rsp
  ef533f:	c3                   	ret

0000000000ef5340 <_ZN4talc4talc13Talc$LT$O$GT$13grow_in_place17h295e226d021eb4ccE>:
    /// Returns `Err` if reallocation could not occur in-place.
    /// Ownership of the memory remains with the caller.
    /// # Safety
    /// `ptr` must have been previously allocated or reallocated given `layout`.
    /// `new_size` must be larger or equal to `layout.size()`.
    pub unsafe fn grow_in_place(
  ef5340:	48 81 ec 88 01 00 00 	sub    $0x188,%rsp
  ef5347:	4c 89 44 24 50       	mov    %r8,0x50(%rsp)
  ef534c:	48 89 74 24 40       	mov    %rsi,0x40(%rsp)
  ef5351:	48 89 7c 24 48       	mov    %rdi,0x48(%rsp)
  ef5356:	48 89 54 24 58       	mov    %rdx,0x58(%rsp)
  ef535b:	48 89 4c 24 60       	mov    %rcx,0x60(%rsp)
  ef5360:	48 89 7c 24 70       	mov    %rdi,0x70(%rsp)
  ef5365:	48 89 74 24 78       	mov    %rsi,0x78(%rsp)
  ef536a:	4c 89 84 24 80 00 00 	mov    %r8,0x80(%rsp)
  ef5371:	00 
  ef5372:	48 8d 7c 24 58       	lea    0x58(%rsp),%rdi
        &mut self,
        ptr: NonNull<u8>,
        old_layout: Layout,
        new_size: usize,
    ) -> Result<NonNull<u8>, ()> {
        debug_assert!(new_size >= old_layout.size());
  ef5377:	e8 d4 42 00 00       	call   ef9650 <_ZN4core5alloc6layout6Layout4size17h01105bc4314f51d8E>
  ef537c:	4c 8b 44 24 50       	mov    0x50(%rsp),%r8
  ef5381:	49 39 c0             	cmp    %rax,%r8
  ef5384:	73 18                	jae    ef539e <_ZN4talc4talc13Talc$LT$O$GT$13grow_in_place17h295e226d021eb4ccE+0x5e>
  ef5386:	48 c7 c7 c0 d9 ee 00 	mov    $0xeed9c0,%rdi
  ef538d:	48 c7 c2 f0 d9 ee 00 	mov    $0xeed9f0,%rdx
  ef5394:	be 2f 00 00 00       	mov    $0x2f,%esi
  ef5399:	e8 a2 6c 00 00       	call   efc040 <_ZN4core9panicking5panic17hdbca58b08003962eE>
  ef539e:	48 8b 7c 24 48       	mov    0x48(%rsp),%rdi
        self.scan_for_errors();
  ef53a3:	e8 d8 03 00 00       	call   ef5780 <_ZN4talc4talc13Talc$LT$O$GT$15scan_for_errors17h90b6c5f5a8701b97E>
  ef53a8:	48 8b 44 24 40       	mov    0x40(%rsp),%rax
  ef53ad:	48 89 84 24 80 01 00 	mov    %rax,0x180(%rsp)
  ef53b4:	00 
  ef53b5:	48 8d 7c 24 58       	lea    0x58(%rsp),%rdi

        let old_post_alloc_ptr = align_up(ptr.as_ptr().add(old_layout.size()));
  ef53ba:	e8 91 42 00 00       	call   ef9650 <_ZN4core5alloc6layout6Layout4size17h01105bc4314f51d8E>
  ef53bf:	48 8b 7c 24 40       	mov    0x40(%rsp),%rdi
  ef53c4:	48 89 bc 24 18 01 00 	mov    %rdi,0x118(%rsp)
  ef53cb:	00 
  ef53cc:	48 89 84 24 20 01 00 	mov    %rax,0x120(%rsp)
  ef53d3:	00 
  ef53d4:	48 01 c7             	add    %rax,%rdi
  ef53d7:	e8 c4 5d 00 00       	call   efb1a0 <_ZN4talc9ptr_utils8align_up17h423642f2ddace20eE>
  ef53dc:	48 8b 7c 24 40       	mov    0x40(%rsp),%rdi
  ef53e1:	48 89 c1             	mov    %rax,%rcx
  ef53e4:	48 8b 44 24 50       	mov    0x50(%rsp),%rax
  ef53e9:	48 89 4c 24 30       	mov    %rcx,0x30(%rsp)
  ef53ee:	48 89 8c 24 88 00 00 	mov    %rcx,0x88(%rsp)
  ef53f5:	00 
  ef53f6:	48 89 bc 24 78 01 00 	mov    %rdi,0x178(%rsp)
  ef53fd:	00 
  ef53fe:	48 89 bc 24 08 01 00 	mov    %rdi,0x108(%rsp)
  ef5405:	00 
  ef5406:	48 89 84 24 10 01 00 	mov    %rax,0x110(%rsp)
  ef540d:	00 
  ef540e:	48 01 c7             	add    %rax,%rdi
        let new_post_alloc_ptr = align_up(ptr.as_ptr().add(new_size));
  ef5411:	e8 8a 5d 00 00       	call   efb1a0 <_ZN4talc9ptr_utils8align_up17h423642f2ddace20eE>
  ef5416:	48 89 c1             	mov    %rax,%rcx
  ef5419:	48 8b 44 24 30       	mov    0x30(%rsp),%rax
  ef541e:	48 89 4c 24 38       	mov    %rcx,0x38(%rsp)
  ef5423:	48 89 8c 24 90 00 00 	mov    %rcx,0x90(%rsp)
  ef542a:	00 

        if old_post_alloc_ptr == new_post_alloc_ptr {
  ef542b:	48 39 c8             	cmp    %rcx,%rax
  ef542e:	74 4d                	je     ef547d <_ZN4talc4talc13Talc$LT$O$GT$13grow_in_place17h295e226d021eb4ccE+0x13d>
  ef5430:	48 8b 44 24 40       	mov    0x40(%rsp),%rax
  ef5435:	48 89 84 24 70 01 00 	mov    %rax,0x170(%rsp)
  ef543c:	00 
  ef543d:	48 8d 7c 24 58       	lea    0x58(%rsp),%rdi
            self.counters.account_grow_in_place(old_layout.size(), new_size);

            return Ok(ptr);
        }

        let (tag_ptr, tag) = tag_from_alloc_ptr(ptr.as_ptr(), old_layout.size());
  ef5442:	e8 09 42 00 00       	call   ef9650 <_ZN4core5alloc6layout6Layout4size17h01105bc4314f51d8E>
  ef5447:	48 8b 7c 24 40       	mov    0x40(%rsp),%rdi
  ef544c:	48 89 c6             	mov    %rax,%rsi
  ef544f:	e8 cc 2b 00 00       	call   ef8020 <_ZN4talc4talc18tag_from_alloc_ptr17h407c621964491a37E>
  ef5454:	48 89 c1             	mov    %rax,%rcx
  ef5457:	48 8b 44 24 38       	mov    0x38(%rsp),%rax
  ef545c:	48 89 54 24 20       	mov    %rdx,0x20(%rsp)
  ef5461:	48 89 4c 24 28       	mov    %rcx,0x28(%rsp)
  ef5466:	48 89 8c 24 98 00 00 	mov    %rcx,0x98(%rsp)
  ef546d:	00 
  ef546e:	48 89 94 24 a0 00 00 	mov    %rdx,0xa0(%rsp)
  ef5475:	00 

        // tag_ptr may be greater where extra free space needed to be reserved
        if new_post_alloc_ptr <= tag_ptr {
  ef5476:	48 39 c8             	cmp    %rcx,%rax
  ef5479:	76 65                	jbe    ef54e0 <_ZN4talc4talc13Talc$LT$O$GT$13grow_in_place17h295e226d021eb4ccE+0x1a0>
  ef547b:	eb 0f                	jmp    ef548c <_ZN4talc4talc13Talc$LT$O$GT$13grow_in_place17h295e226d021eb4ccE+0x14c>
  ef547d:	48 8b 44 24 40       	mov    0x40(%rsp),%rax
            return Ok(ptr);
  ef5482:	48 89 44 24 68       	mov    %rax,0x68(%rsp)
  ef5487:	e9 4e 01 00 00       	jmp    ef55da <_ZN4talc4talc13Talc$LT$O$GT$13grow_in_place17h295e226d021eb4ccE+0x29a>
  ef548c:	48 8b 7c 24 20       	mov    0x20(%rsp),%rdi
            return Ok(ptr);
        }

        let new_tag_ptr = new_post_alloc_ptr;

        let base = tag.chunk_base();
  ef5491:	e8 ea 60 00 00       	call   efb580 <_ZN4talc4talc3tag3Tag10chunk_base17h942cd88ef9d4badbE>
  ef5496:	48 8b 7c 24 20       	mov    0x20(%rsp),%rdi
  ef549b:	48 89 c1             	mov    %rax,%rcx
  ef549e:	48 8b 44 24 28       	mov    0x28(%rsp),%rax
  ef54a3:	48 89 4c 24 10       	mov    %rcx,0x10(%rsp)
  ef54a8:	48 89 8c 24 a8 00 00 	mov    %rcx,0xa8(%rsp)
  ef54af:	00 
  ef54b0:	48 89 84 24 f8 00 00 	mov    %rax,0xf8(%rsp)
  ef54b7:	00 
  ef54b8:	48 c7 84 24 00 01 00 	movq   $0x8,0x100(%rsp)
  ef54bf:	00 08 00 00 00 
  ef54c4:	48 83 c0 08          	add    $0x8,%rax
  ef54c8:	48 89 44 24 18       	mov    %rax,0x18(%rsp)
        let acme = tag_ptr.add(TAG_SIZE);
  ef54cd:	48 89 84 24 b0 00 00 	mov    %rax,0xb0(%rsp)
  ef54d4:	00 

        debug_assert!(tag.is_allocated());
  ef54d5:	e8 06 61 00 00       	call   efb5e0 <_ZN4talc4talc3tag3Tag12is_allocated17hcdd013e1df481431E>
  ef54da:	a8 01                	test   $0x1,%al
  ef54dc:	75 32                	jne    ef5510 <_ZN4talc4talc13Talc$LT$O$GT$13grow_in_place17h295e226d021eb4ccE+0x1d0>
  ef54de:	eb 18                	jmp    ef54f8 <_ZN4talc4talc13Talc$LT$O$GT$13grow_in_place17h295e226d021eb4ccE+0x1b8>
  ef54e0:	48 8b 44 24 38       	mov    0x38(%rsp),%rax
  ef54e5:	48 8b 4c 24 28       	mov    0x28(%rsp),%rcx
            if new_post_alloc_ptr < tag_ptr {
  ef54ea:	48 39 c8             	cmp    %rcx,%rax
  ef54ed:	0f 82 c5 01 00 00    	jb     ef56b8 <_ZN4talc4talc13Talc$LT$O$GT$13grow_in_place17h295e226d021eb4ccE+0x378>
  ef54f3:	e9 b1 01 00 00       	jmp    ef56a9 <_ZN4talc4talc13Talc$LT$O$GT$13grow_in_place17h295e226d021eb4ccE+0x369>
        debug_assert!(tag.is_allocated());
  ef54f8:	48 c7 c7 08 da ee 00 	mov    $0xeeda08,%rdi
  ef54ff:	48 c7 c2 30 da ee 00 	mov    $0xeeda30,%rdx
  ef5506:	be 24 00 00 00       	mov    $0x24,%esi
  ef550b:	e8 30 6b 00 00       	call   efc040 <_ZN4core9panicking5panic17hdbca58b08003962eE>
  ef5510:	48 8b 74 24 18       	mov    0x18(%rsp),%rsi
  ef5515:	48 8b 7c 24 10       	mov    0x10(%rsp),%rdi
        debug_assert!(is_chunk_size(base, acme));
  ef551a:	e8 11 29 00 00       	call   ef7e30 <_ZN4talc4talc13is_chunk_size17h9936bd0c266ec380E>
  ef551f:	a8 01                	test   $0x1,%al
  ef5521:	75 18                	jne    ef553b <_ZN4talc4talc13Talc$LT$O$GT$13grow_in_place17h295e226d021eb4ccE+0x1fb>
  ef5523:	48 c7 c7 20 d9 ee 00 	mov    $0xeed920,%rdi
  ef552a:	48 c7 c2 48 da ee 00 	mov    $0xeeda48,%rdx
  ef5531:	be 2b 00 00 00       	mov    $0x2b,%esi
  ef5536:	e8 05 6b 00 00       	call   efc040 <_ZN4core9panicking5panic17hdbca58b08003962eE>
  ef553b:	48 8b 7c 24 20       	mov    0x20(%rsp),%rdi

        // otherwise, check if 1) is free 2) is large enough
        // because free chunks don't border free chunks, this needn't be recursive
        if tag.is_above_free() {
  ef5540:	e8 7b 60 00 00       	call   efb5c0 <_ZN4talc4talc3tag3Tag13is_above_free17hcd8d0ceae9a7f4b2E>
  ef5545:	a8 01                	test   $0x1,%al
  ef5547:	75 0e                	jne    ef5557 <_ZN4talc4talc13Talc$LT$O$GT$13grow_in_place17h295e226d021eb4ccE+0x217>

                return Ok(ptr);
            }
        }

        Err(())
  ef5549:	48 c7 44 24 68 00 00 	movq   $0x0,0x68(%rsp)
  ef5550:	00 00 
    }
  ef5552:	e9 83 00 00 00       	jmp    ef55da <_ZN4talc4talc13Talc$LT$O$GT$13grow_in_place17h295e226d021eb4ccE+0x29a>
  ef5557:	48 8b 7c 24 18       	mov    0x18(%rsp),%rdi
            let above_size = gap_base_to_size(acme).read();
  ef555c:	e8 ff 29 00 00       	call   ef7f60 <_ZN4talc4talc16gap_base_to_size17h3f8242ecc96f9489E>
  ef5561:	48 8b 4c 24 28       	mov    0x28(%rsp),%rcx
  ef5566:	48 89 c2             	mov    %rax,%rdx
  ef5569:	48 8b 44 24 38       	mov    0x38(%rsp),%rax
  ef556e:	48 89 94 24 48 01 00 	mov    %rdx,0x148(%rsp)
  ef5575:	00 
        crate::intrinsics::read_via_copy(src)
  ef5576:	48 8b 12             	mov    (%rdx),%rdx
  ef5579:	48 89 14 24          	mov    %rdx,(%rsp)
  ef557d:	48 89 94 24 b8 00 00 	mov    %rdx,0xb8(%rsp)
  ef5584:	00 
  ef5585:	48 89 8c 24 e8 00 00 	mov    %rcx,0xe8(%rsp)
  ef558c:	00 
  ef558d:	48 89 94 24 f0 00 00 	mov    %rdx,0xf0(%rsp)
  ef5594:	00 
  ef5595:	48 01 d1             	add    %rdx,%rcx
  ef5598:	48 89 4c 24 08       	mov    %rcx,0x8(%rsp)
            let above_tag_ptr = tag_ptr.add(above_size);
  ef559d:	48 89 8c 24 c0 00 00 	mov    %rcx,0xc0(%rsp)
  ef55a4:	00 
            if new_tag_ptr <= above_tag_ptr {
  ef55a5:	48 39 c8             	cmp    %rcx,%rax
  ef55a8:	77 9f                	ja     ef5549 <_ZN4talc4talc13Talc$LT$O$GT$13grow_in_place17h295e226d021eb4ccE+0x209>
  ef55aa:	48 8b 3c 24          	mov    (%rsp),%rdi
                self.deregister_gap(acme, bin_of_size(above_size));
  ef55ae:	e8 5d 25 00 00       	call   ef7b10 <_ZN4talc4talc11bin_of_size17h8158e81d7b72e560E>
  ef55b3:	48 8b 7c 24 48       	mov    0x48(%rsp),%rdi
  ef55b8:	48 8b 74 24 18       	mov    0x18(%rsp),%rsi
  ef55bd:	48 89 c2             	mov    %rax,%rdx
  ef55c0:	e8 1b 01 00 00       	call   ef56e0 <_ZN4talc4talc13Talc$LT$O$GT$14deregister_gap17h592672fcf8b01821E>
  ef55c5:	48 8b 7c 24 38       	mov    0x38(%rsp),%rdi
  ef55ca:	48 8b 74 24 08       	mov    0x8(%rsp),%rsi
                if is_chunk_size(new_tag_ptr, above_tag_ptr) {
  ef55cf:	e8 5c 28 00 00       	call   ef7e30 <_ZN4talc4talc13is_chunk_size17h9936bd0c266ec380E>
  ef55d4:	a8 01                	test   $0x1,%al
  ef55d6:	75 3b                	jne    ef5613 <_ZN4talc4talc13Talc$LT$O$GT$13grow_in_place17h295e226d021eb4ccE+0x2d3>
  ef55d8:	eb 0d                	jmp    ef55e7 <_ZN4talc4talc13Talc$LT$O$GT$13grow_in_place17h295e226d021eb4ccE+0x2a7>
    }
  ef55da:	48 8b 44 24 68       	mov    0x68(%rsp),%rax
  ef55df:	48 81 c4 88 01 00 00 	add    $0x188,%rsp
  ef55e6:	c3                   	ret
  ef55e7:	48 8b 7c 24 08       	mov    0x8(%rsp),%rdi
  ef55ec:	48 8b 74 24 10       	mov    0x10(%rsp),%rsi
  ef55f1:	48 89 bc 24 30 01 00 	mov    %rdi,0x130(%rsp)
  ef55f8:	00 
                    Tag::write(above_tag_ptr.cast(), base, false);
  ef55f9:	31 c0                	xor    %eax,%eax
  ef55fb:	31 d2                	xor    %edx,%edx
  ef55fd:	e8 9e 5e 00 00       	call   efb4a0 <_ZN4talc4talc3tag3Tag5write17hc98167a297e6fdc5E>
  ef5602:	48 8b 4c 24 08       	mov    0x8(%rsp),%rcx
  ef5607:	48 8b 44 24 38       	mov    0x38(%rsp),%rax
                    if new_post_alloc_ptr != above_tag_ptr {
  ef560c:	48 39 c8             	cmp    %rcx,%rax
  ef560f:	75 71                	jne    ef5682 <_ZN4talc4talc13Talc$LT$O$GT$13grow_in_place17h295e226d021eb4ccE+0x342>
  ef5611:	eb 60                	jmp    ef5673 <_ZN4talc4talc13Talc$LT$O$GT$13grow_in_place17h295e226d021eb4ccE+0x333>
  ef5613:	48 8b 74 24 38       	mov    0x38(%rsp),%rsi
  ef5618:	48 8b 7c 24 48       	mov    0x48(%rsp),%rdi
  ef561d:	48 8b 54 24 08       	mov    0x8(%rsp),%rdx
  ef5622:	48 89 b4 24 d8 00 00 	mov    %rsi,0xd8(%rsp)
  ef5629:	00 
  ef562a:	48 c7 84 24 e0 00 00 	movq   $0x8,0xe0(%rsp)
  ef5631:	00 08 00 00 00 
  ef5636:	48 83 c6 08          	add    $0x8,%rsi
  ef563a:	48 89 94 24 c8 00 00 	mov    %rdx,0xc8(%rsp)
  ef5641:	00 
  ef5642:	48 c7 84 24 d0 00 00 	movq   $0x8,0xd0(%rsp)
  ef5649:	00 08 00 00 00 
  ef564e:	48 83 c2 08          	add    $0x8,%rdx
                    self.register_gap(new_tag_ptr.add(TAG_SIZE), above_tag_ptr.add(TAG_SIZE));
  ef5652:	e8 99 fb ff ff       	call   ef51f0 <_ZN4talc4talc13Talc$LT$O$GT$12register_gap17h360e5fc2f7797526E>
  ef5657:	48 8b 7c 24 38       	mov    0x38(%rsp),%rdi
  ef565c:	48 8b 74 24 10       	mov    0x10(%rsp),%rsi
  ef5661:	48 89 bc 24 28 01 00 	mov    %rdi,0x128(%rsp)
  ef5668:	00 
  ef5669:	ba 01 00 00 00       	mov    $0x1,%edx
                    Tag::write(new_tag_ptr.cast(), base, true);
  ef566e:	e8 2d 5e 00 00       	call   efb4a0 <_ZN4talc4talc3tag3Tag5write17hc98167a297e6fdc5E>
  ef5673:	48 8b 44 24 40       	mov    0x40(%rsp),%rax
                return Ok(ptr);
  ef5678:	48 89 44 24 68       	mov    %rax,0x68(%rsp)
  ef567d:	e9 58 ff ff ff       	jmp    ef55da <_ZN4talc4talc13Talc$LT$O$GT$13grow_in_place17h295e226d021eb4ccE+0x29a>
  ef5682:	48 8b 44 24 38       	mov    0x38(%rsp),%rax
  ef5687:	48 8b 4c 24 08       	mov    0x8(%rsp),%rcx
  ef568c:	48 89 84 24 40 01 00 	mov    %rax,0x140(%rsp)
  ef5693:	00 
  ef5694:	48 89 84 24 60 01 00 	mov    %rax,0x160(%rsp)
  ef569b:	00 
  ef569c:	48 89 8c 24 68 01 00 	mov    %rcx,0x168(%rsp)
  ef56a3:	00 
        intrinsics::write_via_move(dst, src)
  ef56a4:	48 89 08             	mov    %rcx,(%rax)
                        new_post_alloc_ptr.cast::<*mut u8>().write(above_tag_ptr);
  ef56a7:	eb ca                	jmp    ef5673 <_ZN4talc4talc13Talc$LT$O$GT$13grow_in_place17h295e226d021eb4ccE+0x333>
  ef56a9:	48 8b 44 24 40       	mov    0x40(%rsp),%rax
            return Ok(ptr);
  ef56ae:	48 89 44 24 68       	mov    %rax,0x68(%rsp)
  ef56b3:	e9 22 ff ff ff       	jmp    ef55da <_ZN4talc4talc13Talc$LT$O$GT$13grow_in_place17h295e226d021eb4ccE+0x29a>
  ef56b8:	48 8b 44 24 38       	mov    0x38(%rsp),%rax
  ef56bd:	48 8b 4c 24 28       	mov    0x28(%rsp),%rcx
  ef56c2:	48 89 84 24 38 01 00 	mov    %rax,0x138(%rsp)
  ef56c9:	00 
  ef56ca:	48 89 84 24 50 01 00 	mov    %rax,0x150(%rsp)
  ef56d1:	00 
  ef56d2:	48 89 8c 24 58 01 00 	mov    %rcx,0x158(%rsp)
  ef56d9:	00 
  ef56da:	48 89 08             	mov    %rcx,(%rax)
                new_post_alloc_ptr.cast::<*mut u8>().write(tag_ptr);
  ef56dd:	eb ca                	jmp    ef56a9 <_ZN4talc4talc13Talc$LT$O$GT$13grow_in_place17h295e226d021eb4ccE+0x369>
  ef56df:	cc                   	int3

0000000000ef56e0 <_ZN4talc4talc13Talc$LT$O$GT$14deregister_gap17h592672fcf8b01821E>:
    unsafe fn deregister_gap(&mut self, base: *mut u8, bin: usize) {
  ef56e0:	48 83 ec 38          	sub    $0x38,%rsp
  ef56e4:	48 89 54 24 08       	mov    %rdx,0x8(%rsp)
  ef56e9:	48 89 f0             	mov    %rsi,%rax
  ef56ec:	48 8b 74 24 08       	mov    0x8(%rsp),%rsi
  ef56f1:	48 89 44 24 10       	mov    %rax,0x10(%rsp)
  ef56f6:	48 89 7c 24 18       	mov    %rdi,0x18(%rsp)
  ef56fb:	48 89 7c 24 20       	mov    %rdi,0x20(%rsp)
  ef5700:	48 89 44 24 28       	mov    %rax,0x28(%rsp)
  ef5705:	48 89 74 24 30       	mov    %rsi,0x30(%rsp)
        debug_assert!((*self.get_bin_ptr(bin)).is_some());
  ef570a:	e8 b1 f8 ff ff       	call   ef4fc0 <_ZN4talc4talc13Talc$LT$O$GT$11get_bin_ptr17h303a89d77dcba1dfE>
  ef570f:	48 89 c7             	mov    %rax,%rdi
  ef5712:	e8 a9 57 00 00       	call   efaec0 <_ZN4core6option15Option$LT$T$GT$7is_some17h563599457c3e27c2E>
  ef5717:	a8 01                	test   $0x1,%al
  ef5719:	75 18                	jne    ef5733 <_ZN4talc4talc13Talc$LT$O$GT$14deregister_gap17h592672fcf8b01821E+0x53>
  ef571b:	48 c7 c7 60 da ee 00 	mov    $0xeeda60,%rdi
  ef5722:	48 c7 c2 98 da ee 00 	mov    $0xeeda98,%rdx
  ef5729:	be 34 00 00 00       	mov    $0x34,%esi
  ef572e:	e8 0d 69 00 00       	call   efc040 <_ZN4core9panicking5panic17hdbca58b08003962eE>
  ef5733:	48 8b 7c 24 10       	mov    0x10(%rsp),%rdi
        LlistNode::remove(gap_base_to_node(base));
  ef5738:	e8 f3 27 00 00       	call   ef7f30 <_ZN4talc4talc16gap_base_to_node17h6709b48140eaae9cE>
  ef573d:	48 89 c7             	mov    %rax,%rdi
  ef5740:	e8 0b 5c 00 00       	call   efb350 <_ZN4talc4talc5llist9LlistNode6remove17h2407c0cc69bd9789E>
  ef5745:	48 8b 7c 24 18       	mov    0x18(%rsp),%rdi
  ef574a:	48 8b 74 24 08       	mov    0x8(%rsp),%rsi
        if (*self.get_bin_ptr(bin)).is_none() {
  ef574f:	e8 6c f8 ff ff       	call   ef4fc0 <_ZN4talc4talc13Talc$LT$O$GT$11get_bin_ptr17h303a89d77dcba1dfE>
  ef5754:	48 89 c7             	mov    %rax,%rdi
  ef5757:	e8 34 57 00 00       	call   efae90 <_ZN4core6option15Option$LT$T$GT$7is_none17hc3c6cb6627395c93E>
  ef575c:	a8 01                	test   $0x1,%al
  ef575e:	75 05                	jne    ef5765 <_ZN4talc4talc13Talc$LT$O$GT$14deregister_gap17h592672fcf8b01821E+0x85>
    }
  ef5760:	48 83 c4 38          	add    $0x38,%rsp
  ef5764:	c3                   	ret
  ef5765:	48 8b 74 24 08       	mov    0x8(%rsp),%rsi
  ef576a:	48 8b 7c 24 18       	mov    0x18(%rsp),%rdi
            self.clear_avails(bin);
  ef576f:	e8 ac f8 ff ff       	call   ef5020 <_ZN4talc4talc13Talc$LT$O$GT$12clear_avails17he888e49fec2c9702E>
  ef5774:	eb ea                	jmp    ef5760 <_ZN4talc4talc13Talc$LT$O$GT$14deregister_gap17h592672fcf8b01821E+0x80>
  ef5776:	cc                   	int3
  ef5777:	cc                   	int3
  ef5778:	cc                   	int3
  ef5779:	cc                   	int3
  ef577a:	cc                   	int3
  ef577b:	cc                   	int3
  ef577c:	cc                   	int3
  ef577d:	cc                   	int3
  ef577e:	cc                   	int3
  ef577f:	cc                   	int3

0000000000ef5780 <_ZN4talc4talc13Talc$LT$O$GT$15scan_for_errors17h90b6c5f5a8701b97E>:
    #[cfg(not(debug_assertions))]
    fn scan_for_errors(&self) {}

    #[cfg(debug_assertions)]
    /// Debugging function for checking various assumptions.
    fn scan_for_errors(&self) {
  ef5780:	48 81 ec 08 01 00 00 	sub    $0x108,%rsp
  ef5787:	48 89 7c 24 58       	mov    %rdi,0x58(%rsp)
  ef578c:	48 89 bc 24 98 00 00 	mov    %rdi,0x98(%rsp)
  ef5793:	00 
        #[cfg(any(test, feature = "fuzzing"))]
        let mut vec = std::vec::Vec::<Span>::new();

        if !self.bins.is_null() {
  ef5794:	48 8b 7f 20          	mov    0x20(%rdi),%rdi
  ef5798:	e8 83 56 00 00       	call   efae20 <_ZN4core3ptr7mut_ptr31_$LT$impl$u20$$BP$mut$u20$T$GT$7is_null17hd816237041b748a7E>
  ef579d:	a8 01                	test   $0x1,%al
  ef579f:	75 1c                	jne    ef57bd <_ZN4talc4talc13Talc$LT$O$GT$15scan_for_errors17h90b6c5f5a8701b97E+0x3d>
            for b in 0..BIN_COUNT {
  ef57a1:	31 c0                	xor    %eax,%eax
  ef57a3:	31 c0                	xor    %eax,%eax
  ef57a5:	89 c7                	mov    %eax,%edi
  ef57a7:	be 80 00 00 00       	mov    $0x80,%esi
  ef57ac:	e8 5f 58 00 00       	call   efb010 <_ZN63_$LT$I$u20$as$u20$core..iter..traits..collect..IntoIterator$GT$9into_iter17h250305abd2272865E>
  ef57b1:	48 89 44 24 60       	mov    %rax,0x60(%rsp)
  ef57b6:	48 89 54 24 68       	mov    %rdx,0x68(%rsp)
  ef57bb:	eb 15                	jmp    ef57d2 <_ZN4talc4talc13Talc$LT$O$GT$15scan_for_errors17h90b6c5f5a8701b97E+0x52>
  ef57bd:	48 8b 44 24 58       	mov    0x58(%rsp),%rax
                        assert!(self.availability_high & 1 << (b - WORD_BITS) == 0);
                    }
                }
            }
        } else {
            assert!(self.availability_low == 0);
  ef57c2:	48 83 78 10 00       	cmpq   $0x0,0x10(%rax)
  ef57c7:	0f 84 d9 03 00 00    	je     ef5ba6 <_ZN4talc4talc13Talc$LT$O$GT$15scan_for_errors17h90b6c5f5a8701b97E+0x426>
  ef57cd:	e9 e6 03 00 00       	jmp    ef5bb8 <_ZN4talc4talc13Talc$LT$O$GT$15scan_for_errors17h90b6c5f5a8701b97E+0x438>
  ef57d2:	48 8d 7c 24 60       	lea    0x60(%rsp),%rdi
            for b in 0..BIN_COUNT {
  ef57d7:	e8 a4 56 00 00       	call   efae80 <_ZN4core4iter5range101_$LT$impl$u20$core..iter..traits..iterator..Iterator$u20$for$u20$core..ops..range..Range$LT$A$GT$$GT$4next17h479b948ab7270358E>
  ef57dc:	48 89 44 24 70       	mov    %rax,0x70(%rsp)
  ef57e1:	48 89 54 24 78       	mov    %rdx,0x78(%rsp)
  ef57e6:	48 f7 44 24 70 01 00 	testq  $0x1,0x70(%rsp)
  ef57ed:	00 00 
  ef57ef:	74 3e                	je     ef582f <_ZN4talc4talc13Talc$LT$O$GT$15scan_for_errors17h90b6c5f5a8701b97E+0xaf>
  ef57f1:	48 8b 7c 24 58       	mov    0x58(%rsp),%rdi
  ef57f6:	48 8b 74 24 78       	mov    0x78(%rsp),%rsi
  ef57fb:	48 89 74 24 50       	mov    %rsi,0x50(%rsp)
  ef5800:	48 89 b4 24 a0 00 00 	mov    %rsi,0xa0(%rsp)
  ef5807:	00 
                let mut any = false;
  ef5808:	c6 84 24 87 00 00 00 	movb   $0x0,0x87(%rsp)
  ef580f:	00 
                    for node in LlistNode::iter_mut(*self.get_bin_ptr(b)) {
  ef5810:	e8 ab f7 ff ff       	call   ef4fc0 <_ZN4talc4talc13Talc$LT$O$GT$11get_bin_ptr17h303a89d77dcba1dfE>
  ef5815:	48 8b 38             	mov    (%rax),%rdi
  ef5818:	e8 f3 5b 00 00       	call   efb410 <_ZN4talc4talc5llist9LlistNode8iter_mut17h8c2d6784e1daf838E>
  ef581d:	48 89 c7             	mov    %rax,%rdi
  ef5820:	e8 0b 58 00 00       	call   efb030 <_ZN63_$LT$I$u20$as$u20$core..iter..traits..collect..IntoIterator$GT$9into_iter17hcd1e3a7c50317b0eE>
  ef5825:	48 89 84 24 88 00 00 	mov    %rax,0x88(%rsp)
  ef582c:	00 
  ef582d:	eb 08                	jmp    ef5837 <_ZN4talc4talc13Talc$LT$O$GT$15scan_for_errors17h90b6c5f5a8701b97E+0xb7>
            assert!(self.availability_high == 0);
        }
    }
  ef582f:	48 81 c4 08 01 00 00 	add    $0x108,%rsp
  ef5836:	c3                   	ret
  ef5837:	48 8d bc 24 88 00 00 	lea    0x88(%rsp),%rdi
  ef583e:	00 
                    for node in LlistNode::iter_mut(*self.get_bin_ptr(b)) {
  ef583f:	e8 ec 5b 00 00       	call   efb430 <_ZN85_$LT$talc..talc..llist..IterMut$u20$as$u20$core..iter..traits..iterator..Iterator$GT$4next17he2db1a1b54388b9cE>
  ef5844:	48 89 84 24 90 00 00 	mov    %rax,0x90(%rsp)
  ef584b:	00 
  ef584c:	48 8b 94 24 90 00 00 	mov    0x90(%rsp),%rdx
  ef5853:	00 
  ef5854:	b8 01 00 00 00       	mov    $0x1,%eax
  ef5859:	31 c9                	xor    %ecx,%ecx
  ef585b:	48 83 fa 00          	cmp    $0x0,%rdx
  ef585f:	48 0f 44 c1          	cmove  %rcx,%rax
  ef5863:	48 a9 01 00 00 00    	test   $0x1,%rax
  ef5869:	74 31                	je     ef589c <_ZN4talc4talc13Talc$LT$O$GT$15scan_for_errors17h90b6c5f5a8701b97E+0x11c>
  ef586b:	48 8b 44 24 50       	mov    0x50(%rsp),%rax
  ef5870:	48 8b 8c 24 90 00 00 	mov    0x90(%rsp),%rcx
  ef5877:	00 
  ef5878:	48 89 4c 24 48       	mov    %rcx,0x48(%rsp)
  ef587d:	48 89 8c 24 a8 00 00 	mov    %rcx,0xa8(%rsp)
  ef5884:	00 
                        any = true;
  ef5885:	c6 84 24 87 00 00 00 	movb   $0x1,0x87(%rsp)
  ef588c:	01 
                        if b < WORD_BITS {
  ef588d:	48 83 f8 40          	cmp    $0x40,%rax
  ef5891:	0f 82 3b 01 00 00    	jb     ef59d2 <_ZN4talc4talc13Talc$LT$O$GT$15scan_for_errors17h90b6c5f5a8701b97E+0x252>
  ef5897:	e9 0f 01 00 00       	jmp    ef59ab <_ZN4talc4talc13Talc$LT$O$GT$15scan_for_errors17h90b6c5f5a8701b97E+0x22b>
                if !any {
  ef589c:	f6 84 24 87 00 00 00 	testb  $0x1,0x87(%rsp)
  ef58a3:	01 
  ef58a4:	0f 85 28 ff ff ff    	jne    ef57d2 <_ZN4talc4talc13Talc$LT$O$GT$15scan_for_errors17h90b6c5f5a8701b97E+0x52>
  ef58aa:	48 8b 44 24 50       	mov    0x50(%rsp),%rax
                    if b < WORD_BITS {
  ef58af:	48 83 f8 40          	cmp    $0x40,%rax
  ef58b3:	72 27                	jb     ef58dc <_ZN4talc4talc13Talc$LT$O$GT$15scan_for_errors17h90b6c5f5a8701b97E+0x15c>
  ef58b5:	48 8b 44 24 50       	mov    0x50(%rsp),%rax
  ef58ba:	48 8b 4c 24 58       	mov    0x58(%rsp),%rcx
                        assert!(self.availability_high & 1 << (b - WORD_BITS) == 0);
  ef58bf:	48 8b 49 18          	mov    0x18(%rcx),%rcx
  ef58c3:	48 89 4c 24 38       	mov    %rcx,0x38(%rsp)
  ef58c8:	48 89 c1             	mov    %rax,%rcx
  ef58cb:	48 83 e9 40          	sub    $0x40,%rcx
  ef58cf:	48 89 4c 24 40       	mov    %rcx,0x40(%rsp)
  ef58d4:	48 83 f8 40          	cmp    $0x40,%rax
  ef58d8:	72 2d                	jb     ef5907 <_ZN4talc4talc13Talc$LT$O$GT$15scan_for_errors17h90b6c5f5a8701b97E+0x187>
  ef58da:	eb 1e                	jmp    ef58fa <_ZN4talc4talc13Talc$LT$O$GT$15scan_for_errors17h90b6c5f5a8701b97E+0x17a>
  ef58dc:	48 8b 44 24 50       	mov    0x50(%rsp),%rax
  ef58e1:	48 8b 4c 24 58       	mov    0x58(%rsp),%rcx
                        assert!(self.availability_low & 1 << b == 0);
  ef58e6:	48 8b 49 10          	mov    0x10(%rcx),%rcx
  ef58ea:	48 89 4c 24 30       	mov    %rcx,0x30(%rsp)
  ef58ef:	48 83 f8 40          	cmp    $0x40,%rax
  ef58f3:	72 6a                	jb     ef595f <_ZN4talc4talc13Talc$LT$O$GT$15scan_for_errors17h90b6c5f5a8701b97E+0x1df>
  ef58f5:	e9 8d 00 00 00       	jmp    ef5987 <_ZN4talc4talc13Talc$LT$O$GT$15scan_for_errors17h90b6c5f5a8701b97E+0x207>
  ef58fa:	48 8b 44 24 40       	mov    0x40(%rsp),%rax
                        assert!(self.availability_high & 1 << (b - WORD_BITS) == 0);
  ef58ff:	48 83 f8 40          	cmp    $0x40,%rax
  ef5903:	72 0e                	jb     ef5913 <_ZN4talc4talc13Talc$LT$O$GT$15scan_for_errors17h90b6c5f5a8701b97E+0x193>
  ef5905:	eb 34                	jmp    ef593b <_ZN4talc4talc13Talc$LT$O$GT$15scan_for_errors17h90b6c5f5a8701b97E+0x1bb>
  ef5907:	48 c7 c7 b0 da ee 00 	mov    $0xeedab0,%rdi
  ef590e:	e8 4d 7d 00 00       	call   efd660 <_ZN4core9panicking11panic_const24panic_const_sub_overflow17h38d790166b4890c1E>
  ef5913:	48 8b 44 24 38       	mov    0x38(%rsp),%rax
  ef5918:	48 8b 4c 24 40       	mov    0x40(%rsp),%rcx
  ef591d:	48 83 e1 3f          	and    $0x3f,%rcx
  ef5921:	ba 01 00 00 00       	mov    $0x1,%edx
  ef5926:	48 d3 e2             	shl    %cl,%rdx
  ef5929:	48 89 d1             	mov    %rdx,%rcx
  ef592c:	48 21 c8             	and    %rcx,%rax
  ef592f:	48 83 f8 00          	cmp    $0x0,%rax
  ef5933:	0f 84 99 fe ff ff    	je     ef57d2 <_ZN4talc4talc13Talc$LT$O$GT$15scan_for_errors17h90b6c5f5a8701b97E+0x52>
  ef5939:	eb 0c                	jmp    ef5947 <_ZN4talc4talc13Talc$LT$O$GT$15scan_for_errors17h90b6c5f5a8701b97E+0x1c7>
  ef593b:	48 c7 c7 c8 da ee 00 	mov    $0xeedac8,%rdi
  ef5942:	e8 d9 7d 00 00       	call   efd720 <_ZN4core9panicking11panic_const24panic_const_shl_overflow17hc589e3be3ff2c970E>
  ef5947:	48 c7 c7 28 d7 ee 00 	mov    $0xeed728,%rdi
  ef594e:	48 c7 c2 e0 da ee 00 	mov    $0xeedae0,%rdx
  ef5955:	be 44 00 00 00       	mov    $0x44,%esi
  ef595a:	e8 e1 66 00 00       	call   efc040 <_ZN4core9panicking5panic17hdbca58b08003962eE>
  ef595f:	48 8b 44 24 30       	mov    0x30(%rsp),%rax
  ef5964:	48 8b 4c 24 50       	mov    0x50(%rsp),%rcx
                        assert!(self.availability_low & 1 << b == 0);
  ef5969:	48 83 e1 3f          	and    $0x3f,%rcx
  ef596d:	ba 01 00 00 00       	mov    $0x1,%edx
  ef5972:	48 d3 e2             	shl    %cl,%rdx
  ef5975:	48 89 d1             	mov    %rdx,%rcx
  ef5978:	48 21 c8             	and    %rcx,%rax
  ef597b:	48 83 f8 00          	cmp    $0x0,%rax
  ef597f:	0f 84 4d fe ff ff    	je     ef57d2 <_ZN4talc4talc13Talc$LT$O$GT$15scan_for_errors17h90b6c5f5a8701b97E+0x52>
  ef5985:	eb 0c                	jmp    ef5993 <_ZN4talc4talc13Talc$LT$O$GT$15scan_for_errors17h90b6c5f5a8701b97E+0x213>
  ef5987:	48 c7 c7 f8 da ee 00 	mov    $0xeedaf8,%rdi
  ef598e:	e8 8d 7d 00 00       	call   efd720 <_ZN4core9panicking11panic_const24panic_const_shl_overflow17hc589e3be3ff2c970E>
  ef5993:	48 c7 c7 b8 d7 ee 00 	mov    $0xeed7b8,%rdi
  ef599a:	48 c7 c2 10 db ee 00 	mov    $0xeedb10,%rdx
  ef59a1:	be 35 00 00 00       	mov    $0x35,%esi
  ef59a6:	e8 95 66 00 00       	call   efc040 <_ZN4core9panicking5panic17hdbca58b08003962eE>
  ef59ab:	48 8b 44 24 50       	mov    0x50(%rsp),%rax
  ef59b0:	48 8b 4c 24 58       	mov    0x58(%rsp),%rcx
                            assert!(self.availability_high & 1 << (b - WORD_BITS) != 0);
  ef59b5:	48 8b 49 18          	mov    0x18(%rcx),%rcx
  ef59b9:	48 89 4c 24 20       	mov    %rcx,0x20(%rsp)
  ef59be:	48 89 c1             	mov    %rax,%rcx
  ef59c1:	48 83 e9 40          	sub    $0x40,%rcx
  ef59c5:	48 89 4c 24 28       	mov    %rcx,0x28(%rsp)
  ef59ca:	48 83 f8 40          	cmp    $0x40,%rax
  ef59ce:	72 31                	jb     ef5a01 <_ZN4talc4talc13Talc$LT$O$GT$15scan_for_errors17h90b6c5f5a8701b97E+0x281>
  ef59d0:	eb 22                	jmp    ef59f4 <_ZN4talc4talc13Talc$LT$O$GT$15scan_for_errors17h90b6c5f5a8701b97E+0x274>
  ef59d2:	48 8b 44 24 50       	mov    0x50(%rsp),%rax
  ef59d7:	48 8b 4c 24 58       	mov    0x58(%rsp),%rcx
                            assert!(self.availability_low & 1 << b != 0);
  ef59dc:	48 8b 49 10          	mov    0x10(%rcx),%rcx
  ef59e0:	48 89 4c 24 18       	mov    %rcx,0x18(%rsp)
  ef59e5:	48 83 f8 40          	cmp    $0x40,%rax
  ef59e9:	0f 82 c1 00 00 00    	jb     ef5ab0 <_ZN4talc4talc13Talc$LT$O$GT$15scan_for_errors17h90b6c5f5a8701b97E+0x330>
  ef59ef:	e9 e0 00 00 00       	jmp    ef5ad4 <_ZN4talc4talc13Talc$LT$O$GT$15scan_for_errors17h90b6c5f5a8701b97E+0x354>
  ef59f4:	48 8b 44 24 28       	mov    0x28(%rsp),%rax
                            assert!(self.availability_high & 1 << (b - WORD_BITS) != 0);
  ef59f9:	48 83 f8 40          	cmp    $0x40,%rax
  ef59fd:	72 0e                	jb     ef5a0d <_ZN4talc4talc13Talc$LT$O$GT$15scan_for_errors17h90b6c5f5a8701b97E+0x28d>
  ef59ff:	eb 30                	jmp    ef5a31 <_ZN4talc4talc13Talc$LT$O$GT$15scan_for_errors17h90b6c5f5a8701b97E+0x2b1>
  ef5a01:	48 c7 c7 28 db ee 00 	mov    $0xeedb28,%rdi
  ef5a08:	e8 53 7c 00 00       	call   efd660 <_ZN4core9panicking11panic_const24panic_const_sub_overflow17h38d790166b4890c1E>
  ef5a0d:	48 8b 44 24 20       	mov    0x20(%rsp),%rax
  ef5a12:	48 8b 4c 24 28       	mov    0x28(%rsp),%rcx
  ef5a17:	48 83 e1 3f          	and    $0x3f,%rcx
  ef5a1b:	ba 01 00 00 00       	mov    $0x1,%edx
  ef5a20:	48 d3 e2             	shl    %cl,%rdx
  ef5a23:	48 89 d1             	mov    %rdx,%rcx
  ef5a26:	48 21 c8             	and    %rcx,%rax
  ef5a29:	48 83 f8 00          	cmp    $0x0,%rax
  ef5a2d:	74 0e                	je     ef5a3d <_ZN4talc4talc13Talc$LT$O$GT$15scan_for_errors17h90b6c5f5a8701b97E+0x2bd>
  ef5a2f:	eb 24                	jmp    ef5a55 <_ZN4talc4talc13Talc$LT$O$GT$15scan_for_errors17h90b6c5f5a8701b97E+0x2d5>
  ef5a31:	48 c7 c7 40 db ee 00 	mov    $0xeedb40,%rdi
  ef5a38:	e8 e3 7c 00 00       	call   efd720 <_ZN4core9panicking11panic_const24panic_const_shl_overflow17hc589e3be3ff2c970E>
  ef5a3d:	48 c7 c7 58 db ee 00 	mov    $0xeedb58,%rdi
  ef5a44:	48 c7 c2 a0 db ee 00 	mov    $0xeedba0,%rdx
  ef5a4b:	be 44 00 00 00       	mov    $0x44,%esi
  ef5a50:	e8 eb 65 00 00       	call   efc040 <_ZN4core9panicking5panic17hdbca58b08003962eE>
  ef5a55:	48 8b 7c 24 48       	mov    0x48(%rsp),%rdi
                        let base = gap_node_to_base(node);
  ef5a5a:	e8 31 25 00 00       	call   ef7f90 <_ZN4talc4talc16gap_node_to_base17hfe031ecc807de520E>
  ef5a5f:	48 89 c7             	mov    %rax,%rdi
  ef5a62:	48 89 7c 24 08       	mov    %rdi,0x8(%rsp)
  ef5a67:	48 89 bc 24 b0 00 00 	mov    %rdi,0xb0(%rsp)
  ef5a6e:	00 
                        let (acme, size) = gap_base_to_acme_size(base);
  ef5a6f:	e8 7c 26 00 00       	call   ef80f0 <_ZN4talc4talc21gap_base_to_acme_size17h728af0cdd8569b67E>
  ef5a74:	48 89 c7             	mov    %rax,%rdi
  ef5a77:	48 89 54 24 10       	mov    %rdx,0x10(%rsp)
  ef5a7c:	48 89 bc 24 b8 00 00 	mov    %rdi,0xb8(%rsp)
  ef5a83:	00 
  ef5a84:	48 89 94 24 c0 00 00 	mov    %rdx,0xc0(%rsp)
  ef5a8b:	00 
                        let low_size = gap_acme_to_size(acme).read();
  ef5a8c:	e8 6f 24 00 00       	call   ef7f00 <_ZN4talc4talc16gap_acme_to_size17h5889175b6f3702daE>
  ef5a91:	48 8b 54 24 10       	mov    0x10(%rsp),%rdx
  ef5a96:	48 89 84 24 00 01 00 	mov    %rax,0x100(%rsp)
  ef5a9d:	00 
        crate::intrinsics::read_via_copy(src)
  ef5a9e:	48 8b 00             	mov    (%rax),%rax
  ef5aa1:	48 89 84 24 c8 00 00 	mov    %rax,0xc8(%rsp)
  ef5aa8:	00 
                        assert!(low_size == size);
  ef5aa9:	48 39 d0             	cmp    %rdx,%rax
  ef5aac:	74 62                	je     ef5b10 <_ZN4talc4talc13Talc$LT$O$GT$15scan_for_errors17h90b6c5f5a8701b97E+0x390>
  ef5aae:	eb 48                	jmp    ef5af8 <_ZN4talc4talc13Talc$LT$O$GT$15scan_for_errors17h90b6c5f5a8701b97E+0x378>
  ef5ab0:	48 8b 44 24 18       	mov    0x18(%rsp),%rax
  ef5ab5:	48 8b 4c 24 50       	mov    0x50(%rsp),%rcx
                            assert!(self.availability_low & 1 << b != 0);
  ef5aba:	48 83 e1 3f          	and    $0x3f,%rcx
  ef5abe:	ba 01 00 00 00       	mov    $0x1,%edx
  ef5ac3:	48 d3 e2             	shl    %cl,%rdx
  ef5ac6:	48 89 d1             	mov    %rdx,%rcx
  ef5ac9:	48 21 c8             	and    %rcx,%rax
  ef5acc:	48 83 f8 00          	cmp    $0x0,%rax
  ef5ad0:	74 0e                	je     ef5ae0 <_ZN4talc4talc13Talc$LT$O$GT$15scan_for_errors17h90b6c5f5a8701b97E+0x360>
  ef5ad2:	eb 81                	jmp    ef5a55 <_ZN4talc4talc13Talc$LT$O$GT$15scan_for_errors17h90b6c5f5a8701b97E+0x2d5>
  ef5ad4:	48 c7 c7 b8 db ee 00 	mov    $0xeedbb8,%rdi
  ef5adb:	e8 40 7c 00 00       	call   efd720 <_ZN4core9panicking11panic_const24panic_const_shl_overflow17hc589e3be3ff2c970E>
  ef5ae0:	48 c7 c7 d0 db ee 00 	mov    $0xeedbd0,%rdi
  ef5ae7:	48 c7 c2 08 dc ee 00 	mov    $0xeedc08,%rdx
  ef5aee:	be 35 00 00 00       	mov    $0x35,%esi
  ef5af3:	e8 48 65 00 00       	call   efc040 <_ZN4core9panicking5panic17hdbca58b08003962eE>
                        assert!(low_size == size);
  ef5af8:	48 c7 c7 20 dc ee 00 	mov    $0xeedc20,%rdi
  ef5aff:	48 c7 c2 48 dc ee 00 	mov    $0xeedc48,%rdx
  ef5b06:	be 22 00 00 00       	mov    $0x22,%esi
  ef5b0b:	e8 30 65 00 00       	call   efc040 <_ZN4core9panicking5panic17hdbca58b08003962eE>
  ef5b10:	48 8b 44 24 08       	mov    0x8(%rsp),%rax
  ef5b15:	48 89 84 24 e0 00 00 	mov    %rax,0xe0(%rsp)
  ef5b1c:	00 
  ef5b1d:	48 c7 84 24 e8 00 00 	movq   $0x8,0xe8(%rsp)
  ef5b24:	00 08 00 00 00 
            self
        } else {
            // SAFETY: the caller must uphold the safety contract for `offset`.
            // Because the pointee is *not* a ZST, that means that `count` is
            // at most `isize::MAX`, and thus the negation cannot overflow.
            unsafe { intrinsics::offset(self, intrinsics::unchecked_sub(0, count as isize)) }
  ef5b29:	48 83 c0 f8          	add    $0xfffffffffffffff8,%rax
  ef5b2d:	48 89 84 24 d8 00 00 	mov    %rax,0xd8(%rsp)
  ef5b34:	00 
        }
    }
  ef5b35:	48 8b 84 24 d8 00 00 	mov    0xd8(%rsp),%rax
  ef5b3c:	00 
  ef5b3d:	48 89 84 24 f0 00 00 	mov    %rax,0xf0(%rsp)
  ef5b44:	00 
  ef5b45:	48 89 84 24 f8 00 00 	mov    %rax,0xf8(%rsp)
  ef5b4c:	00 
  ef5b4d:	48 8b 38             	mov    (%rax),%rdi
  ef5b50:	48 89 3c 24          	mov    %rdi,(%rsp)
                        let lower_tag = base.sub(TAG_SIZE).cast::<Tag>().read();
  ef5b54:	48 89 bc 24 d0 00 00 	mov    %rdi,0xd0(%rsp)
  ef5b5b:	00 
                        assert!(lower_tag.is_allocated());
  ef5b5c:	e8 7f 5a 00 00       	call   efb5e0 <_ZN4talc4talc3tag3Tag12is_allocated17hcdd013e1df481431E>
  ef5b61:	a8 01                	test   $0x1,%al
  ef5b63:	75 18                	jne    ef5b7d <_ZN4talc4talc13Talc$LT$O$GT$15scan_for_errors17h90b6c5f5a8701b97E+0x3fd>
  ef5b65:	48 c7 c7 60 dc ee 00 	mov    $0xeedc60,%rdi
  ef5b6c:	48 c7 c2 90 dc ee 00 	mov    $0xeedc90,%rdx
  ef5b73:	be 2a 00 00 00       	mov    $0x2a,%esi
  ef5b78:	e8 c3 64 00 00       	call   efc040 <_ZN4core9panicking5panic17hdbca58b08003962eE>
  ef5b7d:	48 8b 3c 24          	mov    (%rsp),%rdi
                        assert!(lower_tag.is_above_free());
  ef5b81:	e8 3a 5a 00 00       	call   efb5c0 <_ZN4talc4talc3tag3Tag13is_above_free17hcd8d0ceae9a7f4b2E>
  ef5b86:	a8 01                	test   $0x1,%al
  ef5b88:	0f 85 a9 fc ff ff    	jne    ef5837 <_ZN4talc4talc13Talc$LT$O$GT$15scan_for_errors17h90b6c5f5a8701b97E+0xb7>
  ef5b8e:	48 c7 c7 a8 dc ee 00 	mov    $0xeedca8,%rdi
  ef5b95:	48 c7 c2 d8 dc ee 00 	mov    $0xeedcd8,%rdx
  ef5b9c:	be 2b 00 00 00       	mov    $0x2b,%esi
  ef5ba1:	e8 9a 64 00 00       	call   efc040 <_ZN4core9panicking5panic17hdbca58b08003962eE>
  ef5ba6:	48 8b 44 24 58       	mov    0x58(%rsp),%rax
            assert!(self.availability_high == 0);
  ef5bab:	48 83 78 18 00       	cmpq   $0x0,0x18(%rax)
  ef5bb0:	0f 84 79 fc ff ff    	je     ef582f <_ZN4talc4talc13Talc$LT$O$GT$15scan_for_errors17h90b6c5f5a8701b97E+0xaf>
  ef5bb6:	eb 18                	jmp    ef5bd0 <_ZN4talc4talc13Talc$LT$O$GT$15scan_for_errors17h90b6c5f5a8701b97E+0x450>
            assert!(self.availability_low == 0);
  ef5bb8:	48 c7 c7 38 dd ee 00 	mov    $0xeedd38,%rdi
  ef5bbf:	48 c7 c2 68 dd ee 00 	mov    $0xeedd68,%rdx
  ef5bc6:	be 2c 00 00 00       	mov    $0x2c,%esi
  ef5bcb:	e8 70 64 00 00       	call   efc040 <_ZN4core9panicking5panic17hdbca58b08003962eE>
            assert!(self.availability_high == 0);
  ef5bd0:	48 c7 c7 f0 dc ee 00 	mov    $0xeedcf0,%rdi
  ef5bd7:	48 c7 c2 20 dd ee 00 	mov    $0xeedd20,%rdx
  ef5bde:	be 2d 00 00 00       	mov    $0x2d,%esi
  ef5be3:	e8 58 64 00 00       	call   efc040 <_ZN4core9panicking5panic17hdbca58b08003962eE>
  ef5be8:	cc                   	int3
  ef5be9:	cc                   	int3
  ef5bea:	cc                   	int3
  ef5beb:	cc                   	int3
  ef5bec:	cc                   	int3
  ef5bed:	cc                   	int3
  ef5bee:	cc                   	int3
  ef5bef:	cc                   	int3

0000000000ef5bf0 <_ZN4talc4talc13Talc$LT$O$GT$19required_chunk_size17h74483889229fa613E>:
    const fn required_chunk_size(size: usize) -> usize {
  ef5bf0:	48 83 ec 28          	sub    $0x28,%rsp
  ef5bf4:	48 89 7c 24 10       	mov    %rdi,0x10(%rsp)
  ef5bf9:	48 89 7c 24 20       	mov    %rdi,0x20(%rsp)
        if size <= MIN_CHUNK_SIZE - TAG_SIZE {
  ef5bfe:	48 83 ff 10          	cmp    $0x10,%rdi
  ef5c02:	76 15                	jbe    ef5c19 <_ZN4talc4talc13Talc$LT$O$GT$19required_chunk_size17h74483889229fa613E+0x29>
  ef5c04:	48 8b 44 24 10       	mov    0x10(%rsp),%rax
            (size + TAG_SIZE + (ALIGN - 1)) & !(ALIGN - 1)
  ef5c09:	48 83 c0 08          	add    $0x8,%rax
  ef5c0d:	48 89 44 24 08       	mov    %rax,0x8(%rsp)
  ef5c12:	0f 92 c0             	setb   %al
  ef5c15:	72 21                	jb     ef5c38 <_ZN4talc4talc13Talc$LT$O$GT$19required_chunk_size17h74483889229fa613E+0x48>
  ef5c17:	eb 0b                	jmp    ef5c24 <_ZN4talc4talc13Talc$LT$O$GT$19required_chunk_size17h74483889229fa613E+0x34>
            MIN_CHUNK_SIZE
  ef5c19:	48 c7 44 24 18 18 00 	movq   $0x18,0x18(%rsp)
  ef5c20:	00 00 
        if size <= MIN_CHUNK_SIZE - TAG_SIZE {
  ef5c22:	eb 3b                	jmp    ef5c5f <_ZN4talc4talc13Talc$LT$O$GT$19required_chunk_size17h74483889229fa613E+0x6f>
  ef5c24:	48 8b 44 24 08       	mov    0x8(%rsp),%rax
            (size + TAG_SIZE + (ALIGN - 1)) & !(ALIGN - 1)
  ef5c29:	48 83 c0 07          	add    $0x7,%rax
  ef5c2d:	48 89 04 24          	mov    %rax,(%rsp)
  ef5c31:	0f 92 c0             	setb   %al
  ef5c34:	72 1d                	jb     ef5c53 <_ZN4talc4talc13Talc$LT$O$GT$19required_chunk_size17h74483889229fa613E+0x63>
  ef5c36:	eb 0c                	jmp    ef5c44 <_ZN4talc4talc13Talc$LT$O$GT$19required_chunk_size17h74483889229fa613E+0x54>
  ef5c38:	48 c7 c7 f8 dd ee 00 	mov    $0xeeddf8,%rdi
  ef5c3f:	e8 dc 79 00 00       	call   efd620 <_ZN4core9panicking11panic_const24panic_const_add_overflow17h2e8a9d29e7403df8E>
  ef5c44:	48 8b 04 24          	mov    (%rsp),%rax
  ef5c48:	48 83 e0 f8          	and    $0xfffffffffffffff8,%rax
  ef5c4c:	48 89 44 24 18       	mov    %rax,0x18(%rsp)
        if size <= MIN_CHUNK_SIZE - TAG_SIZE {
  ef5c51:	eb 0c                	jmp    ef5c5f <_ZN4talc4talc13Talc$LT$O$GT$19required_chunk_size17h74483889229fa613E+0x6f>
            (size + TAG_SIZE + (ALIGN - 1)) & !(ALIGN - 1)
  ef5c53:	48 c7 c7 10 de ee 00 	mov    $0xeede10,%rdi
  ef5c5a:	e8 c1 79 00 00       	call   efd620 <_ZN4core9panicking11panic_const24panic_const_add_overflow17h2e8a9d29e7403df8E>
    }
  ef5c5f:	48 8b 44 24 18       	mov    0x18(%rsp),%rax
  ef5c64:	48 83 c4 28          	add    $0x28,%rsp
  ef5c68:	c3                   	ret
  ef5c69:	cc                   	int3
  ef5c6a:	cc                   	int3
  ef5c6b:	cc                   	int3
  ef5c6c:	cc                   	int3
  ef5c6d:	cc                   	int3
  ef5c6e:	cc                   	int3
  ef5c6f:	cc                   	int3

0000000000ef5c70 <_ZN4talc4talc13Talc$LT$O$GT$20get_sufficient_chunk17h719d27d7244a3d20E>:
    unsafe fn get_sufficient_chunk(
  ef5c70:	48 81 ec a8 03 00 00 	sub    $0x3a8,%rsp
  ef5c77:	48 89 b4 24 20 01 00 	mov    %rsi,0x120(%rsp)
  ef5c7e:	00 
  ef5c7f:	48 89 bc 24 08 01 00 	mov    %rdi,0x108(%rsp)
  ef5c86:	00 
  ef5c87:	48 89 bc 24 10 01 00 	mov    %rdi,0x110(%rsp)
  ef5c8e:	00 
  ef5c8f:	48 89 94 24 30 01 00 	mov    %rdx,0x130(%rsp)
  ef5c96:	00 
  ef5c97:	48 89 8c 24 38 01 00 	mov    %rcx,0x138(%rsp)
  ef5c9e:	00 
  ef5c9f:	48 89 b4 24 c8 01 00 	mov    %rsi,0x1c8(%rsp)
  ef5ca6:	00 
  ef5ca7:	48 8d bc 24 30 01 00 	lea    0x130(%rsp),%rdi
  ef5cae:	00 
        let required_chunk_size = Self::required_chunk_size(layout.size());
  ef5caf:	e8 9c 39 00 00       	call   ef9650 <_ZN4core5alloc6layout6Layout4size17h01105bc4314f51d8E>
  ef5cb4:	48 89 c7             	mov    %rax,%rdi
  ef5cb7:	e8 34 ff ff ff       	call   ef5bf0 <_ZN4talc4talc13Talc$LT$O$GT$19required_chunk_size17h74483889229fa613E>
  ef5cbc:	48 89 c7             	mov    %rax,%rdi
  ef5cbf:	48 89 bc 24 18 01 00 	mov    %rdi,0x118(%rsp)
  ef5cc6:	00 
  ef5cc7:	48 89 bc 24 d8 01 00 	mov    %rdi,0x1d8(%rsp)
  ef5cce:	00 
        let mut bin = self.next_available_bin(bin_of_size(required_chunk_size))?;
  ef5ccf:	e8 3c 1e 00 00       	call   ef7b10 <_ZN4talc4talc11bin_of_size17h8158e81d7b72e560E>
  ef5cd4:	48 8b b4 24 20 01 00 	mov    0x120(%rsp),%rsi
  ef5cdb:	00 
  ef5cdc:	48 89 84 24 28 01 00 	mov    %rax,0x128(%rsp)
  ef5ce3:	00 
  ef5ce4:	48 89 b4 24 58 03 00 	mov    %rsi,0x358(%rsp)
  ef5ceb:	00 
  ef5cec:	48 89 84 24 60 03 00 	mov    %rax,0x360(%rsp)
  ef5cf3:	00 
        if next_bin < usize::BITS as usize {
  ef5cf4:	48 83 f8 40          	cmp    $0x40,%rax
  ef5cf8:	72 12                	jb     ef5d0c <_ZN4talc4talc13Talc$LT$O$GT$20get_sufficient_chunk17h719d27d7244a3d20E+0x9c>
  ef5cfa:	48 8b 84 24 28 01 00 	mov    0x128(%rsp),%rax
  ef5d01:	00 
        } else if next_bin < BIN_COUNT {
  ef5d02:	48 3d 80 00 00 00    	cmp    $0x80,%rax
  ef5d08:	72 4d                	jb     ef5d57 <_ZN4talc4talc13Talc$LT$O$GT$20get_sufficient_chunk17h719d27d7244a3d20E+0xe7>
  ef5d0a:	eb 3a                	jmp    ef5d46 <_ZN4talc4talc13Talc$LT$O$GT$20get_sufficient_chunk17h719d27d7244a3d20E+0xd6>
  ef5d0c:	48 8b 8c 24 28 01 00 	mov    0x128(%rsp),%rcx
  ef5d13:	00 
  ef5d14:	48 8b 84 24 20 01 00 	mov    0x120(%rsp),%rax
  ef5d1b:	00 
            let shifted_avails = self.availability_low >> next_bin;
  ef5d1c:	48 8b 40 10          	mov    0x10(%rax),%rax
  ef5d20:	48 83 e1 3f          	and    $0x3f,%rcx
  ef5d24:	48 d3 e8             	shr    %cl,%rax
  ef5d27:	48 89 84 24 00 01 00 	mov    %rax,0x100(%rsp)
  ef5d2e:	00 
  ef5d2f:	48 89 84 24 70 03 00 	mov    %rax,0x370(%rsp)
  ef5d36:	00 
            if shifted_avails != 0 {
  ef5d37:	48 83 f8 00          	cmp    $0x0,%rax
  ef5d3b:	0f 84 1c 01 00 00    	je     ef5e5d <_ZN4talc4talc13Talc$LT$O$GT$20get_sufficient_chunk17h719d27d7244a3d20E+0x1ed>
  ef5d41:	e9 28 01 00 00       	jmp    ef5e6e <_ZN4talc4talc13Talc$LT$O$GT$20get_sufficient_chunk17h719d27d7244a3d20E+0x1fe>
            None
  ef5d46:	48 c7 84 24 48 03 00 	movq   $0x0,0x348(%rsp)
  ef5d4d:	00 00 00 00 00 
        } else if next_bin < BIN_COUNT {
  ef5d52:	e9 ff 01 00 00       	jmp    ef5f56 <_ZN4talc4talc13Talc$LT$O$GT$20get_sufficient_chunk17h719d27d7244a3d20E+0x2e6>
  ef5d57:	48 8b 84 24 28 01 00 	mov    0x128(%rsp),%rax
  ef5d5e:	00 
  ef5d5f:	48 8b 8c 24 20 01 00 	mov    0x120(%rsp),%rcx
  ef5d66:	00 
            let shifted_avails = self.availability_high >> (next_bin - WORD_BITS);
  ef5d67:	48 8b 49 18          	mov    0x18(%rcx),%rcx
  ef5d6b:	48 89 8c 24 f0 00 00 	mov    %rcx,0xf0(%rsp)
  ef5d72:	00 
  ef5d73:	48 89 c1             	mov    %rax,%rcx
  ef5d76:	48 83 e9 40          	sub    $0x40,%rcx
  ef5d7a:	48 89 8c 24 f8 00 00 	mov    %rcx,0xf8(%rsp)
  ef5d81:	00 
  ef5d82:	48 83 f8 40          	cmp    $0x40,%rax
  ef5d86:	72 10                	jb     ef5d98 <_ZN4talc4talc13Talc$LT$O$GT$20get_sufficient_chunk17h719d27d7244a3d20E+0x128>
  ef5d88:	48 8b 84 24 f8 00 00 	mov    0xf8(%rsp),%rax
  ef5d8f:	00 
  ef5d90:	48 83 f8 40          	cmp    $0x40,%rax
  ef5d94:	72 0e                	jb     ef5da4 <_ZN4talc4talc13Talc$LT$O$GT$20get_sufficient_chunk17h719d27d7244a3d20E+0x134>
  ef5d96:	eb 3b                	jmp    ef5dd3 <_ZN4talc4talc13Talc$LT$O$GT$20get_sufficient_chunk17h719d27d7244a3d20E+0x163>
  ef5d98:	48 c7 c7 80 dd ee 00 	mov    $0xeedd80,%rdi
  ef5d9f:	e8 bc 78 00 00       	call   efd660 <_ZN4core9panicking11panic_const24panic_const_sub_overflow17h38d790166b4890c1E>
  ef5da4:	48 8b 84 24 f0 00 00 	mov    0xf0(%rsp),%rax
  ef5dab:	00 
  ef5dac:	48 8b 8c 24 f8 00 00 	mov    0xf8(%rsp),%rcx
  ef5db3:	00 
  ef5db4:	48 83 e1 3f          	and    $0x3f,%rcx
  ef5db8:	48 d3 e8             	shr    %cl,%rax
  ef5dbb:	48 89 84 24 e8 00 00 	mov    %rax,0xe8(%rsp)
  ef5dc2:	00 
  ef5dc3:	48 89 84 24 68 03 00 	mov    %rax,0x368(%rsp)
  ef5dca:	00 
            if shifted_avails != 0 {
  ef5dcb:	48 83 f8 00          	cmp    $0x0,%rax
  ef5dcf:	74 0e                	je     ef5ddf <_ZN4talc4talc13Talc$LT$O$GT$20get_sufficient_chunk17h719d27d7244a3d20E+0x16f>
  ef5dd1:	eb 1d                	jmp    ef5df0 <_ZN4talc4talc13Talc$LT$O$GT$20get_sufficient_chunk17h719d27d7244a3d20E+0x180>
            let shifted_avails = self.availability_high >> (next_bin - WORD_BITS);
  ef5dd3:	48 c7 c7 98 dd ee 00 	mov    $0xeedd98,%rdi
  ef5dda:	e8 01 79 00 00       	call   efd6e0 <_ZN4core9panicking11panic_const24panic_const_shr_overflow17h1bbdebf690b0b97bE>
                return None;
  ef5ddf:	48 c7 84 24 48 03 00 	movq   $0x0,0x348(%rsp)
  ef5de6:	00 00 00 00 00 
    }
  ef5deb:	e9 66 01 00 00       	jmp    ef5f56 <_ZN4talc4talc13Talc$LT$O$GT$20get_sufficient_chunk17h719d27d7244a3d20E+0x2e6>
  ef5df0:	48 8b 84 24 28 01 00 	mov    0x128(%rsp),%rax
  ef5df7:	00 
  ef5df8:	48 8b 94 24 e8 00 00 	mov    0xe8(%rsp),%rdx
  ef5dff:	00 
  ef5e00:	48 89 94 24 98 03 00 	mov    %rdx,0x398(%rsp)
  ef5e07:	00 
  ef5e08:	b9 40 00 00 00       	mov    $0x40,%ecx
            return intrinsics::cttz(self);
  ef5e0d:	f3 48 0f bc ca       	tzcnt  %rdx,%rcx
  ef5e12:	89 8c 24 a4 03 00 00 	mov    %ecx,0x3a4(%rsp)
                Some(next_bin + shifted_avails.trailing_zeros() as usize)
  ef5e19:	8b 8c 24 a4 03 00 00 	mov    0x3a4(%rsp),%ecx
  ef5e20:	48 01 c8             	add    %rcx,%rax
  ef5e23:	48 89 84 24 e0 00 00 	mov    %rax,0xe0(%rsp)
  ef5e2a:	00 
  ef5e2b:	0f 92 c0             	setb   %al
  ef5e2e:	72 21                	jb     ef5e51 <_ZN4talc4talc13Talc$LT$O$GT$20get_sufficient_chunk17h719d27d7244a3d20E+0x1e1>
  ef5e30:	48 8b 84 24 e0 00 00 	mov    0xe0(%rsp),%rax
  ef5e37:	00 
  ef5e38:	48 89 84 24 50 03 00 	mov    %rax,0x350(%rsp)
  ef5e3f:	00 
  ef5e40:	48 c7 84 24 48 03 00 	movq   $0x1,0x348(%rsp)
  ef5e47:	00 01 00 00 00 
        } else if next_bin < BIN_COUNT {
  ef5e4c:	e9 05 01 00 00       	jmp    ef5f56 <_ZN4talc4talc13Talc$LT$O$GT$20get_sufficient_chunk17h719d27d7244a3d20E+0x2e6>
                Some(next_bin + shifted_avails.trailing_zeros() as usize)
  ef5e51:	48 c7 c7 b0 dd ee 00 	mov    $0xeeddb0,%rdi
  ef5e58:	e8 c3 77 00 00       	call   efd620 <_ZN4core9panicking11panic_const24panic_const_add_overflow17h2e8a9d29e7403df8E>
  ef5e5d:	48 8b 84 24 20 01 00 	mov    0x120(%rsp),%rax
  ef5e64:	00 
            } else if self.availability_high != 0 {
  ef5e65:	48 83 78 18 00       	cmpq   $0x0,0x18(%rax)
  ef5e6a:	74 48                	je     ef5eb4 <_ZN4talc4talc13Talc$LT$O$GT$20get_sufficient_chunk17h719d27d7244a3d20E+0x244>
  ef5e6c:	eb 57                	jmp    ef5ec5 <_ZN4talc4talc13Talc$LT$O$GT$20get_sufficient_chunk17h719d27d7244a3d20E+0x255>
  ef5e6e:	48 8b 84 24 28 01 00 	mov    0x128(%rsp),%rax
  ef5e75:	00 
  ef5e76:	48 8b 94 24 00 01 00 	mov    0x100(%rsp),%rdx
  ef5e7d:	00 
  ef5e7e:	48 89 94 24 78 03 00 	mov    %rdx,0x378(%rsp)
  ef5e85:	00 
  ef5e86:	b9 40 00 00 00       	mov    $0x40,%ecx
  ef5e8b:	f3 48 0f bc ca       	tzcnt  %rdx,%rcx
  ef5e90:	89 8c 24 84 03 00 00 	mov    %ecx,0x384(%rsp)
                Some(next_bin + shifted_avails.trailing_zeros() as usize)
  ef5e97:	8b 8c 24 84 03 00 00 	mov    0x384(%rsp),%ecx
  ef5e9e:	48 01 c8             	add    %rcx,%rax
  ef5ea1:	48 89 84 24 d8 00 00 	mov    %rax,0xd8(%rsp)
  ef5ea8:	00 
  ef5ea9:	0f 92 c0             	setb   %al
  ef5eac:	0f 82 98 00 00 00    	jb     ef5f4a <_ZN4talc4talc13Talc$LT$O$GT$20get_sufficient_chunk17h719d27d7244a3d20E+0x2da>
  ef5eb2:	eb 78                	jmp    ef5f2c <_ZN4talc4talc13Talc$LT$O$GT$20get_sufficient_chunk17h719d27d7244a3d20E+0x2bc>
                None
  ef5eb4:	48 c7 84 24 48 03 00 	movq   $0x0,0x348(%rsp)
  ef5ebb:	00 00 00 00 00 
            } else if self.availability_high != 0 {
  ef5ec0:	e9 91 00 00 00       	jmp    ef5f56 <_ZN4talc4talc13Talc$LT$O$GT$20get_sufficient_chunk17h719d27d7244a3d20E+0x2e6>
  ef5ec5:	48 8b 84 24 20 01 00 	mov    0x120(%rsp),%rax
  ef5ecc:	00 
                Some(self.availability_high.trailing_zeros() as usize + WORD_BITS)
  ef5ecd:	48 8b 48 18          	mov    0x18(%rax),%rcx
  ef5ed1:	48 89 8c 24 88 03 00 	mov    %rcx,0x388(%rsp)
  ef5ed8:	00 
  ef5ed9:	b8 40 00 00 00       	mov    $0x40,%eax
  ef5ede:	f3 48 0f bc c1       	tzcnt  %rcx,%rax
  ef5ee3:	89 84 24 94 03 00 00 	mov    %eax,0x394(%rsp)
  ef5eea:	8b 84 24 94 03 00 00 	mov    0x394(%rsp),%eax
  ef5ef1:	48 83 c0 40          	add    $0x40,%rax
  ef5ef5:	48 89 84 24 d0 00 00 	mov    %rax,0xd0(%rsp)
  ef5efc:	00 
  ef5efd:	0f 92 c0             	setb   %al
  ef5f00:	72 1e                	jb     ef5f20 <_ZN4talc4talc13Talc$LT$O$GT$20get_sufficient_chunk17h719d27d7244a3d20E+0x2b0>
  ef5f02:	48 8b 84 24 d0 00 00 	mov    0xd0(%rsp),%rax
  ef5f09:	00 
  ef5f0a:	48 89 84 24 50 03 00 	mov    %rax,0x350(%rsp)
  ef5f11:	00 
  ef5f12:	48 c7 84 24 48 03 00 	movq   $0x1,0x348(%rsp)
  ef5f19:	00 01 00 00 00 
            } else if self.availability_high != 0 {
  ef5f1e:	eb 36                	jmp    ef5f56 <_ZN4talc4talc13Talc$LT$O$GT$20get_sufficient_chunk17h719d27d7244a3d20E+0x2e6>
                Some(self.availability_high.trailing_zeros() as usize + WORD_BITS)
  ef5f20:	48 c7 c7 c8 dd ee 00 	mov    $0xeeddc8,%rdi
  ef5f27:	e8 f4 76 00 00       	call   efd620 <_ZN4core9panicking11panic_const24panic_const_add_overflow17h2e8a9d29e7403df8E>
  ef5f2c:	48 8b 84 24 d8 00 00 	mov    0xd8(%rsp),%rax
  ef5f33:	00 
                Some(next_bin + shifted_avails.trailing_zeros() as usize)
  ef5f34:	48 89 84 24 50 03 00 	mov    %rax,0x350(%rsp)
  ef5f3b:	00 
  ef5f3c:	48 c7 84 24 48 03 00 	movq   $0x1,0x348(%rsp)
  ef5f43:	00 01 00 00 00 
            if shifted_avails != 0 {
  ef5f48:	eb 0c                	jmp    ef5f56 <_ZN4talc4talc13Talc$LT$O$GT$20get_sufficient_chunk17h719d27d7244a3d20E+0x2e6>
                Some(next_bin + shifted_avails.trailing_zeros() as usize)
  ef5f4a:	48 c7 c7 e0 dd ee 00 	mov    $0xeedde0,%rdi
  ef5f51:	e8 ca 76 00 00       	call   efd620 <_ZN4core9panicking11panic_const24panic_const_add_overflow17h2e8a9d29e7403df8E>
    }
  ef5f56:	48 8b bc 24 48 03 00 	mov    0x348(%rsp),%rdi
  ef5f5d:	00 
  ef5f5e:	48 8b b4 24 50 03 00 	mov    0x350(%rsp),%rsi
  ef5f65:	00 
        let mut bin = self.next_available_bin(bin_of_size(required_chunk_size))?;
  ef5f66:	e8 35 22 00 00       	call   ef81a0 <_ZN75_$LT$core..option..Option$LT$T$GT$$u20$as$u20$core..ops..try_trait..Try$GT$6branch17h736be44d1cf9c7feE>
  ef5f6b:	48 89 84 24 48 01 00 	mov    %rax,0x148(%rsp)
  ef5f72:	00 
  ef5f73:	48 89 94 24 50 01 00 	mov    %rdx,0x150(%rsp)
  ef5f7a:	00 
  ef5f7b:	48 f7 84 24 48 01 00 	testq  $0x1,0x148(%rsp)
  ef5f82:	00 01 00 00 00 
  ef5f87:	74 12                	je     ef5f9b <_ZN4talc4talc13Talc$LT$O$GT$20get_sufficient_chunk17h719d27d7244a3d20E+0x32b>
  ef5f89:	48 8b bc 24 08 01 00 	mov    0x108(%rsp),%rdi
  ef5f90:	00 
  ef5f91:	e8 ca 21 00 00       	call   ef8160 <_ZN145_$LT$core..option..Option$LT$T$GT$$u20$as$u20$core..ops..try_trait..FromResidual$LT$core..option..Option$LT$core..convert..Infallible$GT$$GT$$GT$13from_residual17h84ec433ab03d0bcbE>
  ef5f96:	e9 87 04 00 00       	jmp    ef6422 <_ZN4talc4talc13Talc$LT$O$GT$20get_sufficient_chunk17h719d27d7244a3d20E+0x7b2>
  ef5f9b:	48 8b 84 24 50 01 00 	mov    0x150(%rsp),%rax
  ef5fa2:	00 
  ef5fa3:	48 89 84 24 e0 01 00 	mov    %rax,0x1e0(%rsp)
  ef5faa:	00 
  ef5fab:	48 89 84 24 40 01 00 	mov    %rax,0x140(%rsp)
  ef5fb2:	00 
  ef5fb3:	48 8d bc 24 30 01 00 	lea    0x130(%rsp),%rdi
  ef5fba:	00 
        if layout.align() <= ALIGN {
  ef5fbb:	e8 a0 36 00 00       	call   ef9660 <_ZN4core5alloc6layout6Layout5align17h89d3b60b105c598fE>
  ef5fc0:	48 83 f8 08          	cmp    $0x8,%rax
  ef5fc4:	76 24                	jbe    ef5fea <_ZN4talc4talc13Talc$LT$O$GT$20get_sufficient_chunk17h719d27d7244a3d20E+0x37a>
  ef5fc6:	48 8d bc 24 30 01 00 	lea    0x130(%rsp),%rdi
  ef5fcd:	00 
            let align_mask = layout.align() - 1;
  ef5fce:	e8 8d 36 00 00       	call   ef9660 <_ZN4core5alloc6layout6Layout5align17h89d3b60b105c598fE>
  ef5fd3:	48 89 c1             	mov    %rax,%rcx
  ef5fd6:	48 83 e9 01          	sub    $0x1,%rcx
  ef5fda:	48 89 8c 24 c8 00 00 	mov    %rcx,0xc8(%rsp)
  ef5fe1:	00 
  ef5fe2:	48 83 f8 01          	cmp    $0x1,%rax
  ef5fe6:	72 64                	jb     ef604c <_ZN4talc4talc13Talc$LT$O$GT$20get_sufficient_chunk17h719d27d7244a3d20E+0x3dc>
  ef5fe8:	eb 32                	jmp    ef601c <_ZN4talc4talc13Talc$LT$O$GT$20get_sufficient_chunk17h719d27d7244a3d20E+0x3ac>
  ef5fea:	48 8b bc 24 20 01 00 	mov    0x120(%rsp),%rdi
  ef5ff1:	00 
                for node_ptr in LlistNode::iter_mut(*self.get_bin_ptr(bin)) {
  ef5ff2:	48 8b b4 24 40 01 00 	mov    0x140(%rsp),%rsi
  ef5ff9:	00 
  ef5ffa:	e8 c1 ef ff ff       	call   ef4fc0 <_ZN4talc4talc13Talc$LT$O$GT$11get_bin_ptr17h303a89d77dcba1dfE>
  ef5fff:	48 8b 38             	mov    (%rax),%rdi
  ef6002:	e8 09 54 00 00       	call   efb410 <_ZN4talc4talc5llist9LlistNode8iter_mut17h8c2d6784e1daf838E>
  ef6007:	48 89 c7             	mov    %rax,%rdi
  ef600a:	e8 21 50 00 00       	call   efb030 <_ZN63_$LT$I$u20$as$u20$core..iter..traits..collect..IntoIterator$GT$9into_iter17hcd1e3a7c50317b0eE>
  ef600f:	48 89 84 24 58 01 00 	mov    %rax,0x158(%rsp)
  ef6016:	00 
  ef6017:	e9 1a 05 00 00       	jmp    ef6536 <_ZN4talc4talc13Talc$LT$O$GT$20get_sufficient_chunk17h719d27d7244a3d20E+0x8c6>
  ef601c:	48 8b 84 24 c8 00 00 	mov    0xc8(%rsp),%rax
  ef6023:	00 
            let align_mask = layout.align() - 1;
  ef6024:	48 89 84 24 e8 01 00 	mov    %rax,0x1e8(%rsp)
  ef602b:	00 
  ef602c:	48 8d bc 24 30 01 00 	lea    0x130(%rsp),%rdi
  ef6033:	00 
            let required_size = layout.size() + TAG_SIZE;
  ef6034:	e8 17 36 00 00       	call   ef9650 <_ZN4core5alloc6layout6Layout4size17h01105bc4314f51d8E>
  ef6039:	48 83 c0 08          	add    $0x8,%rax
  ef603d:	48 89 84 24 c0 00 00 	mov    %rax,0xc0(%rsp)
  ef6044:	00 
  ef6045:	0f 92 c0             	setb   %al
  ef6048:	72 20                	jb     ef606a <_ZN4talc4talc13Talc$LT$O$GT$20get_sufficient_chunk17h719d27d7244a3d20E+0x3fa>
  ef604a:	eb 0c                	jmp    ef6058 <_ZN4talc4talc13Talc$LT$O$GT$20get_sufficient_chunk17h719d27d7244a3d20E+0x3e8>
            let align_mask = layout.align() - 1;
  ef604c:	48 c7 c7 28 de ee 00 	mov    $0xeede28,%rdi
  ef6053:	e8 08 76 00 00       	call   efd660 <_ZN4core9panicking11panic_const24panic_const_sub_overflow17h38d790166b4890c1E>
  ef6058:	48 8b 84 24 c0 00 00 	mov    0xc0(%rsp),%rax
  ef605f:	00 
            let required_size = layout.size() + TAG_SIZE;
  ef6060:	48 89 84 24 f0 01 00 	mov    %rax,0x1f0(%rsp)
  ef6067:	00 
            loop {
  ef6068:	eb 0c                	jmp    ef6076 <_ZN4talc4talc13Talc$LT$O$GT$20get_sufficient_chunk17h719d27d7244a3d20E+0x406>
            let required_size = layout.size() + TAG_SIZE;
  ef606a:	48 c7 c7 40 de ee 00 	mov    $0xeede40,%rdi
  ef6071:	e8 aa 75 00 00       	call   efd620 <_ZN4core9panicking11panic_const24panic_const_add_overflow17h2e8a9d29e7403df8E>
  ef6076:	48 8b bc 24 20 01 00 	mov    0x120(%rsp),%rdi
  ef607d:	00 
                for node_ptr in LlistNode::iter_mut(*self.get_bin_ptr(bin)) {
  ef607e:	48 8b b4 24 40 01 00 	mov    0x140(%rsp),%rsi
  ef6085:	00 
  ef6086:	e8 35 ef ff ff       	call   ef4fc0 <_ZN4talc4talc13Talc$LT$O$GT$11get_bin_ptr17h303a89d77dcba1dfE>
  ef608b:	48 8b 38             	mov    (%rax),%rdi
  ef608e:	e8 7d 53 00 00       	call   efb410 <_ZN4talc4talc5llist9LlistNode8iter_mut17h8c2d6784e1daf838E>
  ef6093:	48 89 c7             	mov    %rax,%rdi
  ef6096:	e8 95 4f 00 00       	call   efb030 <_ZN63_$LT$I$u20$as$u20$core..iter..traits..collect..IntoIterator$GT$9into_iter17hcd1e3a7c50317b0eE>
  ef609b:	48 89 84 24 90 01 00 	mov    %rax,0x190(%rsp)
  ef60a2:	00 
  ef60a3:	48 8d bc 24 90 01 00 	lea    0x190(%rsp),%rdi
  ef60aa:	00 
  ef60ab:	e8 80 53 00 00       	call   efb430 <_ZN85_$LT$talc..talc..llist..IterMut$u20$as$u20$core..iter..traits..iterator..Iterator$GT$4next17he2db1a1b54388b9cE>
  ef60b0:	48 89 84 24 98 01 00 	mov    %rax,0x198(%rsp)
  ef60b7:	00 
  ef60b8:	48 8b 94 24 98 01 00 	mov    0x198(%rsp),%rdx
  ef60bf:	00 
  ef60c0:	b8 01 00 00 00       	mov    $0x1,%eax
  ef60c5:	31 c9                	xor    %ecx,%ecx
  ef60c7:	48 83 fa 00          	cmp    $0x0,%rdx
  ef60cb:	48 0f 44 c1          	cmove  %rcx,%rax
  ef60cf:	48 a9 01 00 00 00    	test   $0x1,%rax
  ef60d5:	74 4b                	je     ef6122 <_ZN4talc4talc13Talc$LT$O$GT$20get_sufficient_chunk17h719d27d7244a3d20E+0x4b2>
  ef60d7:	48 8b bc 24 98 01 00 	mov    0x198(%rsp),%rdi
  ef60de:	00 
  ef60df:	48 89 bc 24 b0 00 00 	mov    %rdi,0xb0(%rsp)
  ef60e6:	00 
  ef60e7:	48 89 bc 24 00 02 00 	mov    %rdi,0x200(%rsp)
  ef60ee:	00 
                    let size = gap_node_to_size(node_ptr).read();
  ef60ef:	e8 dc 1e 00 00       	call   ef7fd0 <_ZN4talc4talc16gap_node_to_size17h05b93c647d50c7feE>
  ef60f4:	48 8b 8c 24 18 01 00 	mov    0x118(%rsp),%rcx
  ef60fb:	00 
  ef60fc:	48 89 84 24 80 02 00 	mov    %rax,0x280(%rsp)
  ef6103:	00 
  ef6104:	48 8b 00             	mov    (%rax),%rax
  ef6107:	48 89 84 24 b8 00 00 	mov    %rax,0xb8(%rsp)
  ef610e:	00 
  ef610f:	48 89 84 24 08 02 00 	mov    %rax,0x208(%rsp)
  ef6116:	00 
                    if size >= required_chunk_size {
  ef6117:	48 39 c8             	cmp    %rcx,%rax
  ef611a:	0f 83 12 03 00 00    	jae    ef6432 <_ZN4talc4talc13Talc$LT$O$GT$20get_sufficient_chunk17h719d27d7244a3d20E+0x7c2>
  ef6120:	eb 81                	jmp    ef60a3 <_ZN4talc4talc13Talc$LT$O$GT$20get_sufficient_chunk17h719d27d7244a3d20E+0x433>
                bin = self.next_available_bin(bin + 1)?;
  ef6122:	48 8b 84 24 40 01 00 	mov    0x140(%rsp),%rax
  ef6129:	00 
  ef612a:	48 83 c0 01          	add    $0x1,%rax
  ef612e:	48 89 84 24 a8 00 00 	mov    %rax,0xa8(%rsp)
  ef6135:	00 
  ef6136:	0f 92 c0             	setb   %al
  ef6139:	0f 82 ab 02 00 00    	jb     ef63ea <_ZN4talc4talc13Talc$LT$O$GT$20get_sufficient_chunk17h719d27d7244a3d20E+0x77a>
  ef613f:	48 8b 84 24 a8 00 00 	mov    0xa8(%rsp),%rax
  ef6146:	00 
  ef6147:	48 8b 8c 24 20 01 00 	mov    0x120(%rsp),%rcx
  ef614e:	00 
  ef614f:	48 89 8c 24 f8 02 00 	mov    %rcx,0x2f8(%rsp)
  ef6156:	00 
  ef6157:	48 89 84 24 00 03 00 	mov    %rax,0x300(%rsp)
  ef615e:	00 
        if next_bin < usize::BITS as usize {
  ef615f:	48 83 f8 40          	cmp    $0x40,%rax
  ef6163:	72 12                	jb     ef6177 <_ZN4talc4talc13Talc$LT$O$GT$20get_sufficient_chunk17h719d27d7244a3d20E+0x507>
  ef6165:	48 8b 84 24 a8 00 00 	mov    0xa8(%rsp),%rax
  ef616c:	00 
        } else if next_bin < BIN_COUNT {
  ef616d:	48 3d 80 00 00 00    	cmp    $0x80,%rax
  ef6173:	72 4d                	jb     ef61c2 <_ZN4talc4talc13Talc$LT$O$GT$20get_sufficient_chunk17h719d27d7244a3d20E+0x552>
  ef6175:	eb 3a                	jmp    ef61b1 <_ZN4talc4talc13Talc$LT$O$GT$20get_sufficient_chunk17h719d27d7244a3d20E+0x541>
  ef6177:	48 8b 8c 24 a8 00 00 	mov    0xa8(%rsp),%rcx
  ef617e:	00 
  ef617f:	48 8b 84 24 20 01 00 	mov    0x120(%rsp),%rax
  ef6186:	00 
            let shifted_avails = self.availability_low >> next_bin;
  ef6187:	48 8b 40 10          	mov    0x10(%rax),%rax
  ef618b:	48 83 e1 3f          	and    $0x3f,%rcx
  ef618f:	48 d3 e8             	shr    %cl,%rax
  ef6192:	48 89 84 24 a0 00 00 	mov    %rax,0xa0(%rsp)
  ef6199:	00 
  ef619a:	48 89 84 24 10 03 00 	mov    %rax,0x310(%rsp)
  ef61a1:	00 
            if shifted_avails != 0 {
  ef61a2:	48 83 f8 00          	cmp    $0x0,%rax
  ef61a6:	0f 84 1c 01 00 00    	je     ef62c8 <_ZN4talc4talc13Talc$LT$O$GT$20get_sufficient_chunk17h719d27d7244a3d20E+0x658>
  ef61ac:	e9 28 01 00 00       	jmp    ef62d9 <_ZN4talc4talc13Talc$LT$O$GT$20get_sufficient_chunk17h719d27d7244a3d20E+0x669>
            None
  ef61b1:	48 c7 84 24 e8 02 00 	movq   $0x0,0x2e8(%rsp)
  ef61b8:	00 00 00 00 00 
        } else if next_bin < BIN_COUNT {
  ef61bd:	e9 f3 01 00 00       	jmp    ef63b5 <_ZN4talc4talc13Talc$LT$O$GT$20get_sufficient_chunk17h719d27d7244a3d20E+0x745>
  ef61c2:	48 8b 84 24 a8 00 00 	mov    0xa8(%rsp),%rax
  ef61c9:	00 
  ef61ca:	48 8b 8c 24 20 01 00 	mov    0x120(%rsp),%rcx
  ef61d1:	00 
            let shifted_avails = self.availability_high >> (next_bin - WORD_BITS);
  ef61d2:	48 8b 49 18          	mov    0x18(%rcx),%rcx
  ef61d6:	48 89 8c 24 90 00 00 	mov    %rcx,0x90(%rsp)
  ef61dd:	00 
  ef61de:	48 89 c1             	mov    %rax,%rcx
  ef61e1:	48 83 e9 40          	sub    $0x40,%rcx
  ef61e5:	48 89 8c 24 98 00 00 	mov    %rcx,0x98(%rsp)
  ef61ec:	00 
  ef61ed:	48 83 f8 40          	cmp    $0x40,%rax
  ef61f1:	72 10                	jb     ef6203 <_ZN4talc4talc13Talc$LT$O$GT$20get_sufficient_chunk17h719d27d7244a3d20E+0x593>
  ef61f3:	48 8b 84 24 98 00 00 	mov    0x98(%rsp),%rax
  ef61fa:	00 
  ef61fb:	48 83 f8 40          	cmp    $0x40,%rax
  ef61ff:	72 0e                	jb     ef620f <_ZN4talc4talc13Talc$LT$O$GT$20get_sufficient_chunk17h719d27d7244a3d20E+0x59f>
  ef6201:	eb 3b                	jmp    ef623e <_ZN4talc4talc13Talc$LT$O$GT$20get_sufficient_chunk17h719d27d7244a3d20E+0x5ce>
  ef6203:	48 c7 c7 80 dd ee 00 	mov    $0xeedd80,%rdi
  ef620a:	e8 51 74 00 00       	call   efd660 <_ZN4core9panicking11panic_const24panic_const_sub_overflow17h38d790166b4890c1E>
  ef620f:	48 8b 84 24 90 00 00 	mov    0x90(%rsp),%rax
  ef6216:	00 
  ef6217:	48 8b 8c 24 98 00 00 	mov    0x98(%rsp),%rcx
  ef621e:	00 
  ef621f:	48 83 e1 3f          	and    $0x3f,%rcx
  ef6223:	48 d3 e8             	shr    %cl,%rax
  ef6226:	48 89 84 24 88 00 00 	mov    %rax,0x88(%rsp)
  ef622d:	00 
  ef622e:	48 89 84 24 08 03 00 	mov    %rax,0x308(%rsp)
  ef6235:	00 
            if shifted_avails != 0 {
  ef6236:	48 83 f8 00          	cmp    $0x0,%rax
  ef623a:	74 0e                	je     ef624a <_ZN4talc4talc13Talc$LT$O$GT$20get_sufficient_chunk17h719d27d7244a3d20E+0x5da>
  ef623c:	eb 1d                	jmp    ef625b <_ZN4talc4talc13Talc$LT$O$GT$20get_sufficient_chunk17h719d27d7244a3d20E+0x5eb>
            let shifted_avails = self.availability_high >> (next_bin - WORD_BITS);
  ef623e:	48 c7 c7 98 dd ee 00 	mov    $0xeedd98,%rdi
  ef6245:	e8 96 74 00 00       	call   efd6e0 <_ZN4core9panicking11panic_const24panic_const_shr_overflow17h1bbdebf690b0b97bE>
                return None;
  ef624a:	48 c7 84 24 e8 02 00 	movq   $0x0,0x2e8(%rsp)
  ef6251:	00 00 00 00 00 
    }
  ef6256:	e9 5a 01 00 00       	jmp    ef63b5 <_ZN4talc4talc13Talc$LT$O$GT$20get_sufficient_chunk17h719d27d7244a3d20E+0x745>
  ef625b:	48 8b 84 24 a8 00 00 	mov    0xa8(%rsp),%rax
  ef6262:	00 
  ef6263:	48 8b 94 24 88 00 00 	mov    0x88(%rsp),%rdx
  ef626a:	00 
  ef626b:	48 89 94 24 38 03 00 	mov    %rdx,0x338(%rsp)
  ef6272:	00 
  ef6273:	b9 40 00 00 00       	mov    $0x40,%ecx
  ef6278:	f3 48 0f bc ca       	tzcnt  %rdx,%rcx
  ef627d:	89 8c 24 44 03 00 00 	mov    %ecx,0x344(%rsp)
                Some(next_bin + shifted_avails.trailing_zeros() as usize)
  ef6284:	8b 8c 24 44 03 00 00 	mov    0x344(%rsp),%ecx
  ef628b:	48 01 c8             	add    %rcx,%rax
  ef628e:	48 89 84 24 80 00 00 	mov    %rax,0x80(%rsp)
  ef6295:	00 
  ef6296:	0f 92 c0             	setb   %al
  ef6299:	72 21                	jb     ef62bc <_ZN4talc4talc13Talc$LT$O$GT$20get_sufficient_chunk17h719d27d7244a3d20E+0x64c>
  ef629b:	48 8b 84 24 80 00 00 	mov    0x80(%rsp),%rax
  ef62a2:	00 
  ef62a3:	48 89 84 24 f0 02 00 	mov    %rax,0x2f0(%rsp)
  ef62aa:	00 
  ef62ab:	48 c7 84 24 e8 02 00 	movq   $0x1,0x2e8(%rsp)
  ef62b2:	00 01 00 00 00 
        } else if next_bin < BIN_COUNT {
  ef62b7:	e9 f9 00 00 00       	jmp    ef63b5 <_ZN4talc4talc13Talc$LT$O$GT$20get_sufficient_chunk17h719d27d7244a3d20E+0x745>
                Some(next_bin + shifted_avails.trailing_zeros() as usize)
  ef62bc:	48 c7 c7 b0 dd ee 00 	mov    $0xeeddb0,%rdi
  ef62c3:	e8 58 73 00 00       	call   efd620 <_ZN4core9panicking11panic_const24panic_const_add_overflow17h2e8a9d29e7403df8E>
  ef62c8:	48 8b 84 24 20 01 00 	mov    0x120(%rsp),%rax
  ef62cf:	00 
            } else if self.availability_high != 0 {
  ef62d0:	48 83 78 18 00       	cmpq   $0x0,0x18(%rax)
  ef62d5:	74 45                	je     ef631c <_ZN4talc4talc13Talc$LT$O$GT$20get_sufficient_chunk17h719d27d7244a3d20E+0x6ac>
  ef62d7:	eb 54                	jmp    ef632d <_ZN4talc4talc13Talc$LT$O$GT$20get_sufficient_chunk17h719d27d7244a3d20E+0x6bd>
  ef62d9:	48 8b 84 24 a8 00 00 	mov    0xa8(%rsp),%rax
  ef62e0:	00 
  ef62e1:	48 8b 94 24 a0 00 00 	mov    0xa0(%rsp),%rdx
  ef62e8:	00 
  ef62e9:	48 89 94 24 18 03 00 	mov    %rdx,0x318(%rsp)
  ef62f0:	00 
  ef62f1:	b9 40 00 00 00       	mov    $0x40,%ecx
  ef62f6:	f3 48 0f bc ca       	tzcnt  %rdx,%rcx
  ef62fb:	89 8c 24 24 03 00 00 	mov    %ecx,0x324(%rsp)
                Some(next_bin + shifted_avails.trailing_zeros() as usize)
  ef6302:	8b 8c 24 24 03 00 00 	mov    0x324(%rsp),%ecx
  ef6309:	48 01 c8             	add    %rcx,%rax
  ef630c:	48 89 44 24 78       	mov    %rax,0x78(%rsp)
  ef6311:	0f 92 c0             	setb   %al
  ef6314:	0f 82 8f 00 00 00    	jb     ef63a9 <_ZN4talc4talc13Talc$LT$O$GT$20get_sufficient_chunk17h719d27d7244a3d20E+0x739>
  ef631a:	eb 72                	jmp    ef638e <_ZN4talc4talc13Talc$LT$O$GT$20get_sufficient_chunk17h719d27d7244a3d20E+0x71e>
                None
  ef631c:	48 c7 84 24 e8 02 00 	movq   $0x0,0x2e8(%rsp)
  ef6323:	00 00 00 00 00 
            } else if self.availability_high != 0 {
  ef6328:	e9 88 00 00 00       	jmp    ef63b5 <_ZN4talc4talc13Talc$LT$O$GT$20get_sufficient_chunk17h719d27d7244a3d20E+0x745>
  ef632d:	48 8b 84 24 20 01 00 	mov    0x120(%rsp),%rax
  ef6334:	00 
                Some(self.availability_high.trailing_zeros() as usize + WORD_BITS)
  ef6335:	48 8b 48 18          	mov    0x18(%rax),%rcx
  ef6339:	48 89 8c 24 28 03 00 	mov    %rcx,0x328(%rsp)
  ef6340:	00 
  ef6341:	b8 40 00 00 00       	mov    $0x40,%eax
  ef6346:	f3 48 0f bc c1       	tzcnt  %rcx,%rax
  ef634b:	89 84 24 34 03 00 00 	mov    %eax,0x334(%rsp)
  ef6352:	8b 84 24 34 03 00 00 	mov    0x334(%rsp),%eax
  ef6359:	48 83 c0 40          	add    $0x40,%rax
  ef635d:	48 89 44 24 70       	mov    %rax,0x70(%rsp)
  ef6362:	0f 92 c0             	setb   %al
  ef6365:	72 1b                	jb     ef6382 <_ZN4talc4talc13Talc$LT$O$GT$20get_sufficient_chunk17h719d27d7244a3d20E+0x712>
  ef6367:	48 8b 44 24 70       	mov    0x70(%rsp),%rax
  ef636c:	48 89 84 24 f0 02 00 	mov    %rax,0x2f0(%rsp)
  ef6373:	00 
  ef6374:	48 c7 84 24 e8 02 00 	movq   $0x1,0x2e8(%rsp)
  ef637b:	00 01 00 00 00 
            } else if self.availability_high != 0 {
  ef6380:	eb 33                	jmp    ef63b5 <_ZN4talc4talc13Talc$LT$O$GT$20get_sufficient_chunk17h719d27d7244a3d20E+0x745>
                Some(self.availability_high.trailing_zeros() as usize + WORD_BITS)
  ef6382:	48 c7 c7 c8 dd ee 00 	mov    $0xeeddc8,%rdi
  ef6389:	e8 92 72 00 00       	call   efd620 <_ZN4core9panicking11panic_const24panic_const_add_overflow17h2e8a9d29e7403df8E>
  ef638e:	48 8b 44 24 78       	mov    0x78(%rsp),%rax
                Some(next_bin + shifted_avails.trailing_zeros() as usize)
  ef6393:	48 89 84 24 f0 02 00 	mov    %rax,0x2f0(%rsp)
  ef639a:	00 
  ef639b:	48 c7 84 24 e8 02 00 	movq   $0x1,0x2e8(%rsp)
  ef63a2:	00 01 00 00 00 
            if shifted_avails != 0 {
  ef63a7:	eb 0c                	jmp    ef63b5 <_ZN4talc4talc13Talc$LT$O$GT$20get_sufficient_chunk17h719d27d7244a3d20E+0x745>
                Some(next_bin + shifted_avails.trailing_zeros() as usize)
  ef63a9:	48 c7 c7 e0 dd ee 00 	mov    $0xeedde0,%rdi
  ef63b0:	e8 6b 72 00 00       	call   efd620 <_ZN4core9panicking11panic_const24panic_const_add_overflow17h2e8a9d29e7403df8E>
    }
  ef63b5:	48 8b bc 24 e8 02 00 	mov    0x2e8(%rsp),%rdi
  ef63bc:	00 
  ef63bd:	48 8b b4 24 f0 02 00 	mov    0x2f0(%rsp),%rsi
  ef63c4:	00 
                bin = self.next_available_bin(bin + 1)?;
  ef63c5:	e8 d6 1d 00 00       	call   ef81a0 <_ZN75_$LT$core..option..Option$LT$T$GT$$u20$as$u20$core..ops..try_trait..Try$GT$6branch17h736be44d1cf9c7feE>
  ef63ca:	48 89 84 24 b8 01 00 	mov    %rax,0x1b8(%rsp)
  ef63d1:	00 
  ef63d2:	48 89 94 24 c0 01 00 	mov    %rdx,0x1c0(%rsp)
  ef63d9:	00 
  ef63da:	48 f7 84 24 b8 01 00 	testq  $0x1,0x1b8(%rsp)
  ef63e1:	00 01 00 00 00 
  ef63e6:	75 0e                	jne    ef63f6 <_ZN4talc4talc13Talc$LT$O$GT$20get_sufficient_chunk17h719d27d7244a3d20E+0x786>
  ef63e8:	eb 1b                	jmp    ef6405 <_ZN4talc4talc13Talc$LT$O$GT$20get_sufficient_chunk17h719d27d7244a3d20E+0x795>
  ef63ea:	48 c7 c7 58 de ee 00 	mov    $0xeede58,%rdi
  ef63f1:	e8 2a 72 00 00       	call   efd620 <_ZN4core9panicking11panic_const24panic_const_add_overflow17h2e8a9d29e7403df8E>
  ef63f6:	48 8b bc 24 08 01 00 	mov    0x108(%rsp),%rdi
  ef63fd:	00 
  ef63fe:	e8 5d 1d 00 00       	call   ef8160 <_ZN145_$LT$core..option..Option$LT$T$GT$$u20$as$u20$core..ops..try_trait..FromResidual$LT$core..option..Option$LT$core..convert..Infallible$GT$$GT$$GT$13from_residual17h84ec433ab03d0bcbE>
  ef6403:	eb 1d                	jmp    ef6422 <_ZN4talc4talc13Talc$LT$O$GT$20get_sufficient_chunk17h719d27d7244a3d20E+0x7b2>
  ef6405:	48 8b 84 24 c0 01 00 	mov    0x1c0(%rsp),%rax
  ef640c:	00 
  ef640d:	48 89 84 24 f8 01 00 	mov    %rax,0x1f8(%rsp)
  ef6414:	00 
  ef6415:	48 89 84 24 40 01 00 	mov    %rax,0x140(%rsp)
  ef641c:	00 
            loop {
  ef641d:	e9 54 fc ff ff       	jmp    ef6076 <_ZN4talc4talc13Talc$LT$O$GT$20get_sufficient_chunk17h719d27d7244a3d20E+0x406>
  ef6422:	48 8b 84 24 10 01 00 	mov    0x110(%rsp),%rax
  ef6429:	00 
    }
  ef642a:	48 81 c4 a8 03 00 00 	add    $0x3a8,%rsp
  ef6431:	c3                   	ret
  ef6432:	48 8b bc 24 b0 00 00 	mov    0xb0(%rsp),%rdi
  ef6439:	00 
                        let base = gap_node_to_base(node_ptr);
  ef643a:	e8 51 1b 00 00       	call   ef7f90 <_ZN4talc4talc16gap_node_to_base17hfe031ecc807de520E>
  ef643f:	48 8b 8c 24 b8 00 00 	mov    0xb8(%rsp),%rcx
  ef6446:	00 
  ef6447:	48 8b b4 24 c8 00 00 	mov    0xc8(%rsp),%rsi
  ef644e:	00 
  ef644f:	48 89 c7             	mov    %rax,%rdi
  ef6452:	48 89 7c 24 58       	mov    %rdi,0x58(%rsp)
  ef6457:	48 89 bc 24 10 02 00 	mov    %rdi,0x210(%rsp)
  ef645e:	00 
  ef645f:	48 89 bc 24 68 02 00 	mov    %rdi,0x268(%rsp)
  ef6466:	00 
  ef6467:	48 89 8c 24 70 02 00 	mov    %rcx,0x270(%rsp)
  ef646e:	00 
        unsafe { intrinsics::offset(self, count) }
  ef646f:	48 89 f8             	mov    %rdi,%rax
  ef6472:	48 01 c8             	add    %rcx,%rax
  ef6475:	48 89 44 24 60       	mov    %rax,0x60(%rsp)
                        let acme = base.add(size);
  ef647a:	48 89 84 24 18 02 00 	mov    %rax,0x218(%rsp)
  ef6481:	00 
                        let aligned_ptr = align_up_by(base, align_mask);
  ef6482:	e8 69 1d 00 00       	call   ef81f0 <_ZN4talc9ptr_utils11align_up_by17hcc1c08f6d5d7f879E>
  ef6487:	48 8b 94 24 c0 00 00 	mov    0xc0(%rsp),%rdx
  ef648e:	00 
  ef648f:	48 8b 4c 24 60       	mov    0x60(%rsp),%rcx
  ef6494:	48 89 44 24 68       	mov    %rax,0x68(%rsp)
  ef6499:	48 89 84 24 20 02 00 	mov    %rax,0x220(%rsp)
  ef64a0:	00 
  ef64a1:	48 89 84 24 58 02 00 	mov    %rax,0x258(%rsp)
  ef64a8:	00 
  ef64a9:	48 89 94 24 60 02 00 	mov    %rdx,0x260(%rsp)
  ef64b0:	00 
  ef64b1:	48 01 d0             	add    %rdx,%rax
                        if aligned_ptr.add(required_size) <= acme {
  ef64b4:	48 39 c8             	cmp    %rcx,%rax
  ef64b7:	0f 87 e6 fb ff ff    	ja     ef60a3 <_ZN4talc4talc13Talc$LT$O$GT$20get_sufficient_chunk17h719d27d7244a3d20E+0x433>
  ef64bd:	48 8b 74 24 58       	mov    0x58(%rsp),%rsi
  ef64c2:	48 8b bc 24 20 01 00 	mov    0x120(%rsp),%rdi
  ef64c9:	00 
                            self.deregister_gap(base, bin);
  ef64ca:	48 8b 94 24 40 01 00 	mov    0x140(%rsp),%rdx
  ef64d1:	00 
  ef64d2:	e8 09 f2 ff ff       	call   ef56e0 <_ZN4talc4talc13Talc$LT$O$GT$14deregister_gap17h592672fcf8b01821E>
  ef64d7:	48 8b 74 24 58       	mov    0x58(%rsp),%rsi
  ef64dc:	48 8b 54 24 60       	mov    0x60(%rsp),%rdx
  ef64e1:	48 8b 4c 24 68       	mov    0x68(%rsp),%rcx
  ef64e6:	48 8b 84 24 08 01 00 	mov    0x108(%rsp),%rax
  ef64ed:	00 
                            return Some((base, acme, aligned_ptr));
  ef64ee:	48 89 b4 24 a0 01 00 	mov    %rsi,0x1a0(%rsp)
  ef64f5:	00 
  ef64f6:	48 89 94 24 a8 01 00 	mov    %rdx,0x1a8(%rsp)
  ef64fd:	00 
  ef64fe:	48 89 8c 24 b0 01 00 	mov    %rcx,0x1b0(%rsp)
  ef6505:	00 
  ef6506:	48 8b 8c 24 a0 01 00 	mov    0x1a0(%rsp),%rcx
  ef650d:	00 
  ef650e:	48 89 48 08          	mov    %rcx,0x8(%rax)
  ef6512:	48 8b 8c 24 a8 01 00 	mov    0x1a8(%rsp),%rcx
  ef6519:	00 
  ef651a:	48 89 48 10          	mov    %rcx,0x10(%rax)
  ef651e:	48 8b 8c 24 b0 01 00 	mov    0x1b0(%rsp),%rcx
  ef6525:	00 
  ef6526:	48 89 48 18          	mov    %rcx,0x18(%rax)
  ef652a:	48 c7 00 01 00 00 00 	movq   $0x1,(%rax)
  ef6531:	e9 ec fe ff ff       	jmp    ef6422 <_ZN4talc4talc13Talc$LT$O$GT$20get_sufficient_chunk17h719d27d7244a3d20E+0x7b2>
  ef6536:	48 8d bc 24 58 01 00 	lea    0x158(%rsp),%rdi
  ef653d:	00 
                for node_ptr in LlistNode::iter_mut(*self.get_bin_ptr(bin)) {
  ef653e:	e8 ed 4e 00 00       	call   efb430 <_ZN85_$LT$talc..talc..llist..IterMut$u20$as$u20$core..iter..traits..iterator..Iterator$GT$4next17he2db1a1b54388b9cE>
  ef6543:	48 89 84 24 60 01 00 	mov    %rax,0x160(%rsp)
  ef654a:	00 
  ef654b:	48 8b 94 24 60 01 00 	mov    0x160(%rsp),%rdx
  ef6552:	00 
  ef6553:	b8 01 00 00 00       	mov    $0x1,%eax
  ef6558:	31 c9                	xor    %ecx,%ecx
  ef655a:	48 83 fa 00          	cmp    $0x0,%rdx
  ef655e:	48 0f 44 c1          	cmove  %rcx,%rax
  ef6562:	48 a9 01 00 00 00    	test   $0x1,%rax
  ef6568:	74 45                	je     ef65af <_ZN4talc4talc13Talc$LT$O$GT$20get_sufficient_chunk17h719d27d7244a3d20E+0x93f>
  ef656a:	48 8b bc 24 60 01 00 	mov    0x160(%rsp),%rdi
  ef6571:	00 
  ef6572:	48 89 7c 24 48       	mov    %rdi,0x48(%rsp)
  ef6577:	48 89 bc 24 30 02 00 	mov    %rdi,0x230(%rsp)
  ef657e:	00 
                    let size = gap_node_to_size(node_ptr).read();
  ef657f:	e8 4c 1a 00 00       	call   ef7fd0 <_ZN4talc4talc16gap_node_to_size17h05b93c647d50c7feE>
  ef6584:	48 8b 8c 24 18 01 00 	mov    0x118(%rsp),%rcx
  ef658b:	00 
  ef658c:	48 89 84 24 78 02 00 	mov    %rax,0x278(%rsp)
  ef6593:	00 
  ef6594:	48 8b 00             	mov    (%rax),%rax
  ef6597:	48 89 44 24 50       	mov    %rax,0x50(%rsp)
  ef659c:	48 89 84 24 38 02 00 	mov    %rax,0x238(%rsp)
  ef65a3:	00 
                    if size >= required_chunk_size {
  ef65a4:	48 39 c8             	cmp    %rcx,%rax
  ef65a7:	0f 83 cf 02 00 00    	jae    ef687c <_ZN4talc4talc13Talc$LT$O$GT$20get_sufficient_chunk17h719d27d7244a3d20E+0xc0c>
  ef65ad:	eb 87                	jmp    ef6536 <_ZN4talc4talc13Talc$LT$O$GT$20get_sufficient_chunk17h719d27d7244a3d20E+0x8c6>
                bin = self.next_available_bin(bin + 1)?;
  ef65af:	48 8b 84 24 40 01 00 	mov    0x140(%rsp),%rax
  ef65b6:	00 
  ef65b7:	48 83 c0 01          	add    $0x1,%rax
  ef65bb:	48 89 44 24 40       	mov    %rax,0x40(%rsp)
  ef65c0:	0f 92 c0             	setb   %al
  ef65c3:	0f 82 78 02 00 00    	jb     ef6841 <_ZN4talc4talc13Talc$LT$O$GT$20get_sufficient_chunk17h719d27d7244a3d20E+0xbd1>
  ef65c9:	48 8b 44 24 40       	mov    0x40(%rsp),%rax
  ef65ce:	48 8b 8c 24 20 01 00 	mov    0x120(%rsp),%rcx
  ef65d5:	00 
  ef65d6:	48 89 8c 24 98 02 00 	mov    %rcx,0x298(%rsp)
  ef65dd:	00 
  ef65de:	48 89 84 24 a0 02 00 	mov    %rax,0x2a0(%rsp)
  ef65e5:	00 
        if next_bin < usize::BITS as usize {
  ef65e6:	48 83 f8 40          	cmp    $0x40,%rax
  ef65ea:	72 0f                	jb     ef65fb <_ZN4talc4talc13Talc$LT$O$GT$20get_sufficient_chunk17h719d27d7244a3d20E+0x98b>
  ef65ec:	48 8b 44 24 40       	mov    0x40(%rsp),%rax
        } else if next_bin < BIN_COUNT {
  ef65f1:	48 3d 80 00 00 00    	cmp    $0x80,%rax
  ef65f7:	72 47                	jb     ef6640 <_ZN4talc4talc13Talc$LT$O$GT$20get_sufficient_chunk17h719d27d7244a3d20E+0x9d0>
  ef65f9:	eb 34                	jmp    ef662f <_ZN4talc4talc13Talc$LT$O$GT$20get_sufficient_chunk17h719d27d7244a3d20E+0x9bf>
  ef65fb:	48 8b 4c 24 40       	mov    0x40(%rsp),%rcx
  ef6600:	48 8b 84 24 20 01 00 	mov    0x120(%rsp),%rax
  ef6607:	00 
            let shifted_avails = self.availability_low >> next_bin;
  ef6608:	48 8b 40 10          	mov    0x10(%rax),%rax
  ef660c:	48 83 e1 3f          	and    $0x3f,%rcx
  ef6610:	48 d3 e8             	shr    %cl,%rax
  ef6613:	48 89 44 24 38       	mov    %rax,0x38(%rsp)
  ef6618:	48 89 84 24 b0 02 00 	mov    %rax,0x2b0(%rsp)
  ef661f:	00 
            if shifted_avails != 0 {
  ef6620:	48 83 f8 00          	cmp    $0x0,%rax
  ef6624:	0f 84 fb 00 00 00    	je     ef6725 <_ZN4talc4talc13Talc$LT$O$GT$20get_sufficient_chunk17h719d27d7244a3d20E+0xab5>
  ef662a:	e9 07 01 00 00       	jmp    ef6736 <_ZN4talc4talc13Talc$LT$O$GT$20get_sufficient_chunk17h719d27d7244a3d20E+0xac6>
            None
  ef662f:	48 c7 84 24 88 02 00 	movq   $0x0,0x288(%rsp)
  ef6636:	00 00 00 00 00 
        } else if next_bin < BIN_COUNT {
  ef663b:	e9 cc 01 00 00       	jmp    ef680c <_ZN4talc4talc13Talc$LT$O$GT$20get_sufficient_chunk17h719d27d7244a3d20E+0xb9c>
  ef6640:	48 8b 44 24 40       	mov    0x40(%rsp),%rax
  ef6645:	48 8b 8c 24 20 01 00 	mov    0x120(%rsp),%rcx
  ef664c:	00 
            let shifted_avails = self.availability_high >> (next_bin - WORD_BITS);
  ef664d:	48 8b 49 18          	mov    0x18(%rcx),%rcx
  ef6651:	48 89 4c 24 28       	mov    %rcx,0x28(%rsp)
  ef6656:	48 89 c1             	mov    %rax,%rcx
  ef6659:	48 83 e9 40          	sub    $0x40,%rcx
  ef665d:	48 89 4c 24 30       	mov    %rcx,0x30(%rsp)
  ef6662:	48 83 f8 40          	cmp    $0x40,%rax
  ef6666:	72 0d                	jb     ef6675 <_ZN4talc4talc13Talc$LT$O$GT$20get_sufficient_chunk17h719d27d7244a3d20E+0xa05>
  ef6668:	48 8b 44 24 30       	mov    0x30(%rsp),%rax
  ef666d:	48 83 f8 40          	cmp    $0x40,%rax
  ef6671:	72 0e                	jb     ef6681 <_ZN4talc4talc13Talc$LT$O$GT$20get_sufficient_chunk17h719d27d7244a3d20E+0xa11>
  ef6673:	eb 32                	jmp    ef66a7 <_ZN4talc4talc13Talc$LT$O$GT$20get_sufficient_chunk17h719d27d7244a3d20E+0xa37>
  ef6675:	48 c7 c7 80 dd ee 00 	mov    $0xeedd80,%rdi
  ef667c:	e8 df 6f 00 00       	call   efd660 <_ZN4core9panicking11panic_const24panic_const_sub_overflow17h38d790166b4890c1E>
  ef6681:	48 8b 44 24 28       	mov    0x28(%rsp),%rax
  ef6686:	48 8b 4c 24 30       	mov    0x30(%rsp),%rcx
  ef668b:	48 83 e1 3f          	and    $0x3f,%rcx
  ef668f:	48 d3 e8             	shr    %cl,%rax
  ef6692:	48 89 44 24 20       	mov    %rax,0x20(%rsp)
  ef6697:	48 89 84 24 a8 02 00 	mov    %rax,0x2a8(%rsp)
  ef669e:	00 
            if shifted_avails != 0 {
  ef669f:	48 83 f8 00          	cmp    $0x0,%rax
  ef66a3:	74 0e                	je     ef66b3 <_ZN4talc4talc13Talc$LT$O$GT$20get_sufficient_chunk17h719d27d7244a3d20E+0xa43>
  ef66a5:	eb 1d                	jmp    ef66c4 <_ZN4talc4talc13Talc$LT$O$GT$20get_sufficient_chunk17h719d27d7244a3d20E+0xa54>
            let shifted_avails = self.availability_high >> (next_bin - WORD_BITS);
  ef66a7:	48 c7 c7 98 dd ee 00 	mov    $0xeedd98,%rdi
  ef66ae:	e8 2d 70 00 00       	call   efd6e0 <_ZN4core9panicking11panic_const24panic_const_shr_overflow17h1bbdebf690b0b97bE>
                return None;
  ef66b3:	48 c7 84 24 88 02 00 	movq   $0x0,0x288(%rsp)
  ef66ba:	00 00 00 00 00 
    }
  ef66bf:	e9 48 01 00 00       	jmp    ef680c <_ZN4talc4talc13Talc$LT$O$GT$20get_sufficient_chunk17h719d27d7244a3d20E+0xb9c>
  ef66c4:	48 8b 44 24 40       	mov    0x40(%rsp),%rax
  ef66c9:	48 8b 54 24 20       	mov    0x20(%rsp),%rdx
  ef66ce:	48 89 94 24 d8 02 00 	mov    %rdx,0x2d8(%rsp)
  ef66d5:	00 
  ef66d6:	b9 40 00 00 00       	mov    $0x40,%ecx
  ef66db:	f3 48 0f bc ca       	tzcnt  %rdx,%rcx
  ef66e0:	89 8c 24 e4 02 00 00 	mov    %ecx,0x2e4(%rsp)
                Some(next_bin + shifted_avails.trailing_zeros() as usize)
  ef66e7:	8b 8c 24 e4 02 00 00 	mov    0x2e4(%rsp),%ecx
  ef66ee:	48 01 c8             	add    %rcx,%rax
  ef66f1:	48 89 44 24 18       	mov    %rax,0x18(%rsp)
  ef66f6:	0f 92 c0             	setb   %al
  ef66f9:	72 1e                	jb     ef6719 <_ZN4talc4talc13Talc$LT$O$GT$20get_sufficient_chunk17h719d27d7244a3d20E+0xaa9>
  ef66fb:	48 8b 44 24 18       	mov    0x18(%rsp),%rax
  ef6700:	48 89 84 24 90 02 00 	mov    %rax,0x290(%rsp)
  ef6707:	00 
  ef6708:	48 c7 84 24 88 02 00 	movq   $0x1,0x288(%rsp)
  ef670f:	00 01 00 00 00 
        } else if next_bin < BIN_COUNT {
  ef6714:	e9 f3 00 00 00       	jmp    ef680c <_ZN4talc4talc13Talc$LT$O$GT$20get_sufficient_chunk17h719d27d7244a3d20E+0xb9c>
                Some(next_bin + shifted_avails.trailing_zeros() as usize)
  ef6719:	48 c7 c7 b0 dd ee 00 	mov    $0xeeddb0,%rdi
  ef6720:	e8 fb 6e 00 00       	call   efd620 <_ZN4core9panicking11panic_const24panic_const_add_overflow17h2e8a9d29e7403df8E>
  ef6725:	48 8b 84 24 20 01 00 	mov    0x120(%rsp),%rax
  ef672c:	00 
            } else if self.availability_high != 0 {
  ef672d:	48 83 78 18 00       	cmpq   $0x0,0x18(%rax)
  ef6732:	74 3f                	je     ef6773 <_ZN4talc4talc13Talc$LT$O$GT$20get_sufficient_chunk17h719d27d7244a3d20E+0xb03>
  ef6734:	eb 4e                	jmp    ef6784 <_ZN4talc4talc13Talc$LT$O$GT$20get_sufficient_chunk17h719d27d7244a3d20E+0xb14>
  ef6736:	48 8b 44 24 40       	mov    0x40(%rsp),%rax
  ef673b:	48 8b 54 24 38       	mov    0x38(%rsp),%rdx
  ef6740:	48 89 94 24 b8 02 00 	mov    %rdx,0x2b8(%rsp)
  ef6747:	00 
  ef6748:	b9 40 00 00 00       	mov    $0x40,%ecx
  ef674d:	f3 48 0f bc ca       	tzcnt  %rdx,%rcx
  ef6752:	89 8c 24 c4 02 00 00 	mov    %ecx,0x2c4(%rsp)
                Some(next_bin + shifted_avails.trailing_zeros() as usize)
  ef6759:	8b 8c 24 c4 02 00 00 	mov    0x2c4(%rsp),%ecx
  ef6760:	48 01 c8             	add    %rcx,%rax
  ef6763:	48 89 44 24 10       	mov    %rax,0x10(%rsp)
  ef6768:	0f 92 c0             	setb   %al
  ef676b:	0f 82 8f 00 00 00    	jb     ef6800 <_ZN4talc4talc13Talc$LT$O$GT$20get_sufficient_chunk17h719d27d7244a3d20E+0xb90>
  ef6771:	eb 72                	jmp    ef67e5 <_ZN4talc4talc13Talc$LT$O$GT$20get_sufficient_chunk17h719d27d7244a3d20E+0xb75>
                None
  ef6773:	48 c7 84 24 88 02 00 	movq   $0x0,0x288(%rsp)
  ef677a:	00 00 00 00 00 
            } else if self.availability_high != 0 {
  ef677f:	e9 88 00 00 00       	jmp    ef680c <_ZN4talc4talc13Talc$LT$O$GT$20get_sufficient_chunk17h719d27d7244a3d20E+0xb9c>
  ef6784:	48 8b 84 24 20 01 00 	mov    0x120(%rsp),%rax
  ef678b:	00 
                Some(self.availability_high.trailing_zeros() as usize + WORD_BITS)
  ef678c:	48 8b 48 18          	mov    0x18(%rax),%rcx
  ef6790:	48 89 8c 24 c8 02 00 	mov    %rcx,0x2c8(%rsp)
  ef6797:	00 
  ef6798:	b8 40 00 00 00       	mov    $0x40,%eax
  ef679d:	f3 48 0f bc c1       	tzcnt  %rcx,%rax
  ef67a2:	89 84 24 d4 02 00 00 	mov    %eax,0x2d4(%rsp)
  ef67a9:	8b 84 24 d4 02 00 00 	mov    0x2d4(%rsp),%eax
  ef67b0:	48 83 c0 40          	add    $0x40,%rax
  ef67b4:	48 89 44 24 08       	mov    %rax,0x8(%rsp)
  ef67b9:	0f 92 c0             	setb   %al
  ef67bc:	72 1b                	jb     ef67d9 <_ZN4talc4talc13Talc$LT$O$GT$20get_sufficient_chunk17h719d27d7244a3d20E+0xb69>
  ef67be:	48 8b 44 24 08       	mov    0x8(%rsp),%rax
  ef67c3:	48 89 84 24 90 02 00 	mov    %rax,0x290(%rsp)
  ef67ca:	00 
  ef67cb:	48 c7 84 24 88 02 00 	movq   $0x1,0x288(%rsp)
  ef67d2:	00 01 00 00 00 
            } else if self.availability_high != 0 {
  ef67d7:	eb 33                	jmp    ef680c <_ZN4talc4talc13Talc$LT$O$GT$20get_sufficient_chunk17h719d27d7244a3d20E+0xb9c>
                Some(self.availability_high.trailing_zeros() as usize + WORD_BITS)
  ef67d9:	48 c7 c7 c8 dd ee 00 	mov    $0xeeddc8,%rdi
  ef67e0:	e8 3b 6e 00 00       	call   efd620 <_ZN4core9panicking11panic_const24panic_const_add_overflow17h2e8a9d29e7403df8E>
  ef67e5:	48 8b 44 24 10       	mov    0x10(%rsp),%rax
                Some(next_bin + shifted_avails.trailing_zeros() as usize)
  ef67ea:	48 89 84 24 90 02 00 	mov    %rax,0x290(%rsp)
  ef67f1:	00 
  ef67f2:	48 c7 84 24 88 02 00 	movq   $0x1,0x288(%rsp)
  ef67f9:	00 01 00 00 00 
            if shifted_avails != 0 {
  ef67fe:	eb 0c                	jmp    ef680c <_ZN4talc4talc13Talc$LT$O$GT$20get_sufficient_chunk17h719d27d7244a3d20E+0xb9c>
                Some(next_bin + shifted_avails.trailing_zeros() as usize)
  ef6800:	48 c7 c7 e0 dd ee 00 	mov    $0xeedde0,%rdi
  ef6807:	e8 14 6e 00 00       	call   efd620 <_ZN4core9panicking11panic_const24panic_const_add_overflow17h2e8a9d29e7403df8E>
    }
  ef680c:	48 8b bc 24 88 02 00 	mov    0x288(%rsp),%rdi
  ef6813:	00 
  ef6814:	48 8b b4 24 90 02 00 	mov    0x290(%rsp),%rsi
  ef681b:	00 
                bin = self.next_available_bin(bin + 1)?;
  ef681c:	e8 7f 19 00 00       	call   ef81a0 <_ZN75_$LT$core..option..Option$LT$T$GT$$u20$as$u20$core..ops..try_trait..Try$GT$6branch17h736be44d1cf9c7feE>
  ef6821:	48 89 84 24 80 01 00 	mov    %rax,0x180(%rsp)
  ef6828:	00 
  ef6829:	48 89 94 24 88 01 00 	mov    %rdx,0x188(%rsp)
  ef6830:	00 
  ef6831:	48 f7 84 24 80 01 00 	testq  $0x1,0x180(%rsp)
  ef6838:	00 01 00 00 00 
  ef683d:	75 0e                	jne    ef684d <_ZN4talc4talc13Talc$LT$O$GT$20get_sufficient_chunk17h719d27d7244a3d20E+0xbdd>
  ef683f:	eb 1e                	jmp    ef685f <_ZN4talc4talc13Talc$LT$O$GT$20get_sufficient_chunk17h719d27d7244a3d20E+0xbef>
  ef6841:	48 c7 c7 70 de ee 00 	mov    $0xeede70,%rdi
  ef6848:	e8 d3 6d 00 00       	call   efd620 <_ZN4core9panicking11panic_const24panic_const_add_overflow17h2e8a9d29e7403df8E>
  ef684d:	48 8b bc 24 08 01 00 	mov    0x108(%rsp),%rdi
  ef6854:	00 
  ef6855:	e8 06 19 00 00       	call   ef8160 <_ZN145_$LT$core..option..Option$LT$T$GT$$u20$as$u20$core..ops..try_trait..FromResidual$LT$core..option..Option$LT$core..convert..Infallible$GT$$GT$$GT$13from_residual17h84ec433ab03d0bcbE>
  ef685a:	e9 c3 fb ff ff       	jmp    ef6422 <_ZN4talc4talc13Talc$LT$O$GT$20get_sufficient_chunk17h719d27d7244a3d20E+0x7b2>
  ef685f:	48 8b 84 24 88 01 00 	mov    0x188(%rsp),%rax
  ef6866:	00 
  ef6867:	48 89 84 24 28 02 00 	mov    %rax,0x228(%rsp)
  ef686e:	00 
  ef686f:	48 89 84 24 40 01 00 	mov    %rax,0x140(%rsp)
  ef6876:	00 
            loop {
  ef6877:	e9 6e f7 ff ff       	jmp    ef5fea <_ZN4talc4talc13Talc$LT$O$GT$20get_sufficient_chunk17h719d27d7244a3d20E+0x37a>
  ef687c:	48 8b 7c 24 48       	mov    0x48(%rsp),%rdi
                        let base = gap_node_to_base(node_ptr);
  ef6881:	e8 0a 17 00 00       	call   ef7f90 <_ZN4talc4talc16gap_node_to_base17hfe031ecc807de520E>
  ef6886:	48 8b bc 24 20 01 00 	mov    0x120(%rsp),%rdi
  ef688d:	00 
  ef688e:	48 89 c6             	mov    %rax,%rsi
  ef6891:	48 89 34 24          	mov    %rsi,(%rsp)
  ef6895:	48 89 b4 24 40 02 00 	mov    %rsi,0x240(%rsp)
  ef689c:	00 
                        self.deregister_gap(base, bin);
  ef689d:	48 8b 94 24 40 01 00 	mov    0x140(%rsp),%rdx
  ef68a4:	00 
  ef68a5:	e8 36 ee ff ff       	call   ef56e0 <_ZN4talc4talc13Talc$LT$O$GT$14deregister_gap17h592672fcf8b01821E>
  ef68aa:	48 8b 74 24 50       	mov    0x50(%rsp),%rsi
  ef68af:	48 8b 0c 24          	mov    (%rsp),%rcx
  ef68b3:	48 8b 84 24 08 01 00 	mov    0x108(%rsp),%rax
  ef68ba:	00 
  ef68bb:	48 89 8c 24 48 02 00 	mov    %rcx,0x248(%rsp)
  ef68c2:	00 
  ef68c3:	48 89 b4 24 50 02 00 	mov    %rsi,0x250(%rsp)
  ef68ca:	00 
  ef68cb:	48 89 ca             	mov    %rcx,%rdx
  ef68ce:	48 01 f2             	add    %rsi,%rdx
                        return Some((base, base.add(size), base));
  ef68d1:	48 89 8c 24 68 01 00 	mov    %rcx,0x168(%rsp)
  ef68d8:	00 
  ef68d9:	48 89 94 24 70 01 00 	mov    %rdx,0x170(%rsp)
  ef68e0:	00 
  ef68e1:	48 89 8c 24 78 01 00 	mov    %rcx,0x178(%rsp)
  ef68e8:	00 
  ef68e9:	48 8b 8c 24 68 01 00 	mov    0x168(%rsp),%rcx
  ef68f0:	00 
  ef68f1:	48 89 48 08          	mov    %rcx,0x8(%rax)
  ef68f5:	48 8b 8c 24 70 01 00 	mov    0x170(%rsp),%rcx
  ef68fc:	00 
  ef68fd:	48 89 48 10          	mov    %rcx,0x10(%rax)
  ef6901:	48 8b 8c 24 78 01 00 	mov    0x178(%rsp),%rcx
  ef6908:	00 
  ef6909:	48 89 48 18          	mov    %rcx,0x18(%rax)
  ef690d:	48 c7 00 01 00 00 00 	movq   $0x1,(%rax)
  ef6914:	e9 09 fb ff ff       	jmp    ef6422 <_ZN4talc4talc13Talc$LT$O$GT$20get_sufficient_chunk17h719d27d7244a3d20E+0x7b2>
  ef6919:	cc                   	int3
  ef691a:	cc                   	int3
  ef691b:	cc                   	int3
  ef691c:	cc                   	int3
  ef691d:	cc                   	int3
  ef691e:	cc                   	int3
  ef691f:	cc                   	int3

0000000000ef6920 <_ZN4talc4talc13Talc$LT$O$GT$4free17hd135646b46011d29E>:
    pub unsafe fn free(&mut self, ptr: NonNull<u8>, layout: Layout) {
  ef6920:	48 81 ec e8 00 00 00 	sub    $0xe8,%rsp
  ef6927:	48 89 74 24 28       	mov    %rsi,0x28(%rsp)
  ef692c:	48 89 7c 24 20       	mov    %rdi,0x20(%rsp)
  ef6931:	48 89 54 24 40       	mov    %rdx,0x40(%rsp)
  ef6936:	48 89 4c 24 48       	mov    %rcx,0x48(%rsp)
  ef693b:	48 89 7c 24 60       	mov    %rdi,0x60(%rsp)
  ef6940:	48 89 74 24 68       	mov    %rsi,0x68(%rsp)
        self.scan_for_errors();
  ef6945:	e8 36 ee ff ff       	call   ef5780 <_ZN4talc4talc13Talc$LT$O$GT$15scan_for_errors17h90b6c5f5a8701b97E>
  ef694a:	48 8b 74 24 28       	mov    0x28(%rsp),%rsi
  ef694f:	48 89 b4 24 e0 00 00 	mov    %rsi,0xe0(%rsp)
  ef6956:	00 
  ef6957:	48 8d 7c 24 40       	lea    0x40(%rsp),%rdi
        let (tag_ptr, tag) = tag_from_alloc_ptr(ptr.as_ptr(), layout.size());
  ef695c:	e8 ef 2c 00 00       	call   ef9650 <_ZN4core5alloc6layout6Layout4size17h01105bc4314f51d8E>
  ef6961:	48 8b 7c 24 28       	mov    0x28(%rsp),%rdi
  ef6966:	48 89 c6             	mov    %rax,%rsi
  ef6969:	e8 b2 16 00 00       	call   ef8020 <_ZN4talc4talc18tag_from_alloc_ptr17h407c621964491a37E>
  ef696e:	48 89 d7             	mov    %rdx,%rdi
  ef6971:	48 89 7c 24 30       	mov    %rdi,0x30(%rsp)
  ef6976:	48 89 44 24 38       	mov    %rax,0x38(%rsp)
  ef697b:	48 89 44 24 70       	mov    %rax,0x70(%rsp)
  ef6980:	48 89 7c 24 78       	mov    %rdi,0x78(%rsp)
        let mut chunk_base = tag.chunk_base();
  ef6985:	e8 f6 4b 00 00       	call   efb580 <_ZN4talc4talc3tag3Tag10chunk_base17h942cd88ef9d4badbE>
  ef698a:	48 8b 7c 24 30       	mov    0x30(%rsp),%rdi
  ef698f:	48 89 c1             	mov    %rax,%rcx
  ef6992:	48 8b 44 24 38       	mov    0x38(%rsp),%rax
  ef6997:	48 89 4c 24 50       	mov    %rcx,0x50(%rsp)
  ef699c:	48 89 84 24 a8 00 00 	mov    %rax,0xa8(%rsp)
  ef69a3:	00 
  ef69a4:	48 c7 84 24 b0 00 00 	movq   $0x8,0xb0(%rsp)
  ef69ab:	00 08 00 00 00 
  ef69b0:	48 83 c0 08          	add    $0x8,%rax
        let mut chunk_acme = tag_ptr.add(TAG_SIZE);
  ef69b4:	48 89 44 24 58       	mov    %rax,0x58(%rsp)
        debug_assert!(tag.is_allocated());
  ef69b9:	e8 22 4c 00 00       	call   efb5e0 <_ZN4talc4talc3tag3Tag12is_allocated17hcdd013e1df481431E>
  ef69be:	a8 01                	test   $0x1,%al
  ef69c0:	75 18                	jne    ef69da <_ZN4talc4talc13Talc$LT$O$GT$4free17hd135646b46011d29E+0xba>
  ef69c2:	48 c7 c7 08 da ee 00 	mov    $0xeeda08,%rdi
  ef69c9:	48 c7 c2 88 de ee 00 	mov    $0xeede88,%rdx
  ef69d0:	be 24 00 00 00       	mov    $0x24,%esi
  ef69d5:	e8 66 56 00 00       	call   efc040 <_ZN4core9panicking5panic17hdbca58b08003962eE>
        debug_assert!(is_chunk_size(chunk_base, chunk_acme));
  ef69da:	48 8b 7c 24 50       	mov    0x50(%rsp),%rdi
  ef69df:	48 8b 74 24 58       	mov    0x58(%rsp),%rsi
  ef69e4:	e8 47 14 00 00       	call   ef7e30 <_ZN4talc4talc13is_chunk_size17h9936bd0c266ec380E>
  ef69e9:	a8 01                	test   $0x1,%al
  ef69eb:	75 18                	jne    ef6a05 <_ZN4talc4talc13Talc$LT$O$GT$4free17hd135646b46011d29E+0xe5>
  ef69ed:	48 c7 c7 a0 de ee 00 	mov    $0xeedea0,%rdi
  ef69f4:	48 c7 c2 d8 de ee 00 	mov    $0xeeded8,%rdx
  ef69fb:	be 37 00 00 00       	mov    $0x37,%esi
  ef6a00:	e8 3b 56 00 00       	call   efc040 <_ZN4core9panicking5panic17hdbca58b08003962eE>
        if is_gap_below(chunk_base) {
  ef6a05:	48 8b 7c 24 50       	mov    0x50(%rsp),%rdi
  ef6a0a:	e8 f1 13 00 00       	call   ef7e00 <_ZN4talc4talc12is_gap_below17h8a0321c463c471b8E>
  ef6a0f:	a8 01                	test   $0x1,%al
  ef6a11:	75 3c                	jne    ef6a4f <_ZN4talc4talc13Talc$LT$O$GT$4free17hd135646b46011d29E+0x12f>
            Tag::set_above_free(chunk_base.sub(TAG_SIZE).cast());
  ef6a13:	48 8b 44 24 50       	mov    0x50(%rsp),%rax
  ef6a18:	48 89 84 24 c0 00 00 	mov    %rax,0xc0(%rsp)
  ef6a1f:	00 
  ef6a20:	48 c7 84 24 c8 00 00 	movq   $0x8,0xc8(%rsp)
  ef6a27:	00 08 00 00 00 
            unsafe { intrinsics::offset(self, intrinsics::unchecked_sub(0, count as isize)) }
  ef6a2c:	48 83 c0 f8          	add    $0xfffffffffffffff8,%rax
  ef6a30:	48 89 84 24 b8 00 00 	mov    %rax,0xb8(%rsp)
  ef6a37:	00 
    }
  ef6a38:	48 8b bc 24 b8 00 00 	mov    0xb8(%rsp),%rdi
  ef6a3f:	00 
  ef6a40:	48 89 bc 24 d0 00 00 	mov    %rdi,0xd0(%rsp)
  ef6a47:	00 
  ef6a48:	e8 b3 4b 00 00       	call   efb600 <_ZN4talc4talc3tag3Tag14set_above_free17h7650adf9f9dc38c1E>
  ef6a4d:	eb 43                	jmp    ef6a92 <_ZN4talc4talc13Talc$LT$O$GT$4free17hd135646b46011d29E+0x172>
            let (below_base, below_size) = gap_acme_to_base_size(chunk_base);
  ef6a4f:	48 8b 7c 24 50       	mov    0x50(%rsp),%rdi
  ef6a54:	e8 57 16 00 00       	call   ef80b0 <_ZN4talc4talc21gap_acme_to_base_size17h0aa87d75867c10cdE>
  ef6a59:	48 89 d7             	mov    %rdx,%rdi
  ef6a5c:	48 89 44 24 18       	mov    %rax,0x18(%rsp)
  ef6a61:	48 89 84 24 80 00 00 	mov    %rax,0x80(%rsp)
  ef6a68:	00 
  ef6a69:	48 89 bc 24 88 00 00 	mov    %rdi,0x88(%rsp)
  ef6a70:	00 
            self.deregister_gap(below_base, bin_of_size(below_size));
  ef6a71:	e8 9a 10 00 00       	call   ef7b10 <_ZN4talc4talc11bin_of_size17h8158e81d7b72e560E>
  ef6a76:	48 8b 7c 24 20       	mov    0x20(%rsp),%rdi
  ef6a7b:	48 8b 74 24 18       	mov    0x18(%rsp),%rsi
  ef6a80:	48 89 c2             	mov    %rax,%rdx
  ef6a83:	e8 58 ec ff ff       	call   ef56e0 <_ZN4talc4talc13Talc$LT$O$GT$14deregister_gap17h592672fcf8b01821E>
  ef6a88:	48 8b 44 24 18       	mov    0x18(%rsp),%rax
            chunk_base = below_base;
  ef6a8d:	48 89 44 24 50       	mov    %rax,0x50(%rsp)
  ef6a92:	48 8b 7c 24 30       	mov    0x30(%rsp),%rdi
        if tag.is_above_free() {
  ef6a97:	e8 24 4b 00 00       	call   efb5c0 <_ZN4talc4talc3tag3Tag13is_above_free17hcd8d0ceae9a7f4b2E>
  ef6a9c:	a8 01                	test   $0x1,%al
  ef6a9e:	75 1c                	jne    ef6abc <_ZN4talc4talc13Talc$LT$O$GT$4free17hd135646b46011d29E+0x19c>
  ef6aa0:	48 8b 7c 24 20       	mov    0x20(%rsp),%rdi
        self.register_gap(chunk_base, chunk_acme);
  ef6aa5:	48 8b 74 24 50       	mov    0x50(%rsp),%rsi
  ef6aaa:	48 8b 54 24 58       	mov    0x58(%rsp),%rdx
  ef6aaf:	e8 3c e7 ff ff       	call   ef51f0 <_ZN4talc4talc13Talc$LT$O$GT$12register_gap17h360e5fc2f7797526E>
    }
  ef6ab4:	48 81 c4 e8 00 00 00 	add    $0xe8,%rsp
  ef6abb:	c3                   	ret
            let above_size = gap_base_to_size(chunk_acme).read();
  ef6abc:	48 8b 7c 24 58       	mov    0x58(%rsp),%rdi
  ef6ac1:	e8 9a 14 00 00       	call   ef7f60 <_ZN4talc4talc16gap_base_to_size17h3f8242ecc96f9489E>
  ef6ac6:	48 89 84 24 d8 00 00 	mov    %rax,0xd8(%rsp)
  ef6acd:	00 
  ef6ace:	48 8b 38             	mov    (%rax),%rdi
  ef6ad1:	48 89 7c 24 10       	mov    %rdi,0x10(%rsp)
  ef6ad6:	48 89 bc 24 90 00 00 	mov    %rdi,0x90(%rsp)
  ef6add:	00 
            self.deregister_gap(chunk_acme, bin_of_size(above_size));
  ef6ade:	48 8b 44 24 58       	mov    0x58(%rsp),%rax
  ef6ae3:	48 89 44 24 08       	mov    %rax,0x8(%rsp)
  ef6ae8:	e8 23 10 00 00       	call   ef7b10 <_ZN4talc4talc11bin_of_size17h8158e81d7b72e560E>
  ef6aed:	48 8b 7c 24 20       	mov    0x20(%rsp),%rdi
  ef6af2:	48 8b 74 24 08       	mov    0x8(%rsp),%rsi
  ef6af7:	48 89 c2             	mov    %rax,%rdx
  ef6afa:	e8 e1 eb ff ff       	call   ef56e0 <_ZN4talc4talc13Talc$LT$O$GT$14deregister_gap17h592672fcf8b01821E>
  ef6aff:	48 8b 4c 24 10       	mov    0x10(%rsp),%rcx
            chunk_acme = chunk_acme.add(above_size);
  ef6b04:	48 8b 44 24 58       	mov    0x58(%rsp),%rax
  ef6b09:	48 89 84 24 98 00 00 	mov    %rax,0x98(%rsp)
  ef6b10:	00 
  ef6b11:	48 89 8c 24 a0 00 00 	mov    %rcx,0xa0(%rsp)
  ef6b18:	00 
        unsafe { intrinsics::offset(self, count) }
  ef6b19:	48 01 c8             	add    %rcx,%rax
  ef6b1c:	48 89 44 24 58       	mov    %rax,0x58(%rsp)
        if tag.is_above_free() {
  ef6b21:	e9 7a ff ff ff       	jmp    ef6aa0 <_ZN4talc4talc13Talc$LT$O$GT$4free17hd135646b46011d29E+0x180>
  ef6b26:	cc                   	int3
  ef6b27:	cc                   	int3
  ef6b28:	cc                   	int3
  ef6b29:	cc                   	int3
  ef6b2a:	cc                   	int3
  ef6b2b:	cc                   	int3
  ef6b2c:	cc                   	int3
  ef6b2d:	cc                   	int3
  ef6b2e:	cc                   	int3
  ef6b2f:	cc                   	int3

0000000000ef6b30 <_ZN4talc4talc13Talc$LT$O$GT$5claim17h61e5adcee940ac2dE>:
    pub unsafe fn claim(&mut self, memory: Span) -> Result<Span, ()> {
  ef6b30:	48 81 ec 48 02 00 00 	sub    $0x248,%rsp
  ef6b37:	48 89 8c 24 88 00 00 	mov    %rcx,0x88(%rsp)
  ef6b3e:	00 
  ef6b3f:	48 89 94 24 80 00 00 	mov    %rdx,0x80(%rsp)
  ef6b46:	00 
  ef6b47:	48 89 74 24 68       	mov    %rsi,0x68(%rsp)
  ef6b4c:	48 89 f8             	mov    %rdi,%rax
  ef6b4f:	48 8b 7c 24 68       	mov    0x68(%rsp),%rdi
  ef6b54:	48 89 44 24 70       	mov    %rax,0x70(%rsp)
  ef6b59:	48 89 44 24 78       	mov    %rax,0x78(%rsp)
  ef6b5e:	48 89 bc 24 00 01 00 	mov    %rdi,0x100(%rsp)
  ef6b65:	00 
  ef6b66:	48 89 94 24 08 01 00 	mov    %rdx,0x108(%rsp)
  ef6b6d:	00 
  ef6b6e:	48 89 8c 24 10 01 00 	mov    %rcx,0x110(%rsp)
  ef6b75:	00 
        self.scan_for_errors();
  ef6b76:	e8 05 ec ff ff       	call   ef5780 <_ZN4talc4talc13Talc$LT$O$GT$15scan_for_errors17h90b6c5f5a8701b97E>
  ef6b7b:	48 8b bc 24 80 00 00 	mov    0x80(%rsp),%rdi
  ef6b82:	00 
  ef6b83:	48 8b b4 24 88 00 00 	mov    0x88(%rsp),%rsi
  ef6b8a:	00 
        assert!(!memory.contains(null_mut()), "heap covers the null address!");
  ef6b8b:	31 c0                	xor    %eax,%eax
  ef6b8d:	31 c0                	xor    %eax,%eax
  ef6b8f:	89 c2                	mov    %eax,%edx
  ef6b91:	e8 ca 1f 00 00       	call   ef8b60 <_ZN4talc4span4Span8contains17hb4bf16843f612149E>
  ef6b96:	a8 01                	test   $0x1,%al
  ef6b98:	75 4f                	jne    ef6be9 <_ZN4talc4talc13Talc$LT$O$GT$5claim17h61e5adcee940ac2dE+0xb9>
  ef6b9a:	48 8b b4 24 88 00 00 	mov    0x88(%rsp),%rsi
  ef6ba1:	00 
  ef6ba2:	48 8b bc 24 80 00 00 	mov    0x80(%rsp),%rdi
  ef6ba9:	00 
        let aligned_heap = memory.word_align_inward();
  ef6baa:	e8 11 1d 00 00       	call   ef88c0 <_ZN4talc4span4Span17word_align_inward17h0042ea0dd5a4cf24E>
  ef6baf:	48 89 c6             	mov    %rax,%rsi
  ef6bb2:	48 89 54 24 58       	mov    %rdx,0x58(%rsp)
  ef6bb7:	48 89 74 24 60       	mov    %rsi,0x60(%rsp)
  ef6bbc:	48 89 b4 24 18 01 00 	mov    %rsi,0x118(%rsp)
  ef6bc3:	00 
  ef6bc4:	48 89 94 24 20 01 00 	mov    %rdx,0x120(%rsp)
  ef6bcb:	00 
  ef6bcc:	48 8d bc 24 c0 00 00 	lea    0xc0(%rsp),%rdi
  ef6bd3:	00 
        if let Some((base, acme)) = aligned_heap.get_base_acme() {
  ef6bd4:	e8 27 1c 00 00       	call   ef8800 <_ZN4talc4span4Span13get_base_acme17he3f7b6ad87d4bd4dE>
  ef6bd9:	48 f7 84 24 c0 00 00 	testq  $0x1,0xc0(%rsp)
  ef6be0:	00 01 00 00 00 
  ef6be5:	75 2a                	jne    ef6c11 <_ZN4talc4talc13Talc$LT$O$GT$5claim17h61e5adcee940ac2dE+0xe1>
  ef6be7:	eb 66                	jmp    ef6c4f <_ZN4talc4talc13Talc$LT$O$GT$5claim17h61e5adcee940ac2dE+0x11f>
        assert!(!memory.contains(null_mut()), "heap covers the null address!");
  ef6be9:	48 c7 c6 58 df ee 00 	mov    $0xeedf58,%rsi
  ef6bf0:	48 8d bc 24 90 00 00 	lea    0x90(%rsp),%rdi
  ef6bf7:	00 
  ef6bf8:	e8 a3 41 00 00       	call   efada0 <_ZN4core3fmt9Arguments9new_const17ha6eaf14010da406eE>
  ef6bfd:	48 c7 c6 68 df ee 00 	mov    $0xeedf68,%rsi
  ef6c04:	48 8d bc 24 90 00 00 	lea    0x90(%rsp),%rdi
  ef6c0b:	00 
  ef6c0c:	e8 af 53 00 00       	call   efbfc0 <_ZN4core9panicking9panic_fmt17h2982420c32d2353cE>
  ef6c11:	48 8b 44 24 68       	mov    0x68(%rsp),%rax
        if let Some((base, acme)) = aligned_heap.get_base_acme() {
  ef6c16:	48 8b 8c 24 c8 00 00 	mov    0xc8(%rsp),%rcx
  ef6c1d:	00 
  ef6c1e:	48 89 4c 24 48       	mov    %rcx,0x48(%rsp)
  ef6c23:	48 89 8c 24 28 01 00 	mov    %rcx,0x128(%rsp)
  ef6c2a:	00 
  ef6c2b:	48 8b 8c 24 d0 00 00 	mov    0xd0(%rsp),%rcx
  ef6c32:	00 
  ef6c33:	48 89 4c 24 50       	mov    %rcx,0x50(%rsp)
  ef6c38:	48 89 8c 24 30 01 00 	mov    %rcx,0x130(%rsp)
  ef6c3f:	00 
            if !self.bins.is_null() {
  ef6c40:	48 8b 78 20          	mov    0x20(%rax),%rdi
  ef6c44:	e8 d7 41 00 00       	call   efae20 <_ZN4core3ptr7mut_ptr31_$LT$impl$u20$$BP$mut$u20$T$GT$7is_null17hd816237041b748a7E>
  ef6c49:	a8 01                	test   $0x1,%al
  ef6c4b:	75 2f                	jne    ef6c7c <_ZN4talc4talc13Talc$LT$O$GT$5claim17h61e5adcee940ac2dE+0x14c>
  ef6c4d:	eb 11                	jmp    ef6c60 <_ZN4talc4talc13Talc$LT$O$GT$5claim17h61e5adcee940ac2dE+0x130>
  ef6c4f:	48 8b 44 24 70       	mov    0x70(%rsp),%rax
        Err(())
  ef6c54:	48 c7 00 01 00 00 00 	movq   $0x1,(%rax)
    }
  ef6c5b:	e9 ed 00 00 00       	jmp    ef6d4d <_ZN4talc4talc13Talc$LT$O$GT$5claim17h61e5adcee940ac2dE+0x21d>
  ef6c60:	48 8b 44 24 50       	mov    0x50(%rsp),%rax
  ef6c65:	48 8b 4c 24 48       	mov    0x48(%rsp),%rcx
                if acme as usize - base as usize >= MIN_HEAP_SIZE {
  ef6c6a:	48 89 c2             	mov    %rax,%rdx
  ef6c6d:	48 29 ca             	sub    %rcx,%rdx
  ef6c70:	48 89 54 24 40       	mov    %rdx,0x40(%rsp)
  ef6c75:	48 39 c8             	cmp    %rcx,%rax
  ef6c78:	72 32                	jb     ef6cac <_ZN4talc4talc13Talc$LT$O$GT$5claim17h61e5adcee940ac2dE+0x17c>
  ef6c7a:	eb 23                	jmp    ef6c9f <_ZN4talc4talc13Talc$LT$O$GT$5claim17h61e5adcee940ac2dE+0x16f>
  ef6c7c:	48 8b 44 24 50       	mov    0x50(%rsp),%rax
  ef6c81:	48 8b 4c 24 48       	mov    0x48(%rsp),%rcx
                if acme as usize - base as usize >= TAG_SIZE + BIN_ARRAY_SIZE + TAG_SIZE {
  ef6c86:	48 89 c2             	mov    %rax,%rdx
  ef6c89:	48 29 ca             	sub    %rcx,%rdx
  ef6c8c:	48 89 54 24 38       	mov    %rdx,0x38(%rsp)
  ef6c91:	48 39 c8             	cmp    %rcx,%rax
  ef6c94:	0f 82 d7 00 00 00    	jb     ef6d71 <_ZN4talc4talc13Talc$LT$O$GT$5claim17h61e5adcee940ac2dE+0x241>
  ef6c9a:	e9 bb 00 00 00       	jmp    ef6d5a <_ZN4talc4talc13Talc$LT$O$GT$5claim17h61e5adcee940ac2dE+0x22a>
  ef6c9f:	48 8b 44 24 40       	mov    0x40(%rsp),%rax
                if acme as usize - base as usize >= MIN_HEAP_SIZE {
  ef6ca4:	48 83 f8 20          	cmp    $0x20,%rax
  ef6ca8:	73 0e                	jae    ef6cb8 <_ZN4talc4talc13Talc$LT$O$GT$5claim17h61e5adcee940ac2dE+0x188>
  ef6caa:	eb a3                	jmp    ef6c4f <_ZN4talc4talc13Talc$LT$O$GT$5claim17h61e5adcee940ac2dE+0x11f>
  ef6cac:	48 c7 c7 f0 de ee 00 	mov    $0xeedef0,%rdi
  ef6cb3:	e8 a8 69 00 00       	call   efd660 <_ZN4core9panicking11panic_const24panic_const_sub_overflow17h38d790166b4890c1E>
  ef6cb8:	48 8b 7c 24 48       	mov    0x48(%rsp),%rdi
  ef6cbd:	48 89 bc 24 18 02 00 	mov    %rdi,0x218(%rsp)
  ef6cc4:	00 
                    Tag::write(base.cast(), null_mut(), true);
  ef6cc5:	31 c0                	xor    %eax,%eax
  ef6cc7:	31 c0                	xor    %eax,%eax
  ef6cc9:	89 c6                	mov    %eax,%esi
  ef6ccb:	ba 01 00 00 00       	mov    $0x1,%edx
  ef6cd0:	e8 cb 47 00 00       	call   efb4a0 <_ZN4talc4talc3tag3Tag5write17hc98167a297e6fdc5E>
  ef6cd5:	48 8b 44 24 48       	mov    0x48(%rsp),%rax
  ef6cda:	48 8b 54 24 50       	mov    0x50(%rsp),%rdx
  ef6cdf:	48 8b 7c 24 68       	mov    0x68(%rsp),%rdi
  ef6ce4:	48 89 84 24 70 01 00 	mov    %rax,0x170(%rsp)
  ef6ceb:	00 
  ef6cec:	48 c7 84 24 78 01 00 	movq   $0x8,0x178(%rsp)
  ef6cf3:	00 08 00 00 00 
    #[inline(always)]
    pub const fn wrapping_add(self, count: usize) -> Self
    where
        T: Sized,
    {
        self.wrapping_offset(count as isize)
  ef6cf8:	48 c7 84 24 80 01 00 	movq   $0x8,0x180(%rsp)
  ef6cff:	00 08 00 00 00 
        unsafe { intrinsics::arith_offset(self, count) as *mut T }
  ef6d04:	48 83 c0 08          	add    $0x8,%rax
  ef6d08:	48 89 84 24 88 01 00 	mov    %rax,0x188(%rsp)
  ef6d0f:	00 
  ef6d10:	48 8b b4 24 88 01 00 	mov    0x188(%rsp),%rsi
  ef6d17:	00 
                    let chunk_base = base.wrapping_add(TAG_SIZE);
  ef6d18:	48 89 b4 24 38 01 00 	mov    %rsi,0x138(%rsp)
  ef6d1f:	00 
                    self.register_gap(chunk_base, acme);
  ef6d20:	e8 cb e4 ff ff       	call   ef51f0 <_ZN4talc4talc13Talc$LT$O$GT$12register_gap17h360e5fc2f7797526E>
  ef6d25:	48 8b 7c 24 68       	mov    0x68(%rsp),%rdi
                    self.scan_for_errors();
  ef6d2a:	e8 51 ea ff ff       	call   ef5780 <_ZN4talc4talc13Talc$LT$O$GT$15scan_for_errors17h90b6c5f5a8701b97E>
  ef6d2f:	48 8b 54 24 60       	mov    0x60(%rsp),%rdx
  ef6d34:	48 8b 4c 24 58       	mov    0x58(%rsp),%rcx
  ef6d39:	48 8b 44 24 70       	mov    0x70(%rsp),%rax
                    return Ok(aligned_heap);
  ef6d3e:	48 89 50 08          	mov    %rdx,0x8(%rax)
  ef6d42:	48 89 48 10          	mov    %rcx,0x10(%rax)
  ef6d46:	48 c7 00 00 00 00 00 	movq   $0x0,(%rax)
  ef6d4d:	48 8b 44 24 78       	mov    0x78(%rsp),%rax
    }
  ef6d52:	48 81 c4 48 02 00 00 	add    $0x248,%rsp
  ef6d59:	c3                   	ret
                if acme as usize - base as usize >= TAG_SIZE + BIN_ARRAY_SIZE + TAG_SIZE {
  ef6d5a:	b8 08 00 00 00       	mov    $0x8,%eax
  ef6d5f:	48 05 00 04 00 00    	add    $0x400,%rax
  ef6d65:	48 89 44 24 30       	mov    %rax,0x30(%rsp)
  ef6d6a:	0f 92 c0             	setb   %al
  ef6d6d:	72 23                	jb     ef6d92 <_ZN4talc4talc13Talc$LT$O$GT$5claim17h61e5adcee940ac2dE+0x262>
  ef6d6f:	eb 0c                	jmp    ef6d7d <_ZN4talc4talc13Talc$LT$O$GT$5claim17h61e5adcee940ac2dE+0x24d>
  ef6d71:	48 c7 c7 08 df ee 00 	mov    $0xeedf08,%rdi
  ef6d78:	e8 e3 68 00 00       	call   efd660 <_ZN4core9panicking11panic_const24panic_const_sub_overflow17h38d790166b4890c1E>
  ef6d7d:	48 8b 44 24 30       	mov    0x30(%rsp),%rax
  ef6d82:	48 83 c0 08          	add    $0x8,%rax
  ef6d86:	48 89 44 24 28       	mov    %rax,0x28(%rsp)
  ef6d8b:	0f 92 c0             	setb   %al
  ef6d8e:	72 22                	jb     ef6db2 <_ZN4talc4talc13Talc$LT$O$GT$5claim17h61e5adcee940ac2dE+0x282>
  ef6d90:	eb 0c                	jmp    ef6d9e <_ZN4talc4talc13Talc$LT$O$GT$5claim17h61e5adcee940ac2dE+0x26e>
  ef6d92:	48 c7 c7 20 df ee 00 	mov    $0xeedf20,%rdi
  ef6d99:	e8 82 68 00 00       	call   efd620 <_ZN4core9panicking11panic_const24panic_const_add_overflow17h2e8a9d29e7403df8E>
  ef6d9e:	48 8b 44 24 38       	mov    0x38(%rsp),%rax
  ef6da3:	48 8b 4c 24 28       	mov    0x28(%rsp),%rcx
  ef6da8:	48 39 c8             	cmp    %rcx,%rax
  ef6dab:	73 11                	jae    ef6dbe <_ZN4talc4talc13Talc$LT$O$GT$5claim17h61e5adcee940ac2dE+0x28e>
  ef6dad:	e9 9d fe ff ff       	jmp    ef6c4f <_ZN4talc4talc13Talc$LT$O$GT$5claim17h61e5adcee940ac2dE+0x11f>
  ef6db2:	48 c7 c7 20 df ee 00 	mov    $0xeedf20,%rdi
  ef6db9:	e8 62 68 00 00       	call   efd620 <_ZN4core9panicking11panic_const24panic_const_add_overflow17h2e8a9d29e7403df8E>
  ef6dbe:	48 8b 7c 24 48       	mov    0x48(%rsp),%rdi
  ef6dc3:	48 89 bc 24 10 02 00 	mov    %rdi,0x210(%rsp)
  ef6dca:	00 
                    Tag::write(base.cast(), null_mut(), false);
  ef6dcb:	31 c0                	xor    %eax,%eax
  ef6dcd:	31 c0                	xor    %eax,%eax
  ef6dcf:	31 d2                	xor    %edx,%edx
  ef6dd1:	89 d6                	mov    %edx,%esi
  ef6dd3:	e8 c8 46 00 00       	call   efb4a0 <_ZN4talc4talc3tag3Tag5write17hc98167a297e6fdc5E>
  ef6dd8:	48 8b 44 24 48       	mov    0x48(%rsp),%rax
  ef6ddd:	48 89 84 24 b0 01 00 	mov    %rax,0x1b0(%rsp)
  ef6de4:	00 
  ef6de5:	48 c7 84 24 b8 01 00 	movq   $0x8,0x1b8(%rsp)
  ef6dec:	00 08 00 00 00 
        unsafe { intrinsics::offset(self, count) }
  ef6df1:	48 83 c0 08          	add    $0x8,%rax
  ef6df5:	48 89 44 24 18       	mov    %rax,0x18(%rsp)
                    let metadata_ptr = base.add(TAG_SIZE);
  ef6dfa:	48 89 84 24 40 01 00 	mov    %rax,0x140(%rsp)
  ef6e01:	00 
  ef6e02:	48 89 84 24 a0 01 00 	mov    %rax,0x1a0(%rsp)
  ef6e09:	00 
  ef6e0a:	48 c7 84 24 a8 01 00 	movq   $0x400,0x1a8(%rsp)
  ef6e11:	00 00 04 00 00 
  ef6e16:	48 05 00 04 00 00    	add    $0x400,%rax
  ef6e1c:	48 89 44 24 20       	mov    %rax,0x20(%rsp)
                    let post_metadata_ptr = metadata_ptr.add(BIN_ARRAY_SIZE);
  ef6e21:	48 89 84 24 48 01 00 	mov    %rax,0x148(%rsp)
  ef6e28:	00 
                    for i in 0..BIN_COUNT {
  ef6e29:	31 c0                	xor    %eax,%eax
  ef6e2b:	31 c0                	xor    %eax,%eax
  ef6e2d:	89 c7                	mov    %eax,%edi
  ef6e2f:	be 80 00 00 00       	mov    $0x80,%esi
  ef6e34:	e8 d7 41 00 00       	call   efb010 <_ZN63_$LT$I$u20$as$u20$core..iter..traits..collect..IntoIterator$GT$9into_iter17h250305abd2272865E>
  ef6e39:	48 89 84 24 d8 00 00 	mov    %rax,0xd8(%rsp)
  ef6e40:	00 
  ef6e41:	48 89 94 24 e0 00 00 	mov    %rdx,0xe0(%rsp)
  ef6e48:	00 
  ef6e49:	48 8d bc 24 d8 00 00 	lea    0xd8(%rsp),%rdi
  ef6e50:	00 
  ef6e51:	e8 2a 40 00 00       	call   efae80 <_ZN4core4iter5range101_$LT$impl$u20$core..iter..traits..iterator..Iterator$u20$for$u20$core..ops..range..Range$LT$A$GT$$GT$4next17h479b948ab7270358E>
  ef6e56:	48 89 84 24 e8 00 00 	mov    %rax,0xe8(%rsp)
  ef6e5d:	00 
  ef6e5e:	48 89 94 24 f0 00 00 	mov    %rdx,0xf0(%rsp)
  ef6e65:	00 
  ef6e66:	48 f7 84 24 e8 00 00 	testq  $0x1,0xe8(%rsp)
  ef6e6d:	00 01 00 00 00 
  ef6e72:	74 6f                	je     ef6ee3 <_ZN4talc4talc13Talc$LT$O$GT$5claim17h61e5adcee940ac2dE+0x3b3>
  ef6e74:	48 8b 44 24 18       	mov    0x18(%rsp),%rax
  ef6e79:	48 8b 8c 24 f0 00 00 	mov    0xf0(%rsp),%rcx
  ef6e80:	00 
  ef6e81:	48 89 8c 24 60 01 00 	mov    %rcx,0x160(%rsp)
  ef6e88:	00 
  ef6e89:	48 89 84 24 e8 01 00 	mov    %rax,0x1e8(%rsp)
  ef6e90:	00 
  ef6e91:	48 89 84 24 c0 01 00 	mov    %rax,0x1c0(%rsp)
  ef6e98:	00 
  ef6e99:	48 89 8c 24 c8 01 00 	mov    %rcx,0x1c8(%rsp)
  ef6ea0:	00 
  ef6ea1:	48 89 ca             	mov    %rcx,%rdx
  ef6ea4:	48 c1 e2 03          	shl    $0x3,%rdx
  ef6ea8:	48 89 c6             	mov    %rax,%rsi
  ef6eab:	48 01 d6             	add    %rdx,%rsi
                        let bin_ptr = metadata_ptr.cast::<Bin>().add(i);
  ef6eae:	48 89 b4 24 68 01 00 	mov    %rsi,0x168(%rsp)
  ef6eb5:	00 
                        bin_ptr.write(None);
  ef6eb6:	48 c7 84 24 f8 00 00 	movq   $0x0,0xf8(%rsp)
  ef6ebd:	00 00 00 00 00 
  ef6ec2:	48 8b 94 24 f8 00 00 	mov    0xf8(%rsp),%rdx
  ef6ec9:	00 
  ef6eca:	48 89 b4 24 28 02 00 	mov    %rsi,0x228(%rsp)
  ef6ed1:	00 
  ef6ed2:	48 89 94 24 30 02 00 	mov    %rdx,0x230(%rsp)
  ef6ed9:	00 
        intrinsics::write_via_move(dst, src)
  ef6eda:	48 89 14 c8          	mov    %rdx,(%rax,%rcx,8)
  ef6ede:	e9 66 ff ff ff       	jmp    ef6e49 <_ZN4talc4talc13Talc$LT$O$GT$5claim17h61e5adcee940ac2dE+0x319>
  ef6ee3:	48 8b 74 24 50       	mov    0x50(%rsp),%rsi
  ef6ee8:	48 8b 7c 24 20       	mov    0x20(%rsp),%rdi
  ef6eed:	48 8b 44 24 68       	mov    0x68(%rsp),%rax
  ef6ef2:	48 8b 4c 24 18       	mov    0x18(%rsp),%rcx
  ef6ef7:	48 89 8c 24 f0 01 00 	mov    %rcx,0x1f0(%rsp)
  ef6efe:	00 
                    self.bins = metadata_ptr.cast::<Bin>();
  ef6eff:	48 89 48 20          	mov    %rcx,0x20(%rax)
  ef6f03:	48 89 bc 24 90 01 00 	mov    %rdi,0x190(%rsp)
  ef6f0a:	00 
  ef6f0b:	48 c7 84 24 98 01 00 	movq   $0x8,0x198(%rsp)
  ef6f12:	00 08 00 00 00 
  ef6f17:	48 83 c7 08          	add    $0x8,%rdi
  ef6f1b:	48 89 7c 24 10       	mov    %rdi,0x10(%rsp)
                    let metadata_chunk_acme = post_metadata_ptr.add(TAG_SIZE);
  ef6f20:	48 89 bc 24 50 01 00 	mov    %rdi,0x150(%rsp)
  ef6f27:	00 
                    if is_chunk_size(metadata_chunk_acme, acme) {
  ef6f28:	e8 03 0f 00 00       	call   ef7e30 <_ZN4talc4talc13is_chunk_size17h9936bd0c266ec380E>
  ef6f2d:	a8 01                	test   $0x1,%al
  ef6f2f:	75 56                	jne    ef6f87 <_ZN4talc4talc13Talc$LT$O$GT$5claim17h61e5adcee940ac2dE+0x457>
  ef6f31:	48 8b 4c 24 20       	mov    0x20(%rsp),%rcx
  ef6f36:	48 8b 44 24 50       	mov    0x50(%rsp),%rax
  ef6f3b:	48 89 84 24 d8 01 00 	mov    %rax,0x1d8(%rsp)
  ef6f42:	00 
  ef6f43:	48 c7 84 24 e0 01 00 	movq   $0x8,0x1e0(%rsp)
  ef6f4a:	00 08 00 00 00 
            unsafe { intrinsics::offset(self, intrinsics::unchecked_sub(0, count as isize)) }
  ef6f4f:	48 83 c0 f8          	add    $0xfffffffffffffff8,%rax
  ef6f53:	48 89 84 24 d0 01 00 	mov    %rax,0x1d0(%rsp)
  ef6f5a:	00 
    }
  ef6f5b:	48 8b 84 24 d0 01 00 	mov    0x1d0(%rsp),%rax
  ef6f62:	00 
  ef6f63:	48 89 44 24 08       	mov    %rax,0x8(%rsp)
  ef6f68:	48 89 84 24 08 02 00 	mov    %rax,0x208(%rsp)
  ef6f6f:	00 
                        let tag_ptr = acme.sub(TAG_SIZE).cast::<Tag>();
  ef6f70:	48 89 84 24 58 01 00 	mov    %rax,0x158(%rsp)
  ef6f77:	00 
  ef6f78:	48 89 8c 24 00 02 00 	mov    %rcx,0x200(%rsp)
  ef6f7f:	00 
                        if tag_ptr != post_metadata_ptr.cast() {
  ef6f80:	48 39 c8             	cmp    %rcx,%rax
  ef6f83:	75 49                	jne    ef6fce <_ZN4talc4talc13Talc$LT$O$GT$5claim17h61e5adcee940ac2dE+0x49e>
  ef6f85:	eb 32                	jmp    ef6fb9 <_ZN4talc4talc13Talc$LT$O$GT$5claim17h61e5adcee940ac2dE+0x489>
  ef6f87:	48 8b 54 24 50       	mov    0x50(%rsp),%rdx
  ef6f8c:	48 8b 74 24 10       	mov    0x10(%rsp),%rsi
  ef6f91:	48 8b 7c 24 68       	mov    0x68(%rsp),%rdi
                        self.register_gap(metadata_chunk_acme, acme);
  ef6f96:	e8 55 e2 ff ff       	call   ef51f0 <_ZN4talc4talc13Talc$LT$O$GT$12register_gap17h360e5fc2f7797526E>
  ef6f9b:	48 8b 7c 24 20       	mov    0x20(%rsp),%rdi
  ef6fa0:	48 8b 74 24 48       	mov    0x48(%rsp),%rsi
  ef6fa5:	48 89 bc 24 f8 01 00 	mov    %rdi,0x1f8(%rsp)
  ef6fac:	00 
  ef6fad:	ba 01 00 00 00       	mov    $0x1,%edx
                        Tag::write(post_metadata_ptr.cast(), base, true);
  ef6fb2:	e8 e9 44 00 00       	call   efb4a0 <_ZN4talc4talc3tag3Tag5write17hc98167a297e6fdc5E>
  ef6fb7:	eb 3c                	jmp    ef6ff5 <_ZN4talc4talc13Talc$LT$O$GT$5claim17h61e5adcee940ac2dE+0x4c5>
  ef6fb9:	48 8b 74 24 48       	mov    0x48(%rsp),%rsi
  ef6fbe:	48 8b 7c 24 08       	mov    0x8(%rsp),%rdi
                        Tag::write(tag_ptr, base, false);
  ef6fc3:	31 c0                	xor    %eax,%eax
  ef6fc5:	31 d2                	xor    %edx,%edx
  ef6fc7:	e8 d4 44 00 00       	call   efb4a0 <_ZN4talc4talc3tag3Tag5write17hc98167a297e6fdc5E>
  ef6fcc:	eb 27                	jmp    ef6ff5 <_ZN4talc4talc13Talc$LT$O$GT$5claim17h61e5adcee940ac2dE+0x4c5>
  ef6fce:	48 8b 44 24 20       	mov    0x20(%rsp),%rax
  ef6fd3:	48 8b 4c 24 08       	mov    0x8(%rsp),%rcx
  ef6fd8:	48 89 84 24 20 02 00 	mov    %rax,0x220(%rsp)
  ef6fdf:	00 
  ef6fe0:	48 89 84 24 38 02 00 	mov    %rax,0x238(%rsp)
  ef6fe7:	00 
  ef6fe8:	48 89 8c 24 40 02 00 	mov    %rcx,0x240(%rsp)
  ef6fef:	00 
  ef6ff0:	48 89 08             	mov    %rcx,(%rax)
                            post_metadata_ptr.cast::<*mut Tag>().write(tag_ptr);
  ef6ff3:	eb c4                	jmp    ef6fb9 <_ZN4talc4talc13Talc$LT$O$GT$5claim17h61e5adcee940ac2dE+0x489>
  ef6ff5:	48 8b 7c 24 68       	mov    0x68(%rsp),%rdi
                    self.scan_for_errors();
  ef6ffa:	e8 81 e7 ff ff       	call   ef5780 <_ZN4talc4talc13Talc$LT$O$GT$15scan_for_errors17h90b6c5f5a8701b97E>
  ef6fff:	48 8b 54 24 60       	mov    0x60(%rsp),%rdx
  ef7004:	48 8b 4c 24 58       	mov    0x58(%rsp),%rcx
  ef7009:	48 8b 44 24 70       	mov    0x70(%rsp),%rax
                    return Ok(aligned_heap);
  ef700e:	48 89 50 08          	mov    %rdx,0x8(%rax)
  ef7012:	48 89 48 10          	mov    %rcx,0x10(%rax)
  ef7016:	48 c7 00 00 00 00 00 	movq   $0x0,(%rax)
  ef701d:	e9 2b fd ff ff       	jmp    ef6d4d <_ZN4talc4talc13Talc$LT$O$GT$5claim17h61e5adcee940ac2dE+0x21d>
  ef7022:	cc                   	int3
  ef7023:	cc                   	int3
  ef7024:	cc                   	int3
  ef7025:	cc                   	int3
  ef7026:	cc                   	int3
  ef7027:	cc                   	int3
  ef7028:	cc                   	int3
  ef7029:	cc                   	int3
  ef702a:	cc                   	int3
  ef702b:	cc                   	int3
  ef702c:	cc                   	int3
  ef702d:	cc                   	int3
  ef702e:	cc                   	int3
  ef702f:	cc                   	int3

0000000000ef7030 <_ZN4talc4talc13Talc$LT$O$GT$6extend17hcfb2f09ab930db6cE>:
    pub unsafe fn extend(&mut self, old_heap: Span, req_heap: Span) -> Span {
  ef7030:	48 81 ec 38 02 00 00 	sub    $0x238,%rsp
  ef7037:	4c 89 44 24 48       	mov    %r8,0x48(%rsp)
  ef703c:	48 89 4c 24 50       	mov    %rcx,0x50(%rsp)
  ef7041:	48 89 54 24 58       	mov    %rdx,0x58(%rsp)
  ef7046:	48 89 74 24 60       	mov    %rsi,0x60(%rsp)
  ef704b:	48 89 7c 24 68       	mov    %rdi,0x68(%rsp)
  ef7050:	48 89 bc 24 10 01 00 	mov    %rdi,0x110(%rsp)
  ef7057:	00 
  ef7058:	48 89 b4 24 18 01 00 	mov    %rsi,0x118(%rsp)
  ef705f:	00 
  ef7060:	48 89 94 24 20 01 00 	mov    %rdx,0x120(%rsp)
  ef7067:	00 
  ef7068:	48 89 8c 24 28 01 00 	mov    %rcx,0x128(%rsp)
  ef706f:	00 
  ef7070:	4c 89 84 24 30 01 00 	mov    %r8,0x130(%rsp)
  ef7077:	00 
        assert!(!self.bins.is_null());
  ef7078:	48 8b 7f 20          	mov    0x20(%rdi),%rdi
  ef707c:	e8 9f 3d 00 00       	call   efae20 <_ZN4core3ptr7mut_ptr31_$LT$impl$u20$$BP$mut$u20$T$GT$7is_null17hd816237041b748a7E>
  ef7081:	a8 01                	test   $0x1,%al
  ef7083:	75 17                	jne    ef709c <_ZN4talc4talc13Talc$LT$O$GT$6extend17hcfb2f09ab930db6cE+0x6c>
  ef7085:	48 8b 74 24 58       	mov    0x58(%rsp),%rsi
  ef708a:	48 8b 7c 24 60       	mov    0x60(%rsp),%rdi
        assert!(old_heap.size() >= MIN_HEAP_SIZE);
  ef708f:	e8 ec 18 00 00       	call   ef8980 <_ZN4talc4span4Span4size17hf78faa1826503c1eE>
  ef7094:	48 83 f8 20          	cmp    $0x20,%rax
  ef7098:	73 32                	jae    ef70cc <_ZN4talc4talc13Talc$LT$O$GT$6extend17hcfb2f09ab930db6cE+0x9c>
  ef709a:	eb 18                	jmp    ef70b4 <_ZN4talc4talc13Talc$LT$O$GT$6extend17hcfb2f09ab930db6cE+0x84>
        assert!(!self.bins.is_null());
  ef709c:	48 c7 c7 98 e0 ee 00 	mov    $0xeee098,%rdi
  ef70a3:	48 c7 c2 c0 e0 ee 00 	mov    $0xeee0c0,%rdx
  ef70aa:	be 26 00 00 00       	mov    $0x26,%esi
  ef70af:	e8 8c 4f 00 00       	call   efc040 <_ZN4core9panicking5panic17hdbca58b08003962eE>
        assert!(old_heap.size() >= MIN_HEAP_SIZE);
  ef70b4:	48 c7 c7 80 df ee 00 	mov    $0xeedf80,%rdi
  ef70bb:	48 c7 c2 b8 df ee 00 	mov    $0xeedfb8,%rdx
  ef70c2:	be 32 00 00 00       	mov    $0x32,%esi
  ef70c7:	e8 74 4f 00 00       	call   efc040 <_ZN4core9panicking5panic17hdbca58b08003962eE>
  ef70cc:	48 8b 4c 24 58       	mov    0x58(%rsp),%rcx
  ef70d1:	48 8b 54 24 60       	mov    0x60(%rsp),%rdx
  ef70d6:	48 8b 74 24 48       	mov    0x48(%rsp),%rsi
  ef70db:	48 8b 7c 24 50       	mov    0x50(%rsp),%rdi
        assert!(req_heap.contains_span(old_heap), "new_heap must contain old_heap");
  ef70e0:	e8 8b 16 00 00       	call   ef8770 <_ZN4talc4span4Span13contains_span17ha5cb11bb8e9b156dE>
  ef70e5:	a8 01                	test   $0x1,%al
  ef70e7:	75 22                	jne    ef710b <_ZN4talc4talc13Talc$LT$O$GT$6extend17hcfb2f09ab930db6cE+0xdb>
  ef70e9:	48 c7 c6 f0 df ee 00 	mov    $0xeedff0,%rsi
  ef70f0:	48 8d 7c 24 70       	lea    0x70(%rsp),%rdi
  ef70f5:	e8 a6 3c 00 00       	call   efada0 <_ZN4core3fmt9Arguments9new_const17ha6eaf14010da406eE>
  ef70fa:	48 c7 c6 00 e0 ee 00 	mov    $0xeee000,%rsi
  ef7101:	48 8d 7c 24 70       	lea    0x70(%rsp),%rdi
  ef7106:	e8 b5 4e 00 00       	call   efbfc0 <_ZN4core9panicking9panic_fmt17h2982420c32d2353cE>
  ef710b:	48 8b 74 24 48       	mov    0x48(%rsp),%rsi
  ef7110:	48 8b 7c 24 50       	mov    0x50(%rsp),%rdi
        assert!(!req_heap.contains(null_mut()), "new_heap covers the null address!");
  ef7115:	31 c0                	xor    %eax,%eax
  ef7117:	31 c0                	xor    %eax,%eax
  ef7119:	89 c2                	mov    %eax,%edx
  ef711b:	e8 40 1a 00 00       	call   ef8b60 <_ZN4talc4span4Span8contains17hb4bf16843f612149E>
  ef7120:	a8 01                	test   $0x1,%al
  ef7122:	0f 85 38 01 00 00    	jne    ef7260 <_ZN4talc4talc13Talc$LT$O$GT$6extend17hcfb2f09ab930db6cE+0x230>
  ef7128:	48 8b 7c 24 68       	mov    0x68(%rsp),%rdi
        self.scan_for_errors();
  ef712d:	e8 4e e6 ff ff       	call   ef5780 <_ZN4talc4talc13Talc$LT$O$GT$15scan_for_errors17h90b6c5f5a8701b97E>
  ef7132:	48 8b 7c 24 60       	mov    0x60(%rsp),%rdi
  ef7137:	48 8b 74 24 58       	mov    0x58(%rsp),%rsi
        let (old_base, old_acme) = old_heap.word_align_inward().get_base_acme().unwrap();
  ef713c:	e8 7f 17 00 00       	call   ef88c0 <_ZN4talc4span4Span17word_align_inward17h0042ea0dd5a4cf24E>
  ef7141:	48 89 c6             	mov    %rax,%rsi
  ef7144:	48 8d bc 24 d0 00 00 	lea    0xd0(%rsp),%rdi
  ef714b:	00 
  ef714c:	e8 af 16 00 00       	call   ef8800 <_ZN4talc4span4Span13get_base_acme17he3f7b6ad87d4bd4dE>
        match self {
  ef7151:	48 f7 84 24 d0 00 00 	testq  $0x1,0xd0(%rsp)
  ef7158:	00 01 00 00 00 
  ef715d:	75 0c                	jne    ef716b <_ZN4talc4talc13Talc$LT$O$GT$6extend17hcfb2f09ab930db6cE+0x13b>
            None => unwrap_failed(),
  ef715f:	48 c7 c7 18 e0 ee 00 	mov    $0xeee018,%rdi
  ef7166:	e8 15 4d 00 00       	call   efbe80 <_ZN4core6option13unwrap_failed17h11d2601d11e4d7b2E>
  ef716b:	48 8b 74 24 48       	mov    0x48(%rsp),%rsi
  ef7170:	48 8b 7c 24 50       	mov    0x50(%rsp),%rdi
            Some(val) => val,
  ef7175:	48 8b 8c 24 d8 00 00 	mov    0xd8(%rsp),%rcx
  ef717c:	00 
  ef717d:	48 89 4c 24 38       	mov    %rcx,0x38(%rsp)
  ef7182:	48 8b 84 24 e0 00 00 	mov    0xe0(%rsp),%rax
  ef7189:	00 
  ef718a:	48 89 44 24 40       	mov    %rax,0x40(%rsp)
  ef718f:	48 89 8c 24 28 02 00 	mov    %rcx,0x228(%rsp)
  ef7196:	00 
  ef7197:	48 89 84 24 30 02 00 	mov    %rax,0x230(%rsp)
  ef719e:	00 
  ef719f:	48 89 8c 24 38 01 00 	mov    %rcx,0x138(%rsp)
  ef71a6:	00 
  ef71a7:	48 89 84 24 40 01 00 	mov    %rax,0x140(%rsp)
  ef71ae:	00 
        let (new_base, new_acme) = req_heap.word_align_inward().get_base_acme().unwrap();
  ef71af:	e8 0c 17 00 00       	call   ef88c0 <_ZN4talc4span4Span17word_align_inward17h0042ea0dd5a4cf24E>
  ef71b4:	48 89 c6             	mov    %rax,%rsi
  ef71b7:	48 8d bc 24 e8 00 00 	lea    0xe8(%rsp),%rdi
  ef71be:	00 
  ef71bf:	e8 3c 16 00 00       	call   ef8800 <_ZN4talc4span4Span13get_base_acme17he3f7b6ad87d4bd4dE>
        match self {
  ef71c4:	48 f7 84 24 e8 00 00 	testq  $0x1,0xe8(%rsp)
  ef71cb:	00 01 00 00 00 
  ef71d0:	75 0c                	jne    ef71de <_ZN4talc4talc13Talc$LT$O$GT$6extend17hcfb2f09ab930db6cE+0x1ae>
            None => unwrap_failed(),
  ef71d2:	48 c7 c7 30 e0 ee 00 	mov    $0xeee030,%rdi
  ef71d9:	e8 a2 4c 00 00       	call   efbe80 <_ZN4core6option13unwrap_failed17h11d2601d11e4d7b2E>
  ef71de:	48 8b 7c 24 40       	mov    0x40(%rsp),%rdi
            Some(val) => val,
  ef71e3:	48 8b 8c 24 f0 00 00 	mov    0xf0(%rsp),%rcx
  ef71ea:	00 
  ef71eb:	48 89 4c 24 20       	mov    %rcx,0x20(%rsp)
  ef71f0:	48 8b 84 24 f8 00 00 	mov    0xf8(%rsp),%rax
  ef71f7:	00 
  ef71f8:	48 89 44 24 28       	mov    %rax,0x28(%rsp)
  ef71fd:	48 89 8c 24 18 02 00 	mov    %rcx,0x218(%rsp)
  ef7204:	00 
  ef7205:	48 89 84 24 20 02 00 	mov    %rax,0x220(%rsp)
  ef720c:	00 
  ef720d:	48 89 8c 24 48 01 00 	mov    %rcx,0x148(%rsp)
  ef7214:	00 
  ef7215:	48 89 84 24 50 01 00 	mov    %rax,0x150(%rsp)
  ef721c:	00 
  ef721d:	48 89 8c 24 d0 01 00 	mov    %rcx,0x1d0(%rsp)
  ef7224:	00 
  ef7225:	48 c7 84 24 d8 01 00 	movq   $0x8,0x1d8(%rsp)
  ef722c:	00 08 00 00 00 
        unsafe { intrinsics::offset(self, count) }
  ef7231:	48 89 ca             	mov    %rcx,%rdx
  ef7234:	48 83 c2 08          	add    $0x8,%rdx
  ef7238:	48 89 54 24 30       	mov    %rdx,0x30(%rsp)
        let new_chunk_base = new_base.add(TAG_SIZE);
  ef723d:	48 89 94 24 58 01 00 	mov    %rdx,0x158(%rsp)
  ef7244:	00 
        let mut ret_base = new_base;
  ef7245:	48 89 8c 24 00 01 00 	mov    %rcx,0x100(%rsp)
  ef724c:	00 
        let mut ret_acme = new_acme;
  ef724d:	48 89 84 24 08 01 00 	mov    %rax,0x108(%rsp)
  ef7254:	00 
        if is_gap_below(old_acme) {
  ef7255:	e8 a6 0b 00 00       	call   ef7e00 <_ZN4talc4talc12is_gap_below17h8a0321c463c471b8E>
  ef725a:	a8 01                	test   $0x1,%al
  ef725c:	75 3f                	jne    ef729d <_ZN4talc4talc13Talc$LT$O$GT$6extend17hcfb2f09ab930db6cE+0x26d>
  ef725e:	eb 28                	jmp    ef7288 <_ZN4talc4talc13Talc$LT$O$GT$6extend17hcfb2f09ab930db6cE+0x258>
        assert!(!req_heap.contains(null_mut()), "new_heap covers the null address!");
  ef7260:	48 c7 c6 70 e0 ee 00 	mov    $0xeee070,%rsi
  ef7267:	48 8d bc 24 a0 00 00 	lea    0xa0(%rsp),%rdi
  ef726e:	00 
  ef726f:	e8 2c 3b 00 00       	call   efada0 <_ZN4core3fmt9Arguments9new_const17ha6eaf14010da406eE>
  ef7274:	48 c7 c6 80 e0 ee 00 	mov    $0xeee080,%rsi
  ef727b:	48 8d bc 24 a0 00 00 	lea    0xa0(%rsp),%rdi
  ef7282:	00 
  ef7283:	e8 38 4d 00 00       	call   efbfc0 <_ZN4core9panicking9panic_fmt17h2982420c32d2353cE>
  ef7288:	48 8b 74 24 28       	mov    0x28(%rsp),%rsi
  ef728d:	48 8b 7c 24 40       	mov    0x40(%rsp),%rdi
        } else if is_chunk_size(old_acme, new_acme) {
  ef7292:	e8 99 0b 00 00       	call   ef7e30 <_ZN4talc4talc13is_chunk_size17h9936bd0c266ec380E>
  ef7297:	a8 01                	test   $0x1,%al
  ef7299:	75 60                	jne    ef72fb <_ZN4talc4talc13Talc$LT$O$GT$6extend17hcfb2f09ab930db6cE+0x2cb>
  ef729b:	eb 4f                	jmp    ef72ec <_ZN4talc4talc13Talc$LT$O$GT$6extend17hcfb2f09ab930db6cE+0x2bc>
  ef729d:	48 8b 7c 24 40       	mov    0x40(%rsp),%rdi
            let (top_base, top_size) = gap_acme_to_base_size(old_acme);
  ef72a2:	e8 09 0e 00 00       	call   ef80b0 <_ZN4talc4talc21gap_acme_to_base_size17h0aa87d75867c10cdE>
  ef72a7:	48 89 d7             	mov    %rdx,%rdi
  ef72aa:	48 89 44 24 18       	mov    %rax,0x18(%rsp)
  ef72af:	48 89 84 24 60 01 00 	mov    %rax,0x160(%rsp)
  ef72b6:	00 
  ef72b7:	48 89 bc 24 68 01 00 	mov    %rdi,0x168(%rsp)
  ef72be:	00 
            self.deregister_gap(top_base, bin_of_size(top_size));
  ef72bf:	e8 4c 08 00 00       	call   ef7b10 <_ZN4talc4talc11bin_of_size17h8158e81d7b72e560E>
  ef72c4:	48 8b 7c 24 68       	mov    0x68(%rsp),%rdi
  ef72c9:	48 8b 74 24 18       	mov    0x18(%rsp),%rsi
  ef72ce:	48 89 c2             	mov    %rax,%rdx
  ef72d1:	e8 0a e4 ff ff       	call   ef56e0 <_ZN4talc4talc13Talc$LT$O$GT$14deregister_gap17h592672fcf8b01821E>
  ef72d6:	48 8b 7c 24 68       	mov    0x68(%rsp),%rdi
  ef72db:	48 8b 74 24 18       	mov    0x18(%rsp),%rsi
  ef72e0:	48 8b 54 24 28       	mov    0x28(%rsp),%rdx
            self.register_gap(top_base, new_acme);
  ef72e5:	e8 06 df ff ff       	call   ef51f0 <_ZN4talc4talc13Talc$LT$O$GT$12register_gap17h360e5fc2f7797526E>
  ef72ea:	eb 5d                	jmp    ef7349 <_ZN4talc4talc13Talc$LT$O$GT$6extend17hcfb2f09ab930db6cE+0x319>
  ef72ec:	48 8b 44 24 40       	mov    0x40(%rsp),%rax
            ret_acme = old_acme;
  ef72f1:	48 89 84 24 08 01 00 	mov    %rax,0x108(%rsp)
  ef72f8:	00 
        } else if is_chunk_size(old_acme, new_acme) {
  ef72f9:	eb 4e                	jmp    ef7349 <_ZN4talc4talc13Talc$LT$O$GT$6extend17hcfb2f09ab930db6cE+0x319>
  ef72fb:	48 8b 74 24 40       	mov    0x40(%rsp),%rsi
  ef7300:	48 8b 54 24 28       	mov    0x28(%rsp),%rdx
  ef7305:	48 8b 7c 24 68       	mov    0x68(%rsp),%rdi
            self.register_gap(old_acme, new_acme);
  ef730a:	e8 e1 de ff ff       	call   ef51f0 <_ZN4talc4talc13Talc$LT$O$GT$12register_gap17h360e5fc2f7797526E>
  ef730f:	48 8b 44 24 40       	mov    0x40(%rsp),%rax
  ef7314:	48 89 84 24 e8 01 00 	mov    %rax,0x1e8(%rsp)
  ef731b:	00 
  ef731c:	48 c7 84 24 f0 01 00 	movq   $0x8,0x1f0(%rsp)
  ef7323:	00 08 00 00 00 
            unsafe { intrinsics::offset(self, intrinsics::unchecked_sub(0, count as isize)) }
  ef7328:	48 83 c0 f8          	add    $0xfffffffffffffff8,%rax
  ef732c:	48 89 84 24 e0 01 00 	mov    %rax,0x1e0(%rsp)
  ef7333:	00 
    }
  ef7334:	48 8b bc 24 e0 01 00 	mov    0x1e0(%rsp),%rdi
  ef733b:	00 
  ef733c:	48 89 bc 24 08 02 00 	mov    %rdi,0x208(%rsp)
  ef7343:	00 
            Tag::set_above_free(old_acme.sub(TAG_SIZE).cast());
  ef7344:	e8 b7 42 00 00       	call   efb600 <_ZN4talc4talc3tag3Tag14set_above_free17h7650adf9f9dc38c1E>
  ef7349:	48 8b 7c 24 38       	mov    0x38(%rsp),%rdi
        if is_gap_above_heap_base(old_base) {
  ef734e:	e8 dd 0d 00 00       	call   ef8130 <_ZN4talc4talc22is_gap_above_heap_base17h6a1cb03b13201ae3E>
  ef7353:	a8 01                	test   $0x1,%al
  ef7355:	75 1c                	jne    ef7373 <_ZN4talc4talc13Talc$LT$O$GT$6extend17hcfb2f09ab930db6cE+0x343>
  ef7357:	48 8b 74 24 38       	mov    0x38(%rsp),%rsi
  ef735c:	48 8b 7c 24 20       	mov    0x20(%rsp),%rdi
        } else if is_chunk_size(new_base, old_base) {
  ef7361:	e8 ca 0a 00 00       	call   ef7e30 <_ZN4talc4talc13is_chunk_size17h9936bd0c266ec380E>
  ef7366:	a8 01                	test   $0x1,%al
  ef7368:	0f 85 bd 00 00 00    	jne    ef742b <_ZN4talc4talc13Talc$LT$O$GT$6extend17hcfb2f09ab930db6cE+0x3fb>
  ef736e:	e9 a9 00 00 00       	jmp    ef741c <_ZN4talc4talc13Talc$LT$O$GT$6extend17hcfb2f09ab930db6cE+0x3ec>
  ef7373:	48 8b 7c 24 38       	mov    0x38(%rsp),%rdi
  ef7378:	48 89 bc 24 a0 01 00 	mov    %rdi,0x1a0(%rsp)
  ef737f:	00 
  ef7380:	48 c7 84 24 a8 01 00 	movq   $0x8,0x1a8(%rsp)
  ef7387:	00 08 00 00 00 
        unsafe { intrinsics::offset(self, count) }
  ef738c:	48 83 c7 08          	add    $0x8,%rdi
  ef7390:	48 89 7c 24 08       	mov    %rdi,0x8(%rsp)
            let bottom_base = old_base.add(TAG_SIZE);
  ef7395:	48 89 bc 24 70 01 00 	mov    %rdi,0x170(%rsp)
  ef739c:	00 
            let bottom_size = gap_base_to_size(bottom_base).read();
  ef739d:	e8 be 0b 00 00       	call   ef7f60 <_ZN4talc4talc16gap_base_to_size17h3f8242ecc96f9489E>
  ef73a2:	48 89 84 24 10 02 00 	mov    %rax,0x210(%rsp)
  ef73a9:	00 
        crate::intrinsics::read_via_copy(src)
  ef73aa:	48 8b 38             	mov    (%rax),%rdi
  ef73ad:	48 89 7c 24 10       	mov    %rdi,0x10(%rsp)
  ef73b2:	48 89 bc 24 78 01 00 	mov    %rdi,0x178(%rsp)
  ef73b9:	00 
            self.deregister_gap(bottom_base, bin_of_size(bottom_size));
  ef73ba:	e8 51 07 00 00       	call   ef7b10 <_ZN4talc4talc11bin_of_size17h8158e81d7b72e560E>
  ef73bf:	48 8b 74 24 08       	mov    0x8(%rsp),%rsi
  ef73c4:	48 8b 7c 24 68       	mov    0x68(%rsp),%rdi
  ef73c9:	48 89 c2             	mov    %rax,%rdx
  ef73cc:	e8 0f e3 ff ff       	call   ef56e0 <_ZN4talc4talc13Talc$LT$O$GT$14deregister_gap17h592672fcf8b01821E>
  ef73d1:	48 8b 54 24 08       	mov    0x8(%rsp),%rdx
  ef73d6:	48 8b 44 24 10       	mov    0x10(%rsp),%rax
  ef73db:	48 8b 7c 24 68       	mov    0x68(%rsp),%rdi
  ef73e0:	48 8b 74 24 30       	mov    0x30(%rsp),%rsi
  ef73e5:	48 89 94 24 90 01 00 	mov    %rdx,0x190(%rsp)
  ef73ec:	00 
  ef73ed:	48 89 84 24 98 01 00 	mov    %rax,0x198(%rsp)
  ef73f4:	00 
  ef73f5:	48 01 c2             	add    %rax,%rdx
            self.register_gap(new_chunk_base, bottom_base.add(bottom_size));
  ef73f8:	e8 f3 dd ff ff       	call   ef51f0 <_ZN4talc4talc13Talc$LT$O$GT$12register_gap17h360e5fc2f7797526E>
  ef73fd:	48 8b 7c 24 20       	mov    0x20(%rsp),%rdi
  ef7402:	48 89 bc 24 f8 01 00 	mov    %rdi,0x1f8(%rsp)
  ef7409:	00 
            Tag::write(new_base.cast(), null_mut(), true);
  ef740a:	31 c0                	xor    %eax,%eax
  ef740c:	31 c0                	xor    %eax,%eax
  ef740e:	89 c6                	mov    %eax,%esi
  ef7410:	ba 01 00 00 00       	mov    $0x1,%edx
  ef7415:	e8 86 40 00 00       	call   efb4a0 <_ZN4talc4talc3tag3Tag5write17hc98167a297e6fdc5E>
  ef741a:	eb 70                	jmp    ef748c <_ZN4talc4talc13Talc$LT$O$GT$6extend17hcfb2f09ab930db6cE+0x45c>
  ef741c:	48 8b 44 24 38       	mov    0x38(%rsp),%rax
            ret_base = old_base;
  ef7421:	48 89 84 24 00 01 00 	mov    %rax,0x100(%rsp)
  ef7428:	00 
        } else if is_chunk_size(new_base, old_base) {
  ef7429:	eb 61                	jmp    ef748c <_ZN4talc4talc13Talc$LT$O$GT$6extend17hcfb2f09ab930db6cE+0x45c>
  ef742b:	48 8b 74 24 20       	mov    0x20(%rsp),%rsi
  ef7430:	48 8b 7c 24 68       	mov    0x68(%rsp),%rdi
  ef7435:	48 8b 54 24 38       	mov    0x38(%rsp),%rdx
  ef743a:	48 89 b4 24 c0 01 00 	mov    %rsi,0x1c0(%rsp)
  ef7441:	00 
  ef7442:	48 c7 84 24 c8 01 00 	movq   $0x8,0x1c8(%rsp)
  ef7449:	00 08 00 00 00 
  ef744e:	48 83 c6 08          	add    $0x8,%rsi
  ef7452:	48 89 94 24 b0 01 00 	mov    %rdx,0x1b0(%rsp)
  ef7459:	00 
  ef745a:	48 c7 84 24 b8 01 00 	movq   $0x8,0x1b8(%rsp)
  ef7461:	00 08 00 00 00 
  ef7466:	48 83 c2 08          	add    $0x8,%rdx
            self.register_gap(new_base.add(TAG_SIZE), old_base.add(TAG_SIZE));
  ef746a:	e8 81 dd ff ff       	call   ef51f0 <_ZN4talc4talc13Talc$LT$O$GT$12register_gap17h360e5fc2f7797526E>
  ef746f:	48 8b 7c 24 20       	mov    0x20(%rsp),%rdi
  ef7474:	48 89 bc 24 00 02 00 	mov    %rdi,0x200(%rsp)
  ef747b:	00 
            Tag::write(new_base.cast(), null_mut(), true);
  ef747c:	31 c0                	xor    %eax,%eax
  ef747e:	31 c0                	xor    %eax,%eax
  ef7480:	89 c6                	mov    %eax,%esi
  ef7482:	ba 01 00 00 00       	mov    $0x1,%edx
  ef7487:	e8 14 40 00 00       	call   efb4a0 <_ZN4talc4talc3tag3Tag5write17hc98167a297e6fdc5E>
        let ret_heap = Span::new(ret_base, ret_acme);
  ef748c:	48 8b bc 24 00 01 00 	mov    0x100(%rsp),%rdi
  ef7493:	00 
  ef7494:	48 8b b4 24 08 01 00 	mov    0x108(%rsp),%rsi
  ef749b:	00 
  ef749c:	e8 bf 14 00 00       	call   ef8960 <_ZN4talc4span4Span3new17he5cf2a0df39e6016E>
  ef74a1:	48 89 84 24 80 01 00 	mov    %rax,0x180(%rsp)
  ef74a8:	00 
  ef74a9:	48 89 94 24 88 01 00 	mov    %rdx,0x188(%rsp)
  ef74b0:	00 
    }
  ef74b1:	48 81 c4 38 02 00 00 	add    $0x238,%rsp
  ef74b8:	c3                   	ret
  ef74b9:	cc                   	int3
  ef74ba:	cc                   	int3
  ef74bb:	cc                   	int3
  ef74bc:	cc                   	int3
  ef74bd:	cc                   	int3
  ef74be:	cc                   	int3
  ef74bf:	cc                   	int3

0000000000ef74c0 <_ZN4talc4talc13Talc$LT$O$GT$6malloc17h06afc4b86d91d853E>:
    pub unsafe fn malloc(&mut self, layout: Layout) -> Result<NonNull<u8>, ()> {
  ef74c0:	48 81 ec 78 01 00 00 	sub    $0x178,%rsp
  ef74c7:	48 89 7c 24 30       	mov    %rdi,0x30(%rsp)
  ef74cc:	48 89 74 24 38       	mov    %rsi,0x38(%rsp)
  ef74d1:	48 89 54 24 40       	mov    %rdx,0x40(%rsp)
  ef74d6:	48 89 bc 24 98 00 00 	mov    %rdi,0x98(%rsp)
  ef74dd:	00 
  ef74de:	48 8d 7c 24 38       	lea    0x38(%rsp),%rdi
        debug_assert!(layout.size() != 0);
  ef74e3:	e8 68 21 00 00       	call   ef9650 <_ZN4core5alloc6layout6Layout4size17h01105bc4314f51d8E>
  ef74e8:	48 83 f8 00          	cmp    $0x0,%rax
  ef74ec:	75 18                	jne    ef7506 <_ZN4talc4talc13Talc$LT$O$GT$6malloc17h06afc4b86d91d853E+0x46>
  ef74ee:	48 c7 c7 d8 e0 ee 00 	mov    $0xeee0d8,%rdi
  ef74f5:	48 c7 c2 00 e1 ee 00 	mov    $0xeee100,%rdx
  ef74fc:	be 24 00 00 00       	mov    $0x24,%esi
  ef7501:	e8 3a 4b 00 00       	call   efc040 <_ZN4core9panicking5panic17hdbca58b08003962eE>
  ef7506:	48 8b 7c 24 30       	mov    0x30(%rsp),%rdi
        self.scan_for_errors();
  ef750b:	e8 70 e2 ff ff       	call   ef5780 <_ZN4talc4talc13Talc$LT$O$GT$15scan_for_errors17h90b6c5f5a8701b97E>
  ef7510:	48 8b 74 24 30       	mov    0x30(%rsp),%rsi
            match self.get_sufficient_chunk(layout) {
  ef7515:	48 8b 54 24 38       	mov    0x38(%rsp),%rdx
  ef751a:	48 8b 4c 24 40       	mov    0x40(%rsp),%rcx
  ef751f:	48 8d 7c 24 58       	lea    0x58(%rsp),%rdi
  ef7524:	e8 47 e7 ff ff       	call   ef5c70 <_ZN4talc4talc13Talc$LT$O$GT$20get_sufficient_chunk17h719d27d7244a3d20E>
  ef7529:	48 f7 44 24 58 01 00 	testq  $0x1,0x58(%rsp)
  ef7530:	00 00 
  ef7532:	0f 84 a9 00 00 00    	je     ef75e1 <_ZN4talc4talc13Talc$LT$O$GT$6malloc17h06afc4b86d91d853E+0x121>
                Some(payload) => break payload,
  ef7538:	48 8b 44 24 60       	mov    0x60(%rsp),%rax
  ef753d:	48 89 44 24 78       	mov    %rax,0x78(%rsp)
  ef7542:	48 8b 44 24 68       	mov    0x68(%rsp),%rax
  ef7547:	48 89 84 24 80 00 00 	mov    %rax,0x80(%rsp)
  ef754e:	00 
  ef754f:	48 8b 44 24 70       	mov    0x70(%rsp),%rax
  ef7554:	48 89 84 24 88 00 00 	mov    %rax,0x88(%rsp)
  ef755b:	00 
        let (mut free_base, free_acme, alloc_base) = loop {
  ef755c:	48 8b 44 24 78       	mov    0x78(%rsp),%rax
  ef7561:	48 89 44 24 50       	mov    %rax,0x50(%rsp)
  ef7566:	48 8b 84 24 80 00 00 	mov    0x80(%rsp),%rax
  ef756d:	00 
  ef756e:	48 89 44 24 18       	mov    %rax,0x18(%rsp)
  ef7573:	48 89 84 24 a8 00 00 	mov    %rax,0xa8(%rsp)
  ef757a:	00 
  ef757b:	48 8b bc 24 88 00 00 	mov    0x88(%rsp),%rdi
  ef7582:	00 
  ef7583:	48 89 7c 24 20       	mov    %rdi,0x20(%rsp)
  ef7588:	48 89 bc 24 b0 00 00 	mov    %rdi,0xb0(%rsp)
  ef758f:	00 
  ef7590:	48 89 84 24 38 01 00 	mov    %rax,0x138(%rsp)
  ef7597:	00 
  ef7598:	48 c7 84 24 40 01 00 	movq   $0x18,0x140(%rsp)
  ef759f:	00 18 00 00 00 
            unsafe { intrinsics::offset(self, intrinsics::unchecked_sub(0, count as isize)) }
  ef75a4:	48 83 c0 e8          	add    $0xffffffffffffffe8,%rax
  ef75a8:	48 89 84 24 30 01 00 	mov    %rax,0x130(%rsp)
  ef75af:	00 
    }
  ef75b0:	48 8b b4 24 30 01 00 	mov    0x130(%rsp),%rsi
  ef75b7:	00 
        let chunk_base_ceil = alloc_base.min(free_acme.sub(MIN_CHUNK_SIZE));
  ef75b8:	e8 c3 0d 00 00       	call   ef8380 <_ZN4core3cmp3Ord3min17h2332d09edc5d9754E>
  ef75bd:	48 89 c6             	mov    %rax,%rsi
  ef75c0:	48 89 74 24 28       	mov    %rsi,0x28(%rsp)
  ef75c5:	48 89 b4 24 b8 00 00 	mov    %rsi,0xb8(%rsp)
  ef75cc:	00 
        if is_chunk_size(free_base, chunk_base_ceil) {
  ef75cd:	48 8b 7c 24 50       	mov    0x50(%rsp),%rdi
  ef75d2:	e8 59 08 00 00       	call   ef7e30 <_ZN4talc4talc13is_chunk_size17h9936bd0c266ec380E>
  ef75d7:	a8 01                	test   $0x1,%al
  ef75d9:	0f 85 8c 00 00 00    	jne    ef766b <_ZN4talc4talc13Talc$LT$O$GT$6malloc17h06afc4b86d91d853E+0x1ab>
  ef75df:	eb 4e                	jmp    ef762f <_ZN4talc4talc13Talc$LT$O$GT$6malloc17h06afc4b86d91d853E+0x16f>
  ef75e1:	48 8b 7c 24 30       	mov    0x30(%rsp),%rdi
                None => _ = O::handle_oom(self, layout)?,
  ef75e6:	48 8b 74 24 38       	mov    0x38(%rsp),%rsi
  ef75eb:	48 8b 54 24 40       	mov    0x40(%rsp),%rdx
  ef75f0:	e8 8b ab ff ff       	call   ef2180 <_ZN82_$LT$common_std..heap..OomHandlerImpl$u20$as$u20$talc..oom_handler..OomHandler$GT$10handle_oom17h335fcb070cdfe695E>
  ef75f5:	0f b6 f8             	movzbl %al,%edi
  ef75f8:	83 e7 01             	and    $0x1,%edi
  ef75fb:	e8 90 d7 ff ff       	call   ef4d90 <_ZN79_$LT$core..result..Result$LT$T$C$E$GT$$u20$as$u20$core..ops..try_trait..Try$GT$6branch17hb7366e360f77c8c2E>
  ef7600:	24 01                	and    $0x1,%al
  ef7602:	0f b6 c0             	movzbl %al,%eax
  ef7605:	48 a9 01 00 00 00    	test   $0x1,%rax
  ef760b:	0f 84 ff fe ff ff    	je     ef7510 <_ZN4talc4talc13Talc$LT$O$GT$6malloc17h06afc4b86d91d853E+0x50>
  ef7611:	48 c7 c7 18 e1 ee 00 	mov    $0xeee118,%rdi
  ef7618:	e8 63 d4 ff ff       	call   ef4a80 <_ZN153_$LT$core..result..Result$LT$T$C$F$GT$$u20$as$u20$core..ops..try_trait..FromResidual$LT$core..result..Result$LT$core..convert..Infallible$C$E$GT$$GT$$GT$13from_residual17h2c3e50bb46c84a67E>
  ef761d:	48 89 44 24 48       	mov    %rax,0x48(%rsp)
    }
  ef7622:	48 8b 44 24 48       	mov    0x48(%rsp),%rax
  ef7627:	48 81 c4 78 01 00 00 	add    $0x178,%rsp
  ef762e:	c3                   	ret
            Tag::clear_above_free(free_base.sub(TAG_SIZE).cast());
  ef762f:	48 8b 44 24 50       	mov    0x50(%rsp),%rax
  ef7634:	48 89 84 24 20 01 00 	mov    %rax,0x120(%rsp)
  ef763b:	00 
  ef763c:	48 c7 84 24 28 01 00 	movq   $0x8,0x128(%rsp)
  ef7643:	00 08 00 00 00 
            unsafe { intrinsics::offset(self, intrinsics::unchecked_sub(0, count as isize)) }
  ef7648:	48 83 c0 f8          	add    $0xfffffffffffffff8,%rax
  ef764c:	48 89 84 24 18 01 00 	mov    %rax,0x118(%rsp)
  ef7653:	00 
    }
  ef7654:	48 8b bc 24 18 01 00 	mov    0x118(%rsp),%rdi
  ef765b:	00 
  ef765c:	48 89 bc 24 58 01 00 	mov    %rdi,0x158(%rsp)
  ef7663:	00 
  ef7664:	e8 57 40 00 00       	call   efb6c0 <_ZN4talc4talc3tag3Tag16clear_above_free17hfc74b67f73daee0dE>
  ef7669:	eb 1e                	jmp    ef7689 <_ZN4talc4talc13Talc$LT$O$GT$6malloc17h06afc4b86d91d853E+0x1c9>
  ef766b:	48 8b 54 24 28       	mov    0x28(%rsp),%rdx
  ef7670:	48 8b 7c 24 30       	mov    0x30(%rsp),%rdi
            self.register_gap(free_base, chunk_base_ceil);
  ef7675:	48 8b 74 24 50       	mov    0x50(%rsp),%rsi
  ef767a:	e8 71 db ff ff       	call   ef51f0 <_ZN4talc4talc13Talc$LT$O$GT$12register_gap17h360e5fc2f7797526E>
  ef767f:	48 8b 44 24 28       	mov    0x28(%rsp),%rax
            free_base = chunk_base_ceil;
  ef7684:	48 89 44 24 50       	mov    %rax,0x50(%rsp)
  ef7689:	48 8d 7c 24 38       	lea    0x38(%rsp),%rdi
        let post_alloc_ptr = align_up(alloc_base.add(layout.size()));
  ef768e:	e8 bd 1f 00 00       	call   ef9650 <_ZN4core5alloc6layout6Layout4size17h01105bc4314f51d8E>
  ef7693:	48 8b 7c 24 20       	mov    0x20(%rsp),%rdi
  ef7698:	48 89 bc 24 f0 00 00 	mov    %rdi,0xf0(%rsp)
  ef769f:	00 
  ef76a0:	48 89 84 24 f8 00 00 	mov    %rax,0xf8(%rsp)
  ef76a7:	00 
        unsafe { intrinsics::offset(self, count) }
  ef76a8:	48 01 c7             	add    %rax,%rdi
  ef76ab:	e8 f0 3a 00 00       	call   efb1a0 <_ZN4talc9ptr_utils8align_up17h423642f2ddace20eE>
  ef76b0:	48 89 c6             	mov    %rax,%rsi
  ef76b3:	48 89 74 24 08       	mov    %rsi,0x8(%rsp)
  ef76b8:	48 89 b4 24 c0 00 00 	mov    %rsi,0xc0(%rsp)
  ef76bf:	00 
        let mut tag_ptr = free_base.add(MIN_TAG_OFFSET).max(post_alloc_ptr);
  ef76c0:	48 8b 7c 24 50       	mov    0x50(%rsp),%rdi
  ef76c5:	48 89 bc 24 e0 00 00 	mov    %rdi,0xe0(%rsp)
  ef76cc:	00 
  ef76cd:	48 c7 84 24 e8 00 00 	movq   $0x10,0xe8(%rsp)
  ef76d4:	00 10 00 00 00 
  ef76d9:	48 83 c7 10          	add    $0x10,%rdi
  ef76dd:	e8 4e 0c 00 00       	call   ef8330 <_ZN4core3cmp3Ord3max17h944f59fb7cce2fe0E>
  ef76e2:	48 8b 74 24 18       	mov    0x18(%rsp),%rsi
  ef76e7:	48 89 84 24 90 00 00 	mov    %rax,0x90(%rsp)
  ef76ee:	00 
        let min_alloc_chunk_acme = tag_ptr.add(TAG_SIZE);
  ef76ef:	48 8b bc 24 90 00 00 	mov    0x90(%rsp),%rdi
  ef76f6:	00 
  ef76f7:	48 89 bc 24 d0 00 00 	mov    %rdi,0xd0(%rsp)
  ef76fe:	00 
  ef76ff:	48 c7 84 24 d8 00 00 	movq   $0x8,0xd8(%rsp)
  ef7706:	00 08 00 00 00 
  ef770b:	48 83 c7 08          	add    $0x8,%rdi
  ef770f:	48 89 7c 24 10       	mov    %rdi,0x10(%rsp)
  ef7714:	48 89 bc 24 c8 00 00 	mov    %rdi,0xc8(%rsp)
  ef771b:	00 
        if is_chunk_size(min_alloc_chunk_acme, free_acme) {
  ef771c:	e8 0f 07 00 00       	call   ef7e30 <_ZN4talc4talc13is_chunk_size17h9936bd0c266ec380E>
  ef7721:	a8 01                	test   $0x1,%al
  ef7723:	75 55                	jne    ef777a <_ZN4talc4talc13Talc$LT$O$GT$6malloc17h06afc4b86d91d853E+0x2ba>
  ef7725:	48 8b 44 24 18       	mov    0x18(%rsp),%rax
  ef772a:	48 89 84 24 08 01 00 	mov    %rax,0x108(%rsp)
  ef7731:	00 
  ef7732:	48 c7 84 24 10 01 00 	movq   $0x8,0x110(%rsp)
  ef7739:	00 08 00 00 00 
            unsafe { intrinsics::offset(self, intrinsics::unchecked_sub(0, count as isize)) }
  ef773e:	48 83 c0 f8          	add    $0xfffffffffffffff8,%rax
  ef7742:	48 89 84 24 00 01 00 	mov    %rax,0x100(%rsp)
  ef7749:	00 
    }
  ef774a:	48 8b 84 24 00 01 00 	mov    0x100(%rsp),%rax
  ef7751:	00 
            tag_ptr = free_acme.sub(TAG_SIZE);
  ef7752:	48 89 84 24 90 00 00 	mov    %rax,0x90(%rsp)
  ef7759:	00 
            Tag::write(tag_ptr.cast(), free_base, false);
  ef775a:	48 8b bc 24 90 00 00 	mov    0x90(%rsp),%rdi
  ef7761:	00 
  ef7762:	48 89 bc 24 50 01 00 	mov    %rdi,0x150(%rsp)
  ef7769:	00 
  ef776a:	48 8b 74 24 50       	mov    0x50(%rsp),%rsi
  ef776f:	31 c0                	xor    %eax,%eax
  ef7771:	31 d2                	xor    %edx,%edx
  ef7773:	e8 28 3d 00 00       	call   efb4a0 <_ZN4talc4talc3tag3Tag5write17hc98167a297e6fdc5E>
  ef7778:	eb 33                	jmp    ef77ad <_ZN4talc4talc13Talc$LT$O$GT$6malloc17h06afc4b86d91d853E+0x2ed>
  ef777a:	48 8b 54 24 18       	mov    0x18(%rsp),%rdx
  ef777f:	48 8b 74 24 10       	mov    0x10(%rsp),%rsi
  ef7784:	48 8b 7c 24 30       	mov    0x30(%rsp),%rdi
            self.register_gap(min_alloc_chunk_acme, free_acme);
  ef7789:	e8 62 da ff ff       	call   ef51f0 <_ZN4talc4talc13Talc$LT$O$GT$12register_gap17h360e5fc2f7797526E>
            Tag::write(tag_ptr.cast(), free_base, true);
  ef778e:	48 8b bc 24 90 00 00 	mov    0x90(%rsp),%rdi
  ef7795:	00 
  ef7796:	48 89 bc 24 48 01 00 	mov    %rdi,0x148(%rsp)
  ef779d:	00 
  ef779e:	48 8b 74 24 50       	mov    0x50(%rsp),%rsi
  ef77a3:	ba 01 00 00 00       	mov    $0x1,%edx
  ef77a8:	e8 f3 3c 00 00       	call   efb4a0 <_ZN4talc4talc3tag3Tag5write17hc98167a297e6fdc5E>
  ef77ad:	48 8b 44 24 08       	mov    0x8(%rsp),%rax
        if tag_ptr != post_alloc_ptr {
  ef77b2:	48 39 84 24 90 00 00 	cmp    %rax,0x90(%rsp)
  ef77b9:	00 
  ef77ba:	75 14                	jne    ef77d0 <_ZN4talc4talc13Talc$LT$O$GT$6malloc17h06afc4b86d91d853E+0x310>
  ef77bc:	48 8b 7c 24 20       	mov    0x20(%rsp),%rdi
        Ok(NonNull::new_unchecked(alloc_base))
  ef77c1:	e8 5a 0f 00 00       	call   ef8720 <_ZN4core3ptr8non_null16NonNull$LT$T$GT$13new_unchecked17hdcbf92072d7734d3E>
  ef77c6:	48 89 44 24 48       	mov    %rax,0x48(%rsp)
    }
  ef77cb:	e9 52 fe ff ff       	jmp    ef7622 <_ZN4talc4talc13Talc$LT$O$GT$6malloc17h06afc4b86d91d853E+0x162>
  ef77d0:	48 8b 44 24 08       	mov    0x8(%rsp),%rax
  ef77d5:	48 89 84 24 60 01 00 	mov    %rax,0x160(%rsp)
  ef77dc:	00 
            post_alloc_ptr.cast::<*mut u8>().write(tag_ptr);
  ef77dd:	48 8b 8c 24 90 00 00 	mov    0x90(%rsp),%rcx
  ef77e4:	00 
  ef77e5:	48 89 84 24 68 01 00 	mov    %rax,0x168(%rsp)
  ef77ec:	00 
  ef77ed:	48 89 8c 24 70 01 00 	mov    %rcx,0x170(%rsp)
  ef77f4:	00 
        intrinsics::write_via_move(dst, src)
  ef77f5:	48 89 08             	mov    %rcx,(%rax)
  ef77f8:	eb c2                	jmp    ef77bc <_ZN4talc4talc13Talc$LT$O$GT$6malloc17h06afc4b86d91d853E+0x2fc>
  ef77fa:	cc                   	int3
  ef77fb:	cc                   	int3
  ef77fc:	cc                   	int3
  ef77fd:	cc                   	int3
  ef77fe:	cc                   	int3
  ef77ff:	cc                   	int3

0000000000ef7800 <_ZN4talc4talc13Talc$LT$O$GT$6shrink17h95698b93553b4073E>:
    pub unsafe fn shrink(&mut self, ptr: NonNull<u8>, layout: Layout, new_size: usize) {
  ef7800:	48 81 ec 58 01 00 00 	sub    $0x158,%rsp
  ef7807:	4c 89 44 24 40       	mov    %r8,0x40(%rsp)
  ef780c:	48 89 74 24 48       	mov    %rsi,0x48(%rsp)
  ef7811:	48 89 7c 24 50       	mov    %rdi,0x50(%rsp)
  ef7816:	48 89 54 24 58       	mov    %rdx,0x58(%rsp)
  ef781b:	48 89 4c 24 60       	mov    %rcx,0x60(%rsp)
  ef7820:	48 89 7c 24 78       	mov    %rdi,0x78(%rsp)
  ef7825:	48 89 b4 24 80 00 00 	mov    %rsi,0x80(%rsp)
  ef782c:	00 
  ef782d:	4c 89 84 24 88 00 00 	mov    %r8,0x88(%rsp)
  ef7834:	00 
        debug_assert!(new_size != 0);
  ef7835:	49 83 f8 00          	cmp    $0x0,%r8
  ef7839:	75 18                	jne    ef7853 <_ZN4talc4talc13Talc$LT$O$GT$6shrink17h95698b93553b4073E+0x53>
  ef783b:	48 c7 c7 30 e1 ee 00 	mov    $0xeee130,%rdi
  ef7842:	48 c7 c2 50 e1 ee 00 	mov    $0xeee150,%rdx
  ef7849:	be 1f 00 00 00       	mov    $0x1f,%esi
  ef784e:	e8 ed 47 00 00       	call   efc040 <_ZN4core9panicking5panic17hdbca58b08003962eE>
  ef7853:	48 8d 7c 24 58       	lea    0x58(%rsp),%rdi
        debug_assert!(new_size <= layout.size());
  ef7858:	e8 f3 1d 00 00       	call   ef9650 <_ZN4core5alloc6layout6Layout4size17h01105bc4314f51d8E>
  ef785d:	48 89 c1             	mov    %rax,%rcx
  ef7860:	48 8b 44 24 40       	mov    0x40(%rsp),%rax
  ef7865:	48 39 c8             	cmp    %rcx,%rax
  ef7868:	76 18                	jbe    ef7882 <_ZN4talc4talc13Talc$LT$O$GT$6shrink17h95698b93553b4073E+0x82>
  ef786a:	48 c7 c7 68 e1 ee 00 	mov    $0xeee168,%rdi
  ef7871:	48 c7 c2 98 e1 ee 00 	mov    $0xeee198,%rdx
  ef7878:	be 2b 00 00 00       	mov    $0x2b,%esi
  ef787d:	e8 be 47 00 00       	call   efc040 <_ZN4core9panicking5panic17hdbca58b08003962eE>
  ef7882:	48 8b 7c 24 50       	mov    0x50(%rsp),%rdi
        self.scan_for_errors();
  ef7887:	e8 f4 de ff ff       	call   ef5780 <_ZN4talc4talc13Talc$LT$O$GT$15scan_for_errors17h90b6c5f5a8701b97E>
  ef788c:	48 8b 44 24 48       	mov    0x48(%rsp),%rax
  ef7891:	48 89 84 24 50 01 00 	mov    %rax,0x150(%rsp)
  ef7898:	00 
  ef7899:	48 8d 7c 24 58       	lea    0x58(%rsp),%rdi
        let (tag_ptr, tag) = tag_from_alloc_ptr(ptr.as_ptr(), layout.size());
  ef789e:	e8 ad 1d 00 00       	call   ef9650 <_ZN4core5alloc6layout6Layout4size17h01105bc4314f51d8E>
  ef78a3:	48 8b 7c 24 48       	mov    0x48(%rsp),%rdi
  ef78a8:	48 89 c6             	mov    %rax,%rsi
  ef78ab:	e8 70 07 00 00       	call   ef8020 <_ZN4talc4talc18tag_from_alloc_ptr17h407c621964491a37E>
  ef78b0:	48 89 d7             	mov    %rdx,%rdi
  ef78b3:	48 89 7c 24 30       	mov    %rdi,0x30(%rsp)
  ef78b8:	48 89 44 24 28       	mov    %rax,0x28(%rsp)
  ef78bd:	48 89 84 24 90 00 00 	mov    %rax,0x90(%rsp)
  ef78c4:	00 
  ef78c5:	48 89 bc 24 98 00 00 	mov    %rdi,0x98(%rsp)
  ef78cc:	00 
        let chunk_base = tag.chunk_base();
  ef78cd:	e8 ae 3c 00 00       	call   efb580 <_ZN4talc4talc3tag3Tag10chunk_base17h942cd88ef9d4badbE>
  ef78d2:	48 8b 7c 24 30       	mov    0x30(%rsp),%rdi
  ef78d7:	48 89 44 24 38       	mov    %rax,0x38(%rsp)
  ef78dc:	48 89 84 24 a0 00 00 	mov    %rax,0xa0(%rsp)
  ef78e3:	00 
        debug_assert!(tag.is_allocated());
  ef78e4:	e8 f7 3c 00 00       	call   efb5e0 <_ZN4talc4talc3tag3Tag12is_allocated17hcdd013e1df481431E>
  ef78e9:	a8 01                	test   $0x1,%al
  ef78eb:	75 18                	jne    ef7905 <_ZN4talc4talc13Talc$LT$O$GT$6shrink17h95698b93553b4073E+0x105>
  ef78ed:	48 c7 c7 08 da ee 00 	mov    $0xeeda08,%rdi
  ef78f4:	48 c7 c2 b0 e1 ee 00 	mov    $0xeee1b0,%rdx
  ef78fb:	be 24 00 00 00       	mov    $0x24,%esi
  ef7900:	e8 3b 47 00 00       	call   efc040 <_ZN4core9panicking5panic17hdbca58b08003962eE>
  ef7905:	48 8b 7c 24 38       	mov    0x38(%rsp),%rdi
  ef790a:	48 8b 74 24 28       	mov    0x28(%rsp),%rsi
  ef790f:	48 89 b4 24 10 01 00 	mov    %rsi,0x110(%rsp)
  ef7916:	00 
  ef7917:	48 c7 84 24 18 01 00 	movq   $0x8,0x118(%rsp)
  ef791e:	00 08 00 00 00 
        unsafe { intrinsics::offset(self, count) }
  ef7923:	48 83 c6 08          	add    $0x8,%rsi
        debug_assert!(is_chunk_size(chunk_base, tag_ptr.add(TAG_SIZE)));
  ef7927:	e8 04 05 00 00       	call   ef7e30 <_ZN4talc4talc13is_chunk_size17h9936bd0c266ec380E>
  ef792c:	a8 01                	test   $0x1,%al
  ef792e:	75 18                	jne    ef7948 <_ZN4talc4talc13Talc$LT$O$GT$6shrink17h95698b93553b4073E+0x148>
  ef7930:	48 c7 c7 c8 e1 ee 00 	mov    $0xeee1c8,%rdi
  ef7937:	48 c7 c2 10 e2 ee 00 	mov    $0xeee210,%rdx
  ef793e:	be 42 00 00 00       	mov    $0x42,%esi
  ef7943:	e8 f8 46 00 00       	call   efc040 <_ZN4core9panicking5panic17hdbca58b08003962eE>
  ef7948:	48 8b 44 24 40       	mov    0x40(%rsp),%rax
  ef794d:	48 8b 7c 24 48       	mov    0x48(%rsp),%rdi
  ef7952:	48 89 bc 24 48 01 00 	mov    %rdi,0x148(%rsp)
  ef7959:	00 
  ef795a:	48 89 bc 24 00 01 00 	mov    %rdi,0x100(%rsp)
  ef7961:	00 
  ef7962:	48 89 84 24 08 01 00 	mov    %rax,0x108(%rsp)
  ef7969:	00 
  ef796a:	48 01 c7             	add    %rax,%rdi
        let new_post_alloc_ptr = align_up(ptr.as_ptr().add(new_size));
  ef796d:	e8 2e 38 00 00       	call   efb1a0 <_ZN4talc9ptr_utils8align_up17h423642f2ddace20eE>
  ef7972:	48 8b 7c 24 38       	mov    0x38(%rsp),%rdi
  ef7977:	48 89 c6             	mov    %rax,%rsi
  ef797a:	48 89 74 24 20       	mov    %rsi,0x20(%rsp)
  ef797f:	48 89 b4 24 a8 00 00 	mov    %rsi,0xa8(%rsp)
  ef7986:	00 
  ef7987:	48 89 bc 24 f0 00 00 	mov    %rdi,0xf0(%rsp)
  ef798e:	00 
  ef798f:	48 c7 84 24 f8 00 00 	movq   $0x10,0xf8(%rsp)
  ef7996:	00 10 00 00 00 
  ef799b:	48 83 c7 10          	add    $0x10,%rdi
        let mut new_tag_ptr = chunk_base.add(MIN_TAG_OFFSET).max(new_post_alloc_ptr);
  ef799f:	e8 8c 09 00 00       	call   ef8330 <_ZN4core3cmp3Ord3max17h944f59fb7cce2fe0E>
  ef79a4:	48 8b 74 24 28       	mov    0x28(%rsp),%rsi
  ef79a9:	48 89 44 24 68       	mov    %rax,0x68(%rsp)
        if is_chunk_size(new_tag_ptr, tag_ptr) {
  ef79ae:	48 8b 7c 24 68       	mov    0x68(%rsp),%rdi
  ef79b3:	e8 78 04 00 00       	call   ef7e30 <_ZN4talc4talc13is_chunk_size17h9936bd0c266ec380E>
  ef79b8:	a8 01                	test   $0x1,%al
  ef79ba:	75 0c                	jne    ef79c8 <_ZN4talc4talc13Talc$LT$O$GT$6shrink17h95698b93553b4073E+0x1c8>
  ef79bc:	48 8b 44 24 28       	mov    0x28(%rsp),%rax
            new_tag_ptr = tag_ptr;
  ef79c1:	48 89 44 24 68       	mov    %rax,0x68(%rsp)
        if is_chunk_size(new_tag_ptr, tag_ptr) {
  ef79c6:	eb 5c                	jmp    ef7a24 <_ZN4talc4talc13Talc$LT$O$GT$6shrink17h95698b93553b4073E+0x224>
  ef79c8:	48 8b 7c 24 30       	mov    0x30(%rsp),%rdi
  ef79cd:	48 8b 44 24 28       	mov    0x28(%rsp),%rax
  ef79d2:	48 89 84 24 e0 00 00 	mov    %rax,0xe0(%rsp)
  ef79d9:	00 
  ef79da:	48 c7 84 24 e8 00 00 	movq   $0x8,0xe8(%rsp)
  ef79e1:	00 08 00 00 00 
  ef79e6:	48 83 c0 08          	add    $0x8,%rax
            let mut acme = tag_ptr.add(TAG_SIZE);
  ef79ea:	48 89 44 24 70       	mov    %rax,0x70(%rsp)
            let new_acme = new_tag_ptr.add(TAG_SIZE);
  ef79ef:	48 8b 44 24 68       	mov    0x68(%rsp),%rax
  ef79f4:	48 89 84 24 d0 00 00 	mov    %rax,0xd0(%rsp)
  ef79fb:	00 
  ef79fc:	48 c7 84 24 d8 00 00 	movq   $0x8,0xd8(%rsp)
  ef7a03:	00 08 00 00 00 
  ef7a08:	48 83 c0 08          	add    $0x8,%rax
  ef7a0c:	48 89 44 24 18       	mov    %rax,0x18(%rsp)
  ef7a11:	48 89 84 24 b0 00 00 	mov    %rax,0xb0(%rsp)
  ef7a18:	00 
            if tag.is_above_free() {
  ef7a19:	e8 a2 3b 00 00       	call   efb5c0 <_ZN4talc4talc3tag3Tag13is_above_free17hcd8d0ceae9a7f4b2E>
  ef7a1e:	a8 01                	test   $0x1,%al
  ef7a20:	75 49                	jne    ef7a6b <_ZN4talc4talc13Talc$LT$O$GT$6shrink17h95698b93553b4073E+0x26b>
  ef7a22:	eb 15                	jmp    ef7a39 <_ZN4talc4talc13Talc$LT$O$GT$6shrink17h95698b93553b4073E+0x239>
  ef7a24:	48 8b 44 24 20       	mov    0x20(%rsp),%rax
        if new_tag_ptr != new_post_alloc_ptr {
  ef7a29:	48 39 44 24 68       	cmp    %rax,0x68(%rsp)
  ef7a2e:	0f 85 a9 00 00 00    	jne    ef7add <_ZN4talc4talc13Talc$LT$O$GT$6shrink17h95698b93553b4073E+0x2dd>
  ef7a34:	e9 9c 00 00 00       	jmp    ef7ad5 <_ZN4talc4talc13Talc$LT$O$GT$6shrink17h95698b93553b4073E+0x2d5>
  ef7a39:	48 8b 74 24 18       	mov    0x18(%rsp),%rsi
  ef7a3e:	48 8b 7c 24 50       	mov    0x50(%rsp),%rdi
            self.register_gap(new_acme, acme);
  ef7a43:	48 8b 54 24 70       	mov    0x70(%rsp),%rdx
  ef7a48:	e8 a3 d7 ff ff       	call   ef51f0 <_ZN4talc4talc13Talc$LT$O$GT$12register_gap17h360e5fc2f7797526E>
  ef7a4d:	48 8b 74 24 38       	mov    0x38(%rsp),%rsi
            Tag::write(new_tag_ptr.cast(), chunk_base, true);
  ef7a52:	48 8b 7c 24 68       	mov    0x68(%rsp),%rdi
  ef7a57:	48 89 bc 24 20 01 00 	mov    %rdi,0x120(%rsp)
  ef7a5e:	00 
  ef7a5f:	ba 01 00 00 00       	mov    $0x1,%edx
  ef7a64:	e8 37 3a 00 00       	call   efb4a0 <_ZN4talc4talc3tag3Tag5write17hc98167a297e6fdc5E>
  ef7a69:	eb b9                	jmp    ef7a24 <_ZN4talc4talc13Talc$LT$O$GT$6shrink17h95698b93553b4073E+0x224>
                let above_size = gap_base_to_size(acme).read();
  ef7a6b:	48 8b 7c 24 70       	mov    0x70(%rsp),%rdi
  ef7a70:	e8 eb 04 00 00       	call   ef7f60 <_ZN4talc4talc16gap_base_to_size17h3f8242ecc96f9489E>
  ef7a75:	48 89 84 24 30 01 00 	mov    %rax,0x130(%rsp)
  ef7a7c:	00 
        crate::intrinsics::read_via_copy(src)
  ef7a7d:	48 8b 38             	mov    (%rax),%rdi
  ef7a80:	48 89 7c 24 10       	mov    %rdi,0x10(%rsp)
  ef7a85:	48 89 bc 24 b8 00 00 	mov    %rdi,0xb8(%rsp)
  ef7a8c:	00 
                self.deregister_gap(acme, bin_of_size(above_size));
  ef7a8d:	48 8b 44 24 70       	mov    0x70(%rsp),%rax
  ef7a92:	48 89 44 24 08       	mov    %rax,0x8(%rsp)
  ef7a97:	e8 74 00 00 00       	call   ef7b10 <_ZN4talc4talc11bin_of_size17h8158e81d7b72e560E>
  ef7a9c:	48 8b 7c 24 50       	mov    0x50(%rsp),%rdi
  ef7aa1:	48 8b 74 24 08       	mov    0x8(%rsp),%rsi
  ef7aa6:	48 89 c2             	mov    %rax,%rdx
  ef7aa9:	e8 32 dc ff ff       	call   ef56e0 <_ZN4talc4talc13Talc$LT$O$GT$14deregister_gap17h592672fcf8b01821E>
  ef7aae:	48 8b 4c 24 10       	mov    0x10(%rsp),%rcx
                acme = acme.add(above_size);
  ef7ab3:	48 8b 44 24 70       	mov    0x70(%rsp),%rax
  ef7ab8:	48 89 84 24 c0 00 00 	mov    %rax,0xc0(%rsp)
  ef7abf:	00 
  ef7ac0:	48 89 8c 24 c8 00 00 	mov    %rcx,0xc8(%rsp)
  ef7ac7:	00 
  ef7ac8:	48 01 c8             	add    %rcx,%rax
  ef7acb:	48 89 44 24 70       	mov    %rax,0x70(%rsp)
            if tag.is_above_free() {
  ef7ad0:	e9 64 ff ff ff       	jmp    ef7a39 <_ZN4talc4talc13Talc$LT$O$GT$6shrink17h95698b93553b4073E+0x239>
    }
  ef7ad5:	48 81 c4 58 01 00 00 	add    $0x158,%rsp
  ef7adc:	c3                   	ret
  ef7add:	48 8b 44 24 20       	mov    0x20(%rsp),%rax
  ef7ae2:	48 89 84 24 28 01 00 	mov    %rax,0x128(%rsp)
  ef7ae9:	00 
            new_post_alloc_ptr.cast::<*mut u8>().write(new_tag_ptr);
  ef7aea:	48 8b 4c 24 68       	mov    0x68(%rsp),%rcx
  ef7aef:	48 89 84 24 38 01 00 	mov    %rax,0x138(%rsp)
  ef7af6:	00 
  ef7af7:	48 89 8c 24 40 01 00 	mov    %rcx,0x140(%rsp)
  ef7afe:	00 
        intrinsics::write_via_move(dst, src)
  ef7aff:	48 89 08             	mov    %rcx,(%rax)
  ef7b02:	eb d1                	jmp    ef7ad5 <_ZN4talc4talc13Talc$LT$O$GT$6shrink17h95698b93553b4073E+0x2d5>
  ef7b04:	cc                   	int3
  ef7b05:	cc                   	int3
  ef7b06:	cc                   	int3
  ef7b07:	cc                   	int3
  ef7b08:	cc                   	int3
  ef7b09:	cc                   	int3
  ef7b0a:	cc                   	int3
  ef7b0b:	cc                   	int3
  ef7b0c:	cc                   	int3
  ef7b0d:	cc                   	int3
  ef7b0e:	cc                   	int3
  ef7b0f:	cc                   	int3

0000000000ef7b10 <_ZN4talc4talc11bin_of_size17h8158e81d7b72e560E>:
unsafe fn bin_of_size(size: usize) -> usize {
  ef7b10:	48 81 ec a8 00 00 00 	sub    $0xa8,%rsp
  ef7b17:	48 89 7c 24 70       	mov    %rdi,0x70(%rsp)
  ef7b1c:	48 89 bc 24 80 00 00 	mov    %rdi,0x80(%rsp)
  ef7b23:	00 
    debug_assert!(size >= MIN_CHUNK_SIZE);
  ef7b24:	48 83 ff 18          	cmp    $0x18,%rdi
  ef7b28:	73 18                	jae    ef7b42 <_ZN4talc4talc11bin_of_size17h8158e81d7b72e560E+0x32>
  ef7b2a:	48 c7 c7 28 e2 ee 00 	mov    $0xeee228,%rdi
  ef7b31:	48 c7 c2 a8 e2 ee 00 	mov    $0xeee2a8,%rdx
  ef7b38:	be 28 00 00 00       	mov    $0x28,%esi
  ef7b3d:	e8 fe 44 00 00       	call   efc040 <_ZN4core9panicking5panic17hdbca58b08003962eE>
  ef7b42:	48 8b 44 24 70       	mov    0x70(%rsp),%rax
    if size < WORD_BIN_LIMIT {
  ef7b47:	48 3d 00 01 00 00    	cmp    $0x100,%rax
  ef7b4d:	72 0f                	jb     ef7b5e <_ZN4talc4talc11bin_of_size17h8158e81d7b72e560E+0x4e>
  ef7b4f:	48 8b 44 24 70       	mov    0x70(%rsp),%rax
    } else if size < DOUBLE_BIN_LIMIT {
  ef7b54:	48 3d 00 02 00 00    	cmp    $0x200,%rax
  ef7b5a:	72 56                	jb     ef7bb2 <_ZN4talc4talc11bin_of_size17h8158e81d7b72e560E+0xa2>
  ef7b5c:	eb 20                	jmp    ef7b7e <_ZN4talc4talc11bin_of_size17h8158e81d7b72e560E+0x6e>
  ef7b5e:	48 8b 44 24 70       	mov    0x70(%rsp),%rax
        (size - MIN_CHUNK_SIZE) / WORD_SIZE
  ef7b63:	48 89 c1             	mov    %rax,%rcx
  ef7b66:	48 83 e9 18          	sub    $0x18,%rcx
  ef7b6a:	48 89 4c 24 68       	mov    %rcx,0x68(%rsp)
  ef7b6f:	48 83 f8 18          	cmp    $0x18,%rax
  ef7b73:	0f 82 73 02 00 00    	jb     ef7dec <_ZN4talc4talc11bin_of_size17h8158e81d7b72e560E+0x2dc>
  ef7b79:	e9 5b 02 00 00       	jmp    ef7dd9 <_ZN4talc4talc11bin_of_size17h8158e81d7b72e560E+0x2c9>
  ef7b7e:	48 8b 7c 24 70       	mov    0x70(%rsp),%rdi
        let bits_less_one = size.ilog2() as usize;
  ef7b83:	48 c7 c6 c0 e2 ee 00 	mov    $0xeee2c0,%rsi
  ef7b8a:	e8 61 09 00 00       	call   ef84f0 <_ZN4core3num23_$LT$impl$u20$usize$GT$5ilog217hb1d243b2dd3e574bE>
  ef7b8f:	89 c0                	mov    %eax,%eax
  ef7b91:	48 89 44 24 58       	mov    %rax,0x58(%rsp)
  ef7b96:	48 89 84 24 88 00 00 	mov    %rax,0x88(%rsp)
  ef7b9d:	00 
        let magnitude = bits_less_one - MIN_EXP_BITS_LESS_ONE;
  ef7b9e:	48 89 c1             	mov    %rax,%rcx
  ef7ba1:	48 83 e9 09          	sub    $0x9,%rcx
  ef7ba5:	48 89 4c 24 60       	mov    %rcx,0x60(%rsp)
  ef7baa:	48 83 f8 09          	cmp    $0x9,%rax
  ef7bae:	72 48                	jb     ef7bf8 <_ZN4talc4talc11bin_of_size17h8158e81d7b72e560E+0xe8>
  ef7bb0:	eb 20                	jmp    ef7bd2 <_ZN4talc4talc11bin_of_size17h8158e81d7b72e560E+0xc2>
        size / (2 * WORD_SIZE) - WORD_BIN_LIMIT / (2 * WORD_SIZE) + DBL_BUCKET
  ef7bb2:	b8 02 00 00 00       	mov    $0x2,%eax
  ef7bb7:	b9 08 00 00 00       	mov    $0x8,%ecx
  ef7bbc:	48 f7 e1             	mul    %rcx
  ef7bbf:	48 89 44 24 50       	mov    %rax,0x50(%rsp)
  ef7bc4:	0f 90 c0             	seto   %al
  ef7bc7:	0f 80 3d 01 00 00    	jo     ef7d0a <_ZN4talc4talc11bin_of_size17h8158e81d7b72e560E+0x1fa>
  ef7bcd:	e9 2b 01 00 00       	jmp    ef7cfd <_ZN4talc4talc11bin_of_size17h8158e81d7b72e560E+0x1ed>
  ef7bd2:	48 8b 44 24 58       	mov    0x58(%rsp),%rax
  ef7bd7:	48 8b 4c 24 60       	mov    0x60(%rsp),%rcx
        let magnitude = bits_less_one - MIN_EXP_BITS_LESS_ONE;
  ef7bdc:	48 89 8c 24 90 00 00 	mov    %rcx,0x90(%rsp)
  ef7be3:	00 
        let division = (size >> (bits_less_one - DIV_BITS)) - DIVS_PER_POW2;
  ef7be4:	48 89 c1             	mov    %rax,%rcx
  ef7be7:	48 83 e9 02          	sub    $0x2,%rcx
  ef7beb:	48 89 4c 24 48       	mov    %rcx,0x48(%rsp)
  ef7bf0:	48 83 f8 02          	cmp    $0x2,%rax
  ef7bf4:	72 1b                	jb     ef7c11 <_ZN4talc4talc11bin_of_size17h8158e81d7b72e560E+0x101>
  ef7bf6:	eb 0c                	jmp    ef7c04 <_ZN4talc4talc11bin_of_size17h8158e81d7b72e560E+0xf4>
        let magnitude = bits_less_one - MIN_EXP_BITS_LESS_ONE;
  ef7bf8:	48 c7 c7 d8 e2 ee 00 	mov    $0xeee2d8,%rdi
  ef7bff:	e8 5c 5a 00 00       	call   efd660 <_ZN4core9panicking11panic_const24panic_const_sub_overflow17h38d790166b4890c1E>
  ef7c04:	48 8b 44 24 48       	mov    0x48(%rsp),%rax
        let division = (size >> (bits_less_one - DIV_BITS)) - DIVS_PER_POW2;
  ef7c09:	48 83 f8 40          	cmp    $0x40,%rax
  ef7c0d:	72 0e                	jb     ef7c1d <_ZN4talc4talc11bin_of_size17h8158e81d7b72e560E+0x10d>
  ef7c0f:	eb 31                	jmp    ef7c42 <_ZN4talc4talc11bin_of_size17h8158e81d7b72e560E+0x132>
  ef7c11:	48 c7 c7 f0 e2 ee 00 	mov    $0xeee2f0,%rdi
  ef7c18:	e8 43 5a 00 00       	call   efd660 <_ZN4core9panicking11panic_const24panic_const_sub_overflow17h38d790166b4890c1E>
  ef7c1d:	48 8b 44 24 70       	mov    0x70(%rsp),%rax
  ef7c22:	48 8b 4c 24 48       	mov    0x48(%rsp),%rcx
  ef7c27:	48 83 e1 3f          	and    $0x3f,%rcx
  ef7c2b:	48 d3 e8             	shr    %cl,%rax
  ef7c2e:	48 89 c1             	mov    %rax,%rcx
  ef7c31:	48 83 e9 04          	sub    $0x4,%rcx
  ef7c35:	48 89 4c 24 40       	mov    %rcx,0x40(%rsp)
  ef7c3a:	48 83 f8 04          	cmp    $0x4,%rax
  ef7c3e:	72 34                	jb     ef7c74 <_ZN4talc4talc11bin_of_size17h8158e81d7b72e560E+0x164>
  ef7c40:	eb 0c                	jmp    ef7c4e <_ZN4talc4talc11bin_of_size17h8158e81d7b72e560E+0x13e>
  ef7c42:	48 c7 c7 08 e3 ee 00 	mov    $0xeee308,%rdi
  ef7c49:	e8 92 5a 00 00       	call   efd6e0 <_ZN4core9panicking11panic_const24panic_const_shr_overflow17h1bbdebf690b0b97bE>
  ef7c4e:	48 8b 44 24 60       	mov    0x60(%rsp),%rax
  ef7c53:	48 8b 4c 24 40       	mov    0x40(%rsp),%rcx
  ef7c58:	48 89 8c 24 98 00 00 	mov    %rcx,0x98(%rsp)
  ef7c5f:	00 
        let bucket_offset = magnitude * DIVS_PER_POW2 + division;
  ef7c60:	b9 04 00 00 00       	mov    $0x4,%ecx
  ef7c65:	48 f7 e1             	mul    %rcx
  ef7c68:	48 89 44 24 38       	mov    %rax,0x38(%rsp)
  ef7c6d:	0f 90 c0             	seto   %al
  ef7c70:	70 27                	jo     ef7c99 <_ZN4talc4talc11bin_of_size17h8158e81d7b72e560E+0x189>
  ef7c72:	eb 0c                	jmp    ef7c80 <_ZN4talc4talc11bin_of_size17h8158e81d7b72e560E+0x170>
        let division = (size >> (bits_less_one - DIV_BITS)) - DIVS_PER_POW2;
  ef7c74:	48 c7 c7 08 e3 ee 00 	mov    $0xeee308,%rdi
  ef7c7b:	e8 e0 59 00 00       	call   efd660 <_ZN4core9panicking11panic_const24panic_const_sub_overflow17h38d790166b4890c1E>
  ef7c80:	48 8b 4c 24 40       	mov    0x40(%rsp),%rcx
  ef7c85:	48 8b 44 24 38       	mov    0x38(%rsp),%rax
        let bucket_offset = magnitude * DIVS_PER_POW2 + division;
  ef7c8a:	48 01 c8             	add    %rcx,%rax
  ef7c8d:	48 89 44 24 30       	mov    %rax,0x30(%rsp)
  ef7c92:	0f 92 c0             	setb   %al
  ef7c95:	72 2b                	jb     ef7cc2 <_ZN4talc4talc11bin_of_size17h8158e81d7b72e560E+0x1b2>
  ef7c97:	eb 0c                	jmp    ef7ca5 <_ZN4talc4talc11bin_of_size17h8158e81d7b72e560E+0x195>
  ef7c99:	48 c7 c7 20 e3 ee 00 	mov    $0xeee320,%rdi
  ef7ca0:	e8 fb 59 00 00       	call   efd6a0 <_ZN4core9panicking11panic_const24panic_const_mul_overflow17h1610e41a05836d7aE>
  ef7ca5:	48 8b 44 24 30       	mov    0x30(%rsp),%rax
  ef7caa:	48 89 84 24 a0 00 00 	mov    %rax,0xa0(%rsp)
  ef7cb1:	00 
        (bucket_offset + EXP_BUCKET).min(BIN_COUNT - 1)
  ef7cb2:	48 83 c0 2d          	add    $0x2d,%rax
  ef7cb6:	48 89 44 24 28       	mov    %rax,0x28(%rsp)
  ef7cbb:	0f 92 c0             	setb   %al
  ef7cbe:	72 24                	jb     ef7ce4 <_ZN4talc4talc11bin_of_size17h8158e81d7b72e560E+0x1d4>
  ef7cc0:	eb 0c                	jmp    ef7cce <_ZN4talc4talc11bin_of_size17h8158e81d7b72e560E+0x1be>
        let bucket_offset = magnitude * DIVS_PER_POW2 + division;
  ef7cc2:	48 c7 c7 20 e3 ee 00 	mov    $0xeee320,%rdi
  ef7cc9:	e8 52 59 00 00       	call   efd620 <_ZN4core9panicking11panic_const24panic_const_add_overflow17h2e8a9d29e7403df8E>
  ef7cce:	48 8b 7c 24 28       	mov    0x28(%rsp),%rdi
  ef7cd3:	be 7f 00 00 00       	mov    $0x7f,%esi
        (bucket_offset + EXP_BUCKET).min(BIN_COUNT - 1)
  ef7cd8:	e8 43 2c 00 00       	call   efa920 <_ZN4core3cmp3Ord3min17ha76ae1133fc888b9E>
  ef7cdd:	48 89 44 24 78       	mov    %rax,0x78(%rsp)
  ef7ce2:	eb 0c                	jmp    ef7cf0 <_ZN4talc4talc11bin_of_size17h8158e81d7b72e560E+0x1e0>
  ef7ce4:	48 c7 c7 38 e3 ee 00 	mov    $0xeee338,%rdi
  ef7ceb:	e8 30 59 00 00       	call   efd620 <_ZN4core9panicking11panic_const24panic_const_add_overflow17h2e8a9d29e7403df8E>
}
  ef7cf0:	48 8b 44 24 78       	mov    0x78(%rsp),%rax
  ef7cf5:	48 81 c4 a8 00 00 00 	add    $0xa8,%rsp
  ef7cfc:	c3                   	ret
  ef7cfd:	48 8b 44 24 50       	mov    0x50(%rsp),%rax
        size / (2 * WORD_SIZE) - WORD_BIN_LIMIT / (2 * WORD_SIZE) + DBL_BUCKET
  ef7d02:	48 83 f8 00          	cmp    $0x0,%rax
  ef7d06:	74 3b                	je     ef7d43 <_ZN4talc4talc11bin_of_size17h8158e81d7b72e560E+0x233>
  ef7d08:	eb 0c                	jmp    ef7d16 <_ZN4talc4talc11bin_of_size17h8158e81d7b72e560E+0x206>
  ef7d0a:	48 c7 c7 50 e3 ee 00 	mov    $0xeee350,%rdi
  ef7d11:	e8 8a 59 00 00       	call   efd6a0 <_ZN4core9panicking11panic_const24panic_const_mul_overflow17h1610e41a05836d7aE>
  ef7d16:	48 8b 4c 24 50       	mov    0x50(%rsp),%rcx
  ef7d1b:	48 8b 44 24 70       	mov    0x70(%rsp),%rax
  ef7d20:	31 d2                	xor    %edx,%edx
  ef7d22:	48 f7 f1             	div    %rcx
  ef7d25:	48 89 44 24 18       	mov    %rax,0x18(%rsp)
  ef7d2a:	b8 02 00 00 00       	mov    $0x2,%eax
  ef7d2f:	b9 08 00 00 00       	mov    $0x8,%ecx
  ef7d34:	48 f7 e1             	mul    %rcx
  ef7d37:	48 89 44 24 20       	mov    %rax,0x20(%rsp)
  ef7d3c:	0f 90 c0             	seto   %al
  ef7d3f:	70 1b                	jo     ef7d5c <_ZN4talc4talc11bin_of_size17h8158e81d7b72e560E+0x24c>
  ef7d41:	eb 0c                	jmp    ef7d4f <_ZN4talc4talc11bin_of_size17h8158e81d7b72e560E+0x23f>
  ef7d43:	48 c7 c7 68 e3 ee 00 	mov    $0xeee368,%rdi
  ef7d4a:	e8 11 5a 00 00       	call   efd760 <_ZN4core9panicking11panic_const23panic_const_div_by_zero17h401f3623eca33a75E>
  ef7d4f:	48 8b 44 24 20       	mov    0x20(%rsp),%rax
  ef7d54:	48 83 f8 00          	cmp    $0x0,%rax
  ef7d58:	74 37                	je     ef7d91 <_ZN4talc4talc11bin_of_size17h8158e81d7b72e560E+0x281>
  ef7d5a:	eb 0c                	jmp    ef7d68 <_ZN4talc4talc11bin_of_size17h8158e81d7b72e560E+0x258>
  ef7d5c:	48 c7 c7 80 e3 ee 00 	mov    $0xeee380,%rdi
  ef7d63:	e8 38 59 00 00       	call   efd6a0 <_ZN4core9panicking11panic_const24panic_const_mul_overflow17h1610e41a05836d7aE>
  ef7d68:	48 8b 4c 24 20       	mov    0x20(%rsp),%rcx
  ef7d6d:	b8 00 01 00 00       	mov    $0x100,%eax
  ef7d72:	31 d2                	xor    %edx,%edx
  ef7d74:	48 f7 f1             	div    %rcx
  ef7d77:	48 89 c1             	mov    %rax,%rcx
  ef7d7a:	48 8b 44 24 18       	mov    0x18(%rsp),%rax
  ef7d7f:	48 89 c2             	mov    %rax,%rdx
  ef7d82:	48 29 ca             	sub    %rcx,%rdx
  ef7d85:	48 89 54 24 10       	mov    %rdx,0x10(%rsp)
  ef7d8a:	48 39 c8             	cmp    %rcx,%rax
  ef7d8d:	72 23                	jb     ef7db2 <_ZN4talc4talc11bin_of_size17h8158e81d7b72e560E+0x2a2>
  ef7d8f:	eb 0c                	jmp    ef7d9d <_ZN4talc4talc11bin_of_size17h8158e81d7b72e560E+0x28d>
  ef7d91:	48 c7 c7 98 e3 ee 00 	mov    $0xeee398,%rdi
  ef7d98:	e8 c3 59 00 00       	call   efd760 <_ZN4core9panicking11panic_const23panic_const_div_by_zero17h401f3623eca33a75E>
  ef7d9d:	48 8b 44 24 10       	mov    0x10(%rsp),%rax
  ef7da2:	48 83 c0 1d          	add    $0x1d,%rax
  ef7da6:	48 89 44 24 08       	mov    %rax,0x8(%rsp)
  ef7dab:	0f 92 c0             	setb   %al
  ef7dae:	72 1d                	jb     ef7dcd <_ZN4talc4talc11bin_of_size17h8158e81d7b72e560E+0x2bd>
  ef7db0:	eb 0c                	jmp    ef7dbe <_ZN4talc4talc11bin_of_size17h8158e81d7b72e560E+0x2ae>
  ef7db2:	48 c7 c7 68 e3 ee 00 	mov    $0xeee368,%rdi
  ef7db9:	e8 a2 58 00 00       	call   efd660 <_ZN4core9panicking11panic_const24panic_const_sub_overflow17h38d790166b4890c1E>
  ef7dbe:	48 8b 44 24 08       	mov    0x8(%rsp),%rax
  ef7dc3:	48 89 44 24 78       	mov    %rax,0x78(%rsp)
    } else if size < DOUBLE_BIN_LIMIT {
  ef7dc8:	e9 23 ff ff ff       	jmp    ef7cf0 <_ZN4talc4talc11bin_of_size17h8158e81d7b72e560E+0x1e0>
        size / (2 * WORD_SIZE) - WORD_BIN_LIMIT / (2 * WORD_SIZE) + DBL_BUCKET
  ef7dcd:	48 c7 c7 68 e3 ee 00 	mov    $0xeee368,%rdi
  ef7dd4:	e8 47 58 00 00       	call   efd620 <_ZN4core9panicking11panic_const24panic_const_add_overflow17h2e8a9d29e7403df8E>
  ef7dd9:	48 8b 44 24 68       	mov    0x68(%rsp),%rax
        (size - MIN_CHUNK_SIZE) / WORD_SIZE
  ef7dde:	48 c1 e8 03          	shr    $0x3,%rax
  ef7de2:	48 89 44 24 78       	mov    %rax,0x78(%rsp)
    if size < WORD_BIN_LIMIT {
  ef7de7:	e9 04 ff ff ff       	jmp    ef7cf0 <_ZN4talc4talc11bin_of_size17h8158e81d7b72e560E+0x1e0>
        (size - MIN_CHUNK_SIZE) / WORD_SIZE
  ef7dec:	48 c7 c7 b0 e3 ee 00 	mov    $0xeee3b0,%rdi
  ef7df3:	e8 68 58 00 00       	call   efd660 <_ZN4core9panicking11panic_const24panic_const_sub_overflow17h38d790166b4890c1E>
  ef7df8:	cc                   	int3
  ef7df9:	cc                   	int3
  ef7dfa:	cc                   	int3
  ef7dfb:	cc                   	int3
  ef7dfc:	cc                   	int3
  ef7dfd:	cc                   	int3
  ef7dfe:	cc                   	int3
  ef7dff:	cc                   	int3

0000000000ef7e00 <_ZN4talc4talc12is_gap_below17h8a0321c463c471b8E>:
unsafe fn is_gap_below(acme: *mut u8) -> bool {
  ef7e00:	48 83 ec 18          	sub    $0x18,%rsp
  ef7e04:	48 89 7c 24 08       	mov    %rdi,0x8(%rsp)
    gap_acme_to_size(acme).read() & Tag::ALLOCATED_FLAG == 0
  ef7e09:	e8 f2 00 00 00       	call   ef7f00 <_ZN4talc4talc16gap_acme_to_size17h5889175b6f3702daE>
  ef7e0e:	48 89 44 24 10       	mov    %rax,0x10(%rsp)
        crate::intrinsics::read_via_copy(src)
  ef7e13:	48 8b 00             	mov    (%rax),%rax
  ef7e16:	48 83 e0 01          	and    $0x1,%rax
  ef7e1a:	48 83 f8 00          	cmp    $0x0,%rax
  ef7e1e:	0f 94 c0             	sete   %al
}
  ef7e21:	24 01                	and    $0x1,%al
  ef7e23:	48 83 c4 18          	add    $0x18,%rsp
  ef7e27:	c3                   	ret
  ef7e28:	cc                   	int3
  ef7e29:	cc                   	int3
  ef7e2a:	cc                   	int3
  ef7e2b:	cc                   	int3
  ef7e2c:	cc                   	int3
  ef7e2d:	cc                   	int3
  ef7e2e:	cc                   	int3
  ef7e2f:	cc                   	int3

0000000000ef7e30 <_ZN4talc4talc13is_chunk_size17h9936bd0c266ec380E>:
fn is_chunk_size(base: *mut u8, acme: *mut u8) -> bool {
  ef7e30:	48 81 ec 88 00 00 00 	sub    $0x88,%rsp
  ef7e37:	48 89 7c 24 08       	mov    %rdi,0x8(%rsp)
  ef7e3c:	48 89 74 24 10       	mov    %rsi,0x10(%rsp)
    debug_assert!(acme >= base, "!(acme {:p} >= base {:p})", acme, base);
  ef7e41:	48 8b 44 24 10       	mov    0x10(%rsp),%rax
  ef7e46:	48 3b 44 24 08       	cmp    0x8(%rsp),%rax
  ef7e4b:	73 70                	jae    ef7ebd <_ZN4talc4talc13is_chunk_size17h9936bd0c266ec380E+0x8d>
  ef7e4d:	48 8d 7c 24 68       	lea    0x68(%rsp),%rdi
  ef7e52:	48 8d 74 24 10       	lea    0x10(%rsp),%rsi
  ef7e57:	e8 14 2b 00 00       	call   efa970 <_ZN4core3fmt2rt8Argument11new_pointer17hf095b2927fccefe2E>
  ef7e5c:	48 8d 7c 24 78       	lea    0x78(%rsp),%rdi
  ef7e61:	48 8d 74 24 08       	lea    0x8(%rsp),%rsi
  ef7e66:	e8 05 2b 00 00       	call   efa970 <_ZN4core3fmt2rt8Argument11new_pointer17hf095b2927fccefe2E>
  ef7e6b:	48 8b 44 24 68       	mov    0x68(%rsp),%rax
  ef7e70:	48 89 44 24 48       	mov    %rax,0x48(%rsp)
  ef7e75:	48 8b 44 24 70       	mov    0x70(%rsp),%rax
  ef7e7a:	48 89 44 24 50       	mov    %rax,0x50(%rsp)
  ef7e7f:	48 8b 44 24 78       	mov    0x78(%rsp),%rax
  ef7e84:	48 89 44 24 58       	mov    %rax,0x58(%rsp)
  ef7e89:	48 8b 84 24 80 00 00 	mov    0x80(%rsp),%rax
  ef7e90:	00 
  ef7e91:	48 89 44 24 60       	mov    %rax,0x60(%rsp)
  ef7e96:	48 c7 c6 e0 e3 ee 00 	mov    $0xeee3e0,%rsi
  ef7e9d:	48 8d 7c 24 18       	lea    0x18(%rsp),%rdi
  ef7ea2:	48 8d 54 24 48       	lea    0x48(%rsp),%rdx
  ef7ea7:	e8 a4 2e 00 00       	call   efad50 <_ZN4core3fmt9Arguments6new_v117hff58774b59901d1bE>
  ef7eac:	48 c7 c6 10 e4 ee 00 	mov    $0xeee410,%rsi
  ef7eb3:	48 8d 7c 24 18       	lea    0x18(%rsp),%rdi
  ef7eb8:	e8 03 41 00 00       	call   efbfc0 <_ZN4core9panicking9panic_fmt17h2982420c32d2353cE>
    acme as usize - base as usize >= MIN_CHUNK_SIZE
  ef7ebd:	48 8b 44 24 10       	mov    0x10(%rsp),%rax
  ef7ec2:	48 8b 4c 24 08       	mov    0x8(%rsp),%rcx
  ef7ec7:	48 89 c2             	mov    %rax,%rdx
  ef7eca:	48 29 ca             	sub    %rcx,%rdx
  ef7ecd:	48 89 14 24          	mov    %rdx,(%rsp)
  ef7ed1:	48 39 c8             	cmp    %rcx,%rax
  ef7ed4:	72 15                	jb     ef7eeb <_ZN4talc4talc13is_chunk_size17h9936bd0c266ec380E+0xbb>
  ef7ed6:	48 8b 04 24          	mov    (%rsp),%rax
  ef7eda:	48 83 f8 18          	cmp    $0x18,%rax
  ef7ede:	0f 93 c0             	setae  %al
}
  ef7ee1:	24 01                	and    $0x1,%al
  ef7ee3:	48 81 c4 88 00 00 00 	add    $0x88,%rsp
  ef7eea:	c3                   	ret
    acme as usize - base as usize >= MIN_CHUNK_SIZE
  ef7eeb:	48 c7 c7 28 e4 ee 00 	mov    $0xeee428,%rdi
  ef7ef2:	e8 69 57 00 00       	call   efd660 <_ZN4core9panicking11panic_const24panic_const_sub_overflow17h38d790166b4890c1E>
  ef7ef7:	cc                   	int3
  ef7ef8:	cc                   	int3
  ef7ef9:	cc                   	int3
  ef7efa:	cc                   	int3
  ef7efb:	cc                   	int3
  ef7efc:	cc                   	int3
  ef7efd:	cc                   	int3
  ef7efe:	cc                   	int3
  ef7eff:	cc                   	int3

0000000000ef7f00 <_ZN4talc4talc16gap_acme_to_size17h5889175b6f3702daE>:
unsafe fn gap_acme_to_size(acme: *mut u8) -> *mut usize {
  ef7f00:	48 83 ec 28          	sub    $0x28,%rsp
  ef7f04:	48 89 3c 24          	mov    %rdi,(%rsp)
  ef7f08:	48 89 7c 24 10       	mov    %rdi,0x10(%rsp)
  ef7f0d:	48 c7 44 24 18 08 00 	movq   $0x8,0x18(%rsp)
  ef7f14:	00 00 
            unsafe { intrinsics::offset(self, intrinsics::unchecked_sub(0, count as isize)) }
  ef7f16:	48 83 c7 f8          	add    $0xfffffffffffffff8,%rdi
  ef7f1a:	48 89 7c 24 08       	mov    %rdi,0x8(%rsp)
    }
  ef7f1f:	48 8b 44 24 08       	mov    0x8(%rsp),%rax
  ef7f24:	48 89 44 24 20       	mov    %rax,0x20(%rsp)
}
  ef7f29:	48 83 c4 28          	add    $0x28,%rsp
  ef7f2d:	c3                   	ret
  ef7f2e:	cc                   	int3
  ef7f2f:	cc                   	int3

0000000000ef7f30 <_ZN4talc4talc16gap_base_to_node17h6709b48140eaae9cE>:
unsafe fn gap_base_to_node(base: *mut u8) -> *mut LlistNode {
  ef7f30:	48 83 ec 20          	sub    $0x20,%rsp
  ef7f34:	48 89 f8             	mov    %rdi,%rax
  ef7f37:	48 89 04 24          	mov    %rax,(%rsp)
  ef7f3b:	48 89 44 24 08       	mov    %rax,0x8(%rsp)
  ef7f40:	48 c7 44 24 10 00 00 	movq   $0x0,0x10(%rsp)
  ef7f47:	00 00 
  ef7f49:	48 89 44 24 18       	mov    %rax,0x18(%rsp)
}
  ef7f4e:	48 83 c4 20          	add    $0x20,%rsp
  ef7f52:	c3                   	ret
  ef7f53:	cc                   	int3
  ef7f54:	cc                   	int3
  ef7f55:	cc                   	int3
  ef7f56:	cc                   	int3
  ef7f57:	cc                   	int3
  ef7f58:	cc                   	int3
  ef7f59:	cc                   	int3
  ef7f5a:	cc                   	int3
  ef7f5b:	cc                   	int3
  ef7f5c:	cc                   	int3
  ef7f5d:	cc                   	int3
  ef7f5e:	cc                   	int3
  ef7f5f:	cc                   	int3

0000000000ef7f60 <_ZN4talc4talc16gap_base_to_size17h3f8242ecc96f9489E>:
unsafe fn gap_base_to_size(base: *mut u8) -> *mut usize {
  ef7f60:	48 83 ec 20          	sub    $0x20,%rsp
  ef7f64:	48 89 f8             	mov    %rdi,%rax
  ef7f67:	48 89 04 24          	mov    %rax,(%rsp)
  ef7f6b:	48 89 44 24 08       	mov    %rax,0x8(%rsp)
  ef7f70:	48 c7 44 24 10 10 00 	movq   $0x10,0x10(%rsp)
  ef7f77:	00 00 
        unsafe { intrinsics::offset(self, count) }
  ef7f79:	48 83 c0 10          	add    $0x10,%rax
  ef7f7d:	48 89 44 24 18       	mov    %rax,0x18(%rsp)
}
  ef7f82:	48 83 c4 20          	add    $0x20,%rsp
  ef7f86:	c3                   	ret
  ef7f87:	cc                   	int3
  ef7f88:	cc                   	int3
  ef7f89:	cc                   	int3
  ef7f8a:	cc                   	int3
  ef7f8b:	cc                   	int3
  ef7f8c:	cc                   	int3
  ef7f8d:	cc                   	int3
  ef7f8e:	cc                   	int3
  ef7f8f:	cc                   	int3

0000000000ef7f90 <_ZN4talc4talc16gap_node_to_base17hfe031ecc807de520E>:
unsafe fn gap_node_to_base(node: NonNull<LlistNode>) -> *mut u8 {
  ef7f90:	48 83 ec 38          	sub    $0x38,%rsp
  ef7f94:	48 89 3c 24          	mov    %rdi,(%rsp)
  ef7f98:	48 89 7c 24 30       	mov    %rdi,0x30(%rsp)
  ef7f9d:	48 89 7c 24 28       	mov    %rdi,0x28(%rsp)
  ef7fa2:	48 89 7c 24 10       	mov    %rdi,0x10(%rsp)
  ef7fa7:	48 c7 44 24 18 00 00 	movq   $0x0,0x18(%rsp)
  ef7fae:	00 00 
            unsafe { intrinsics::offset(self, intrinsics::unchecked_sub(0, count as isize)) }
  ef7fb0:	48 89 7c 24 08       	mov    %rdi,0x8(%rsp)
    }
  ef7fb5:	48 8b 44 24 08       	mov    0x8(%rsp),%rax
  ef7fba:	48 89 44 24 20       	mov    %rax,0x20(%rsp)
}
  ef7fbf:	48 83 c4 38          	add    $0x38,%rsp
  ef7fc3:	c3                   	ret
  ef7fc4:	cc                   	int3
  ef7fc5:	cc                   	int3
  ef7fc6:	cc                   	int3
  ef7fc7:	cc                   	int3
  ef7fc8:	cc                   	int3
  ef7fc9:	cc                   	int3
  ef7fca:	cc                   	int3
  ef7fcb:	cc                   	int3
  ef7fcc:	cc                   	int3
  ef7fcd:	cc                   	int3
  ef7fce:	cc                   	int3
  ef7fcf:	cc                   	int3

0000000000ef7fd0 <_ZN4talc4talc16gap_node_to_size17h05b93c647d50c7feE>:
unsafe fn gap_node_to_size(node: NonNull<LlistNode>) -> *mut usize {
  ef7fd0:	48 83 ec 48          	sub    $0x48,%rsp
  ef7fd4:	48 89 3c 24          	mov    %rdi,(%rsp)
  ef7fd8:	48 89 7c 24 40       	mov    %rdi,0x40(%rsp)
  ef7fdd:	48 89 7c 24 30       	mov    %rdi,0x30(%rsp)
  ef7fe2:	48 89 7c 24 20       	mov    %rdi,0x20(%rsp)
  ef7fe7:	48 c7 44 24 28 00 00 	movq   $0x0,0x28(%rsp)
  ef7fee:	00 00 
            unsafe { intrinsics::offset(self, intrinsics::unchecked_sub(0, count as isize)) }
  ef7ff0:	48 89 7c 24 18       	mov    %rdi,0x18(%rsp)
    }
  ef7ff5:	48 8b 44 24 18       	mov    0x18(%rsp),%rax
  ef7ffa:	48 89 44 24 08       	mov    %rax,0x8(%rsp)
  ef7fff:	48 c7 44 24 10 10 00 	movq   $0x10,0x10(%rsp)
  ef8006:	00 00 
        unsafe { intrinsics::offset(self, count) }
  ef8008:	48 83 c0 10          	add    $0x10,%rax
  ef800c:	48 89 44 24 38       	mov    %rax,0x38(%rsp)
}
  ef8011:	48 83 c4 48          	add    $0x48,%rsp
  ef8015:	c3                   	ret
  ef8016:	cc                   	int3
  ef8017:	cc                   	int3
  ef8018:	cc                   	int3
  ef8019:	cc                   	int3
  ef801a:	cc                   	int3
  ef801b:	cc                   	int3
  ef801c:	cc                   	int3
  ef801d:	cc                   	int3
  ef801e:	cc                   	int3
  ef801f:	cc                   	int3

0000000000ef8020 <_ZN4talc4talc18tag_from_alloc_ptr17h407c621964491a37E>:
unsafe fn tag_from_alloc_ptr(ptr: *mut u8, size: usize) -> (*mut u8, Tag) {
  ef8020:	48 83 ec 78          	sub    $0x78,%rsp
  ef8024:	48 89 7c 24 28       	mov    %rdi,0x28(%rsp)
  ef8029:	48 89 74 24 30       	mov    %rsi,0x30(%rsp)
  ef802e:	48 89 7c 24 48       	mov    %rdi,0x48(%rsp)
  ef8033:	48 89 74 24 50       	mov    %rsi,0x50(%rsp)
  ef8038:	48 01 f7             	add    %rsi,%rdi
    let post_alloc_ptr = align_up(ptr.add(size));
  ef803b:	e8 60 31 00 00       	call   efb1a0 <_ZN4talc9ptr_utils8align_up17h423642f2ddace20eE>
  ef8040:	48 89 c1             	mov    %rax,%rcx
  ef8043:	48 89 4c 24 08       	mov    %rcx,0x8(%rsp)
  ef8048:	48 89 4c 24 38       	mov    %rcx,0x38(%rsp)
  ef804d:	48 89 4c 24 60       	mov    %rcx,0x60(%rsp)
  ef8052:	48 89 4c 24 70       	mov    %rcx,0x70(%rsp)
  ef8057:	48 8b 01             	mov    (%rcx),%rax
  ef805a:	48 89 44 24 10       	mov    %rax,0x10(%rsp)
    let tag_or_tag_ptr = post_alloc_ptr.cast::<*mut u8>().read();
  ef805f:	48 89 44 24 40       	mov    %rax,0x40(%rsp)
    if tag_or_tag_ptr > post_alloc_ptr {
  ef8064:	48 39 c8             	cmp    %rcx,%rax
  ef8067:	77 16                	ja     ef807f <_ZN4talc4talc18tag_from_alloc_ptr17h407c621964491a37E+0x5f>
  ef8069:	48 8b 44 24 10       	mov    0x10(%rsp),%rax
  ef806e:	48 8b 4c 24 08       	mov    0x8(%rsp),%rcx
        (post_alloc_ptr, Tag(tag_or_tag_ptr))
  ef8073:	48 89 4c 24 18       	mov    %rcx,0x18(%rsp)
  ef8078:	48 89 44 24 20       	mov    %rax,0x20(%rsp)
    if tag_or_tag_ptr > post_alloc_ptr {
  ef807d:	eb 1c                	jmp    ef809b <_ZN4talc4talc18tag_from_alloc_ptr17h407c621964491a37E+0x7b>
  ef807f:	48 8b 4c 24 10       	mov    0x10(%rsp),%rcx
  ef8084:	48 89 4c 24 58       	mov    %rcx,0x58(%rsp)
  ef8089:	48 89 4c 24 68       	mov    %rcx,0x68(%rsp)
  ef808e:	48 8b 01             	mov    (%rcx),%rax
        (tag_or_tag_ptr, tag_or_tag_ptr.cast::<Tag>().read())
  ef8091:	48 89 4c 24 18       	mov    %rcx,0x18(%rsp)
  ef8096:	48 89 44 24 20       	mov    %rax,0x20(%rsp)
}
  ef809b:	48 8b 44 24 18       	mov    0x18(%rsp),%rax
  ef80a0:	48 8b 54 24 20       	mov    0x20(%rsp),%rdx
  ef80a5:	48 83 c4 78          	add    $0x78,%rsp
  ef80a9:	c3                   	ret
  ef80aa:	cc                   	int3
  ef80ab:	cc                   	int3
  ef80ac:	cc                   	int3
  ef80ad:	cc                   	int3
  ef80ae:	cc                   	int3
  ef80af:	cc                   	int3

0000000000ef80b0 <_ZN4talc4talc21gap_acme_to_base_size17h0aa87d75867c10cdE>:
unsafe fn gap_acme_to_base_size(acme: *mut u8) -> (*mut u8, usize) {
  ef80b0:	48 83 ec 38          	sub    $0x38,%rsp
  ef80b4:	48 89 3c 24          	mov    %rdi,(%rsp)
  ef80b8:	48 89 7c 24 08       	mov    %rdi,0x8(%rsp)
    let size = gap_acme_to_size(acme).read();
  ef80bd:	e8 3e fe ff ff       	call   ef7f00 <_ZN4talc4talc16gap_acme_to_size17h5889175b6f3702daE>
  ef80c2:	48 8b 3c 24          	mov    (%rsp),%rdi
  ef80c6:	48 89 44 24 30       	mov    %rax,0x30(%rsp)
  ef80cb:	48 8b 10             	mov    (%rax),%rdx
  ef80ce:	48 89 54 24 10       	mov    %rdx,0x10(%rsp)
  ef80d3:	48 89 7c 24 20       	mov    %rdi,0x20(%rsp)
  ef80d8:	48 89 54 24 28       	mov    %rdx,0x28(%rsp)
            unsafe { intrinsics::offset(self, intrinsics::unchecked_sub(0, count as isize)) }
  ef80dd:	48 29 d7             	sub    %rdx,%rdi
  ef80e0:	48 89 7c 24 18       	mov    %rdi,0x18(%rsp)
    }
  ef80e5:	48 8b 44 24 18       	mov    0x18(%rsp),%rax
}
  ef80ea:	48 83 c4 38          	add    $0x38,%rsp
  ef80ee:	c3                   	ret
  ef80ef:	cc                   	int3

0000000000ef80f0 <_ZN4talc4talc21gap_base_to_acme_size17h728af0cdd8569b67E>:
unsafe fn gap_base_to_acme_size(base: *mut u8) -> (*mut u8, usize) {
  ef80f0:	48 83 ec 38          	sub    $0x38,%rsp
  ef80f4:	48 89 7c 24 08       	mov    %rdi,0x8(%rsp)
  ef80f9:	48 89 7c 24 10       	mov    %rdi,0x10(%rsp)
    let size = gap_base_to_size(base).read();
  ef80fe:	e8 5d fe ff ff       	call   ef7f60 <_ZN4talc4talc16gap_base_to_size17h3f8242ecc96f9489E>
  ef8103:	48 89 c1             	mov    %rax,%rcx
  ef8106:	48 8b 44 24 08       	mov    0x8(%rsp),%rax
  ef810b:	48 89 4c 24 30       	mov    %rcx,0x30(%rsp)
  ef8110:	48 8b 11             	mov    (%rcx),%rdx
  ef8113:	48 89 54 24 18       	mov    %rdx,0x18(%rsp)
  ef8118:	48 89 44 24 20       	mov    %rax,0x20(%rsp)
  ef811d:	48 89 54 24 28       	mov    %rdx,0x28(%rsp)
        unsafe { intrinsics::offset(self, count) }
  ef8122:	48 01 d0             	add    %rdx,%rax
}
  ef8125:	48 83 c4 38          	add    $0x38,%rsp
  ef8129:	c3                   	ret
  ef812a:	cc                   	int3
  ef812b:	cc                   	int3
  ef812c:	cc                   	int3
  ef812d:	cc                   	int3
  ef812e:	cc                   	int3
  ef812f:	cc                   	int3

0000000000ef8130 <_ZN4talc4talc22is_gap_above_heap_base17h6a1cb03b13201ae3E>:
unsafe fn is_gap_above_heap_base(heap_base: *mut u8) -> bool {
  ef8130:	48 83 ec 18          	sub    $0x18,%rsp
  ef8134:	48 89 3c 24          	mov    %rdi,(%rsp)
  ef8138:	48 89 7c 24 08       	mov    %rdi,0x8(%rsp)
  ef813d:	48 89 7c 24 10       	mov    %rdi,0x10(%rsp)
  ef8142:	48 8b 3f             	mov    (%rdi),%rdi
    heap_base.cast::<Tag>().read().is_above_free()
  ef8145:	e8 76 34 00 00       	call   efb5c0 <_ZN4talc4talc3tag3Tag13is_above_free17hcd8d0ceae9a7f4b2E>
}
  ef814a:	24 01                	and    $0x1,%al
  ef814c:	48 83 c4 18          	add    $0x18,%rsp
  ef8150:	c3                   	ret
  ef8151:	cc                   	int3
  ef8152:	cc                   	int3
  ef8153:	cc                   	int3
  ef8154:	cc                   	int3
  ef8155:	cc                   	int3
  ef8156:	cc                   	int3
  ef8157:	cc                   	int3
  ef8158:	cc                   	int3
  ef8159:	cc                   	int3
  ef815a:	cc                   	int3
  ef815b:	cc                   	int3
  ef815c:	cc                   	int3
  ef815d:	cc                   	int3
  ef815e:	cc                   	int3
  ef815f:	cc                   	int3

0000000000ef8160 <_ZN145_$LT$core..option..Option$LT$T$GT$$u20$as$u20$core..ops..try_trait..FromResidual$LT$core..option..Option$LT$core..convert..Infallible$GT$$GT$$GT$13from_residual17h84ec433ab03d0bcbE>:
#[unstable(feature = "try_trait_v2", issue = "84277")]
// Note: manually specifying the residual type instead of using the default to work around
// https://github.com/rust-lang/rust/issues/99940
impl<T> ops::FromResidual<Option<convert::Infallible>> for Option<T> {
    #[inline]
    fn from_residual(residual: Option<convert::Infallible>) -> Self {
  ef8160:	48 83 ec 01          	sub    $0x1,%rsp
  ef8164:	48 89 f8             	mov    %rdi,%rax
        match residual {
            None => None,
  ef8167:	48 c7 07 00 00 00 00 	movq   $0x0,(%rdi)
        }
    }
  ef816e:	48 83 c4 01          	add    $0x1,%rsp
  ef8172:	c3                   	ret
  ef8173:	cc                   	int3
  ef8174:	cc                   	int3
  ef8175:	cc                   	int3
  ef8176:	cc                   	int3
  ef8177:	cc                   	int3
  ef8178:	cc                   	int3
  ef8179:	cc                   	int3
  ef817a:	cc                   	int3
  ef817b:	cc                   	int3
  ef817c:	cc                   	int3
  ef817d:	cc                   	int3
  ef817e:	cc                   	int3
  ef817f:	cc                   	int3

0000000000ef8180 <_ZN4core6option15Option$LT$T$GT$7is_some17h33ba5d1a03b8326fE>:
    pub const fn is_some(&self) -> bool {
  ef8180:	50                   	push   %rax
  ef8181:	48 89 3c 24          	mov    %rdi,(%rsp)
  ef8185:	48 83 3f 01          	cmpq   $0x1,(%rdi)
  ef8189:	0f 94 c0             	sete   %al
    }
  ef818c:	24 01                	and    $0x1,%al
  ef818e:	59                   	pop    %rcx
  ef818f:	c3                   	ret

0000000000ef8190 <_ZN72_$LT$core..option..Option$LT$T$GT$$u20$as$u20$core..default..Default$GT$7default17ha17c87605f3ff276E>:
    fn default() -> Option<T> {
  ef8190:	50                   	push   %rax
        None
  ef8191:	48 c7 04 24 00 00 00 	movq   $0x0,(%rsp)
  ef8198:	00 
    }
  ef8199:	48 8b 04 24          	mov    (%rsp),%rax
  ef819d:	59                   	pop    %rcx
  ef819e:	c3                   	ret
  ef819f:	cc                   	int3

0000000000ef81a0 <_ZN75_$LT$core..option..Option$LT$T$GT$$u20$as$u20$core..ops..try_trait..Try$GT$6branch17h736be44d1cf9c7feE>:
    fn branch(self) -> ControlFlow<Self::Residual, Self::Output> {
  ef81a0:	48 83 ec 28          	sub    $0x28,%rsp
  ef81a4:	48 89 3c 24          	mov    %rdi,(%rsp)
  ef81a8:	48 89 74 24 08       	mov    %rsi,0x8(%rsp)
        match self {
  ef81ad:	48 f7 04 24 01 00 00 	testq  $0x1,(%rsp)
  ef81b4:	00 
  ef81b5:	74 1a                	je     ef81d1 <_ZN75_$LT$core..option..Option$LT$T$GT$$u20$as$u20$core..ops..try_trait..Try$GT$6branch17h736be44d1cf9c7feE+0x31>
            Some(v) => ControlFlow::Continue(v),
  ef81b7:	48 8b 44 24 08       	mov    0x8(%rsp),%rax
  ef81bc:	48 89 44 24 20       	mov    %rax,0x20(%rsp)
  ef81c1:	48 89 44 24 18       	mov    %rax,0x18(%rsp)
  ef81c6:	48 c7 44 24 10 00 00 	movq   $0x0,0x10(%rsp)
  ef81cd:	00 00 
    }
  ef81cf:	eb 09                	jmp    ef81da <_ZN75_$LT$core..option..Option$LT$T$GT$$u20$as$u20$core..ops..try_trait..Try$GT$6branch17h736be44d1cf9c7feE+0x3a>
            None => ControlFlow::Break(None),
  ef81d1:	48 c7 44 24 10 01 00 	movq   $0x1,0x10(%rsp)
  ef81d8:	00 00 
    }
  ef81da:	48 8b 44 24 10       	mov    0x10(%rsp),%rax
  ef81df:	48 8b 54 24 18       	mov    0x18(%rsp),%rdx
  ef81e4:	48 83 c4 28          	add    $0x28,%rsp
  ef81e8:	c3                   	ret
  ef81e9:	cc                   	int3
  ef81ea:	cc                   	int3
  ef81eb:	cc                   	int3
  ef81ec:	cc                   	int3
  ef81ed:	cc                   	int3
  ef81ee:	cc                   	int3
  ef81ef:	cc                   	int3

0000000000ef81f0 <_ZN4talc9ptr_utils11align_up_by17hcc1c08f6d5d7f879E>:

/// Aligns `ptr` up to the next `align_mask + 1`.
///
/// `align_mask` must be a power of two minus one.
#[inline]
pub fn align_up_by(ptr: *mut u8, align_mask: usize) -> *mut u8 {
  ef81f0:	48 83 ec 68          	sub    $0x68,%rsp
  ef81f4:	48 89 74 24 10       	mov    %rsi,0x10(%rsp)
  ef81f9:	48 89 7c 24 18       	mov    %rdi,0x18(%rsp)
  ef81fe:	48 89 7c 24 28       	mov    %rdi,0x28(%rsp)
  ef8203:	48 89 74 24 30       	mov    %rsi,0x30(%rsp)
    debug_assert!((align_mask + 1).is_power_of_two());
  ef8208:	48 83 c6 01          	add    $0x1,%rsi
  ef820c:	48 89 74 24 20       	mov    %rsi,0x20(%rsp)
  ef8211:	0f 92 c0             	setb   %al
  ef8214:	72 70                	jb     ef8286 <_ZN4talc9ptr_utils11align_up_by17hcc1c08f6d5d7f879E+0x96>
  ef8216:	48 8b 4c 24 20       	mov    0x20(%rsp),%rcx
  ef821b:	48 89 4c 24 38       	mov    %rcx,0x38(%rsp)
            return intrinsics::ctpop(self);
  ef8220:	48 89 c8             	mov    %rcx,%rax
  ef8223:	48 d1 e8             	shr    $1,%rax
  ef8226:	48 ba 55 55 55 55 55 	movabs $0x5555555555555555,%rdx
  ef822d:	55 55 55 
  ef8230:	48 21 d0             	and    %rdx,%rax
  ef8233:	48 29 c1             	sub    %rax,%rcx
  ef8236:	48 ba 33 33 33 33 33 	movabs $0x3333333333333333,%rdx
  ef823d:	33 33 33 
  ef8240:	48 89 c8             	mov    %rcx,%rax
  ef8243:	48 21 d0             	and    %rdx,%rax
  ef8246:	48 c1 e9 02          	shr    $0x2,%rcx
  ef824a:	48 21 d1             	and    %rdx,%rcx
  ef824d:	48 01 c8             	add    %rcx,%rax
  ef8250:	48 89 c1             	mov    %rax,%rcx
  ef8253:	48 c1 e9 04          	shr    $0x4,%rcx
  ef8257:	48 01 c8             	add    %rcx,%rax
  ef825a:	48 b9 0f 0f 0f 0f 0f 	movabs $0xf0f0f0f0f0f0f0f,%rcx
  ef8261:	0f 0f 0f 
  ef8264:	48 21 c8             	and    %rcx,%rax
  ef8267:	48 b9 01 01 01 01 01 	movabs $0x101010101010101,%rcx
  ef826e:	01 01 01 
  ef8271:	48 0f af c1          	imul   %rcx,%rax
  ef8275:	48 c1 e8 38          	shr    $0x38,%rax
  ef8279:	89 44 24 44          	mov    %eax,0x44(%rsp)
        #[must_use]
        #[stable(feature = "rust1", since = "1.0.0")]
        #[rustc_const_stable(feature = "const_is_power_of_two", since = "1.32.0")]
        #[inline(always)]
        pub const fn is_power_of_two(self) -> bool {
            self.count_ones() == 1
  ef827d:	83 7c 24 44 01       	cmpl   $0x1,0x44(%rsp)
  ef8282:	74 26                	je     ef82aa <_ZN4talc9ptr_utils11align_up_by17hcc1c08f6d5d7f879E+0xba>
  ef8284:	eb 0c                	jmp    ef8292 <_ZN4talc9ptr_utils11align_up_by17hcc1c08f6d5d7f879E+0xa2>
  ef8286:	48 c7 c7 a0 e4 ee 00 	mov    $0xeee4a0,%rdi
  ef828d:	e8 8e 53 00 00       	call   efd620 <_ZN4core9panicking11panic_const24panic_const_add_overflow17h2e8a9d29e7403df8E>
  ef8292:	48 c7 c7 b8 e4 ee 00 	mov    $0xeee4b8,%rdi
  ef8299:	48 c7 c2 f0 e4 ee 00 	mov    $0xeee4f0,%rdx
  ef82a0:	be 34 00 00 00       	mov    $0x34,%esi
  ef82a5:	e8 96 3d 00 00       	call   efc040 <_ZN4core9panicking5panic17hdbca58b08003962eE>
  ef82aa:	48 8b 4c 24 10       	mov    0x10(%rsp),%rcx
  ef82af:	48 8b 44 24 18       	mov    0x18(%rsp),%rax

    // this incantation maintains provenance of ptr
    // while allowing the compiler to see through the wrapping_add and optimize it
    ptr.wrapping_add(((ptr as usize + align_mask) & !align_mask) - ptr as usize)
  ef82b4:	48 01 c8             	add    %rcx,%rax
  ef82b7:	48 89 44 24 08       	mov    %rax,0x8(%rsp)
  ef82bc:	0f 92 c0             	setb   %al
  ef82bf:	72 27                	jb     ef82e8 <_ZN4talc9ptr_utils11align_up_by17hcc1c08f6d5d7f879E+0xf8>
  ef82c1:	48 8b 4c 24 18       	mov    0x18(%rsp),%rcx
  ef82c6:	48 8b 44 24 08       	mov    0x8(%rsp),%rax
  ef82cb:	48 8b 54 24 10       	mov    0x10(%rsp),%rdx
  ef82d0:	48 83 f2 ff          	xor    $0xffffffffffffffff,%rdx
  ef82d4:	48 21 d0             	and    %rdx,%rax
  ef82d7:	48 89 c2             	mov    %rax,%rdx
  ef82da:	48 29 ca             	sub    %rcx,%rdx
  ef82dd:	48 89 14 24          	mov    %rdx,(%rsp)
  ef82e1:	48 39 c8             	cmp    %rcx,%rax
  ef82e4:	72 38                	jb     ef831e <_ZN4talc9ptr_utils11align_up_by17hcc1c08f6d5d7f879E+0x12e>
  ef82e6:	eb 0c                	jmp    ef82f4 <_ZN4talc9ptr_utils11align_up_by17hcc1c08f6d5d7f879E+0x104>
  ef82e8:	48 c7 c7 08 e5 ee 00 	mov    $0xeee508,%rdi
  ef82ef:	e8 2c 53 00 00       	call   efd620 <_ZN4core9panicking11panic_const24panic_const_add_overflow17h2e8a9d29e7403df8E>
  ef82f4:	48 8b 0c 24          	mov    (%rsp),%rcx
  ef82f8:	48 8b 44 24 18       	mov    0x18(%rsp),%rax
  ef82fd:	48 89 44 24 48       	mov    %rax,0x48(%rsp)
  ef8302:	48 89 4c 24 50       	mov    %rcx,0x50(%rsp)
        self.wrapping_offset(count as isize)
  ef8307:	48 89 4c 24 58       	mov    %rcx,0x58(%rsp)
        unsafe { intrinsics::arith_offset(self, count) as *mut T }
  ef830c:	48 01 c8             	add    %rcx,%rax
  ef830f:	48 89 44 24 60       	mov    %rax,0x60(%rsp)
  ef8314:	48 8b 44 24 60       	mov    0x60(%rsp),%rax
    // equivalent to the following:
    // ((ptr as usize + align_mask) & !align_mask) as *mut u8
    // i.e. just align up to the next align_mask + 1
}
  ef8319:	48 83 c4 68          	add    $0x68,%rsp
  ef831d:	c3                   	ret
    ptr.wrapping_add(((ptr as usize + align_mask) & !align_mask) - ptr as usize)
  ef831e:	48 c7 c7 20 e5 ee 00 	mov    $0xeee520,%rdi
  ef8325:	e8 36 53 00 00       	call   efd660 <_ZN4core9panicking11panic_const24panic_const_sub_overflow17h38d790166b4890c1E>
  ef832a:	cc                   	int3
  ef832b:	cc                   	int3
  ef832c:	cc                   	int3
  ef832d:	cc                   	int3
  ef832e:	cc                   	int3
  ef832f:	cc                   	int3

0000000000ef8330 <_ZN4core3cmp3Ord3max17h944f59fb7cce2fe0E>:
    /// ```
    #[stable(feature = "ord_max_min", since = "1.21.0")]
    #[inline]
    #[must_use]
    #[rustc_diagnostic_item = "cmp_ord_max"]
    fn max(self, other: Self) -> Self
  ef8330:	48 83 ec 28          	sub    $0x28,%rsp
  ef8334:	48 89 3c 24          	mov    %rdi,(%rsp)
  ef8338:	48 89 74 24 08       	mov    %rsi,0x8(%rsp)
  ef833d:	48 8d 44 24 08       	lea    0x8(%rsp),%rax
  ef8342:	48 89 44 24 18       	mov    %rax,0x18(%rsp)
  ef8347:	48 89 e0             	mov    %rsp,%rax
  ef834a:	48 89 44 24 20       	mov    %rax,0x20(%rsp)
    }

    #[inline(always)]
    #[allow(ambiguous_wide_pointer_comparisons)]
    fn lt(&self, other: &*mut T) -> bool {
        *self < *other
  ef834f:	48 8b 44 24 08       	mov    0x8(%rsp),%rax
  ef8354:	48 3b 04 24          	cmp    (%rsp),%rax
    where
        Self: Sized,
    {
        if other < self { self } else { other }
  ef8358:	72 0c                	jb     ef8366 <_ZN4core3cmp3Ord3max17h944f59fb7cce2fe0E+0x36>
  ef835a:	48 8b 44 24 08       	mov    0x8(%rsp),%rax
  ef835f:	48 89 44 24 10       	mov    %rax,0x10(%rsp)
    }
  ef8364:	eb 0b                	jmp    ef8371 <_ZN4core3cmp3Ord3max17h944f59fb7cce2fe0E+0x41>
        if other < self { self } else { other }
  ef8366:	48 8b 04 24          	mov    (%rsp),%rax
  ef836a:	48 89 44 24 10       	mov    %rax,0x10(%rsp)
    }
  ef836f:	eb 02                	jmp    ef8373 <_ZN4core3cmp3Ord3max17h944f59fb7cce2fe0E+0x43>
  ef8371:	eb 00                	jmp    ef8373 <_ZN4core3cmp3Ord3max17h944f59fb7cce2fe0E+0x43>
  ef8373:	48 8b 44 24 10       	mov    0x10(%rsp),%rax
  ef8378:	48 83 c4 28          	add    $0x28,%rsp
  ef837c:	c3                   	ret
  ef837d:	cc                   	int3
  ef837e:	cc                   	int3
  ef837f:	cc                   	int3

0000000000ef8380 <_ZN4core3cmp3Ord3min17h2332d09edc5d9754E>:
    /// ```
    #[stable(feature = "ord_max_min", since = "1.21.0")]
    #[inline]
    #[must_use]
    #[rustc_diagnostic_item = "cmp_ord_min"]
    fn min(self, other: Self) -> Self
  ef8380:	48 83 ec 28          	sub    $0x28,%rsp
  ef8384:	48 89 3c 24          	mov    %rdi,(%rsp)
  ef8388:	48 89 74 24 08       	mov    %rsi,0x8(%rsp)
  ef838d:	48 8d 44 24 08       	lea    0x8(%rsp),%rax
  ef8392:	48 89 44 24 18       	mov    %rax,0x18(%rsp)
  ef8397:	48 89 e0             	mov    %rsp,%rax
  ef839a:	48 89 44 24 20       	mov    %rax,0x20(%rsp)
  ef839f:	48 8b 44 24 08       	mov    0x8(%rsp),%rax
  ef83a4:	48 3b 04 24          	cmp    (%rsp),%rax
    where
        Self: Sized,
    {
        if other < self { other } else { self }
  ef83a8:	72 0b                	jb     ef83b5 <_ZN4core3cmp3Ord3min17h2332d09edc5d9754E+0x35>
  ef83aa:	48 8b 04 24          	mov    (%rsp),%rax
  ef83ae:	48 89 44 24 10       	mov    %rax,0x10(%rsp)
    }
  ef83b3:	eb 0c                	jmp    ef83c1 <_ZN4core3cmp3Ord3min17h2332d09edc5d9754E+0x41>
        if other < self { other } else { self }
  ef83b5:	48 8b 44 24 08       	mov    0x8(%rsp),%rax
  ef83ba:	48 89 44 24 10       	mov    %rax,0x10(%rsp)
    }
  ef83bf:	eb 0a                	jmp    ef83cb <_ZN4core3cmp3Ord3min17h2332d09edc5d9754E+0x4b>
  ef83c1:	48 8b 44 24 10       	mov    0x10(%rsp),%rax
  ef83c6:	48 83 c4 28          	add    $0x28,%rsp
  ef83ca:	c3                   	ret
  ef83cb:	eb f4                	jmp    ef83c1 <_ZN4core3cmp3Ord3min17h2332d09edc5d9754E+0x41>
  ef83cd:	cc                   	int3
  ef83ce:	cc                   	int3
  ef83cf:	cc                   	int3

0000000000ef83d0 <_ZN4core3num23_$LT$impl$u20$usize$GT$11checked_add17hd6adbddb728a2875E>:
        pub const fn checked_add(self, rhs: Self) -> Option<Self> {
  ef83d0:	48 83 ec 38          	sub    $0x38,%rsp
  ef83d4:	48 89 34 24          	mov    %rsi,(%rsp)
  ef83d8:	48 89 7c 24 08       	mov    %rdi,0x8(%rsp)
  ef83dd:	48 89 7c 24 20       	mov    %rdi,0x20(%rsp)
  ef83e2:	48 89 74 24 28       	mov    %rsi,0x28(%rsp)
            if intrinsics::unlikely(intrinsics::add_with_overflow(self, rhs).1) {
  ef83e7:	48 01 f7             	add    %rsi,%rdi
  ef83ea:	0f 92 c0             	setb   %al
  ef83ed:	88 c1                	mov    %al,%cl
  ef83ef:	80 e1 01             	and    $0x1,%cl
  ef83f2:	88 4c 24 37          	mov    %cl,0x37(%rsp)
    if b {
  ef83f6:	a8 01                	test   $0x1,%al
  ef83f8:	75 1c                	jne    ef8416 <_ZN4core3num23_$LT$impl$u20$usize$GT$11checked_add17hd6adbddb728a2875E+0x46>
  ef83fa:	48 8b 0c 24          	mov    (%rsp),%rcx
  ef83fe:	48 8b 44 24 08       	mov    0x8(%rsp),%rax
                Some(unsafe { intrinsics::unchecked_add(self, rhs) })
  ef8403:	48 01 c8             	add    %rcx,%rax
  ef8406:	48 89 44 24 18       	mov    %rax,0x18(%rsp)
  ef840b:	48 c7 44 24 10 01 00 	movq   $0x1,0x10(%rsp)
  ef8412:	00 00 
            if intrinsics::unlikely(intrinsics::add_with_overflow(self, rhs).1) {
  ef8414:	eb 18                	jmp    ef842e <_ZN4core3num23_$LT$impl$u20$usize$GT$11checked_add17hd6adbddb728a2875E+0x5e>
                None
  ef8416:	48 8b 0d 9b 7e 30 ff 	mov    -0xcf8165(%rip),%rcx        # 2002b8 <_ZN63_$LT$common_std..error..RcError$u20$as$u20$core..fmt..Debug$GT$3fmt17h5af9ecfea329b2e5E-0xcf0988>
  ef841d:	48 8b 05 9c 7e 30 ff 	mov    -0xcf8164(%rip),%rax        # 2002c0 <_ZN63_$LT$common_std..error..RcError$u20$as$u20$core..fmt..Debug$GT$3fmt17h5af9ecfea329b2e5E-0xcf0980>
  ef8424:	48 89 4c 24 10       	mov    %rcx,0x10(%rsp)
  ef8429:	48 89 44 24 18       	mov    %rax,0x18(%rsp)
        }
  ef842e:	48 8b 44 24 10       	mov    0x10(%rsp),%rax
  ef8433:	48 8b 54 24 18       	mov    0x18(%rsp),%rdx
  ef8438:	48 83 c4 38          	add    $0x38,%rsp
  ef843c:	c3                   	ret
  ef843d:	cc                   	int3
  ef843e:	cc                   	int3
  ef843f:	cc                   	int3

0000000000ef8440 <_ZN4core3num23_$LT$impl$u20$usize$GT$11checked_sub17hc0af984c3efabba2E>:
        pub const fn checked_sub(self, rhs: Self) -> Option<Self> {
  ef8440:	48 83 ec 30          	sub    $0x30,%rsp
  ef8444:	48 89 34 24          	mov    %rsi,(%rsp)
  ef8448:	48 89 7c 24 08       	mov    %rdi,0x8(%rsp)
  ef844d:	48 89 7c 24 20       	mov    %rdi,0x20(%rsp)
  ef8452:	48 89 74 24 28       	mov    %rsi,0x28(%rsp)
            if self < rhs {
  ef8457:	48 39 f7             	cmp    %rsi,%rdi
  ef845a:	72 1c                	jb     ef8478 <_ZN4core3num23_$LT$impl$u20$usize$GT$11checked_sub17hc0af984c3efabba2E+0x38>
  ef845c:	48 8b 0c 24          	mov    (%rsp),%rcx
  ef8460:	48 8b 44 24 08       	mov    0x8(%rsp),%rax
                Some(unsafe { intrinsics::unchecked_sub(self, rhs) })
  ef8465:	48 29 c8             	sub    %rcx,%rax
  ef8468:	48 89 44 24 18       	mov    %rax,0x18(%rsp)
  ef846d:	48 c7 44 24 10 01 00 	movq   $0x1,0x10(%rsp)
  ef8474:	00 00 
            if self < rhs {
  ef8476:	eb 18                	jmp    ef8490 <_ZN4core3num23_$LT$impl$u20$usize$GT$11checked_sub17hc0af984c3efabba2E+0x50>
                None
  ef8478:	48 8b 0d 39 7e 30 ff 	mov    -0xcf81c7(%rip),%rcx        # 2002b8 <_ZN63_$LT$common_std..error..RcError$u20$as$u20$core..fmt..Debug$GT$3fmt17h5af9ecfea329b2e5E-0xcf0988>
  ef847f:	48 8b 05 3a 7e 30 ff 	mov    -0xcf81c6(%rip),%rax        # 2002c0 <_ZN63_$LT$common_std..error..RcError$u20$as$u20$core..fmt..Debug$GT$3fmt17h5af9ecfea329b2e5E-0xcf0980>
  ef8486:	48 89 4c 24 10       	mov    %rcx,0x10(%rsp)
  ef848b:	48 89 44 24 18       	mov    %rax,0x18(%rsp)
        }
  ef8490:	48 8b 44 24 10       	mov    0x10(%rsp),%rax
  ef8495:	48 8b 54 24 18       	mov    0x18(%rsp),%rdx
  ef849a:	48 83 c4 30          	add    $0x30,%rsp
  ef849e:	c3                   	ret
  ef849f:	cc                   	int3

0000000000ef84a0 <_ZN4core3num23_$LT$impl$u20$usize$GT$11to_le_bytes17hda6f25a7120af9d3E>:
        #[stable(feature = "int_to_from_bytes", since = "1.32.0")]
        #[rustc_const_stable(feature = "const_int_conversion", since = "1.44.0")]
        #[must_use = "this returns the result of the operation, \
                      without modifying the original"]
        #[inline]
        pub const fn to_le_bytes(self) -> [u8; size_of::<Self>()] {
  ef84a0:	48 83 ec 10          	sub    $0x10,%rsp
  ef84a4:	48 89 7c 24 08       	mov    %rdi,0x8(%rsp)
        // transmute them to arrays of bytes
        #[inline]
        pub const fn to_ne_bytes(self) -> [u8; size_of::<Self>()] {
            // SAFETY: integers are plain old datatypes so we can always transmute them to
            // arrays of bytes
            unsafe { mem::transmute(self) }
  ef84a9:	48 89 3c 24          	mov    %rdi,(%rsp)
        }
  ef84ad:	48 8b 04 24          	mov    (%rsp),%rax
  ef84b1:	48 83 c4 10          	add    $0x10,%rsp
  ef84b5:	c3                   	ret
  ef84b6:	cc                   	int3
  ef84b7:	cc                   	int3
  ef84b8:	cc                   	int3
  ef84b9:	cc                   	int3
  ef84ba:	cc                   	int3
  ef84bb:	cc                   	int3
  ef84bc:	cc                   	int3
  ef84bd:	cc                   	int3
  ef84be:	cc                   	int3
  ef84bf:	cc                   	int3

0000000000ef84c0 <_ZN4core3num23_$LT$impl$u20$usize$GT$13unchecked_mul18precondition_check17h511a3c83d56bf0fdE>:
            const fn precondition_check($($name:$ty),*) {
  ef84c0:	48 83 ec 18          	sub    $0x18,%rsp
  ef84c4:	48 89 f8             	mov    %rdi,%rax
  ef84c7:	48 89 44 24 08       	mov    %rax,0x8(%rsp)
  ef84cc:	48 89 74 24 10       	mov    %rsi,0x10(%rsp)
            let (a, b) = intrinsics::mul_with_overflow(self as $ActualT, rhs as $ActualT);
  ef84d1:	48 f7 e6             	mul    %rsi
  ef84d4:	0f 90 c0             	seto   %al
                ) => !lhs.overflowing_mul(rhs).1,
  ef84d7:	70 05                	jo     ef84de <_ZN4core3num23_$LT$impl$u20$usize$GT$13unchecked_mul18precondition_check17h511a3c83d56bf0fdE+0x1e>
            }
  ef84d9:	48 83 c4 18          	add    $0x18,%rsp
  ef84dd:	c3                   	ret
                    ::core::panicking::panic_nounwind(concat!("unsafe precondition(s) violated: ", $message,
  ef84de:	48 c7 c7 38 e5 ee 00 	mov    $0xeee538,%rdi
  ef84e5:	be ba 00 00 00       	mov    $0xba,%esi
  ef84ea:	e8 a1 3b 00 00       	call   efc090 <_ZN4core9panicking14panic_nounwind17h73726ac9567abe6cE>
  ef84ef:	cc                   	int3

0000000000ef84f0 <_ZN4core3num23_$LT$impl$u20$usize$GT$5ilog217hb1d243b2dd3e574bE>:
        pub const fn ilog2(self) -> u32 {
  ef84f0:	48 83 ec 38          	sub    $0x38,%rsp
  ef84f4:	48 89 74 24 08       	mov    %rsi,0x8(%rsp)
  ef84f9:	48 89 7c 24 20       	mov    %rdi,0x20(%rsp)
    #[must_use]
    #[inline]
    pub const fn new(n: T) -> Option<Self> {
        // SAFETY: Memory layout optimization guarantees that `Option<NonZero<T>>` has
        //         the same layout and size as `T`, with `0` representing `None`.
        unsafe { intrinsics::transmute_unchecked(n) }
  ef84fe:	48 89 7c 24 18       	mov    %rdi,0x18(%rsp)
            match NonZero::new(self) {
  ef8503:	b8 01 00 00 00       	mov    $0x1,%eax
  ef8508:	31 c9                	xor    %ecx,%ecx
  ef850a:	48 83 7c 24 18 00    	cmpq   $0x0,0x18(%rsp)
  ef8510:	48 0f 44 c1          	cmove  %rcx,%rax
  ef8514:	48 a9 01 00 00 00    	test   $0x1,%rax
  ef851a:	74 38                	je     ef8554 <_ZN4core3num23_$LT$impl$u20$usize$GT$5ilog217hb1d243b2dd3e574bE+0x64>
                Some(x) => Some(x.ilog2()),
  ef851c:	48 8b 4c 24 18       	mov    0x18(%rsp),%rcx
  ef8521:	48 89 4c 24 28       	mov    %rcx,0x28(%rsp)
                          without modifying the original"]
            #[inline]
            pub const fn leading_zeros(self) -> u32 {
                // SAFETY: since `self` cannot be zero, it is safe to call `ctlz_nonzero`.
                unsafe {
                    intrinsics::ctlz_nonzero(self.get() as $Uint)
  ef8526:	48 0f bd c1          	bsr    %rcx,%rax
  ef852a:	48 83 f0 3f          	xor    $0x3f,%rax
  ef852e:	89 44 24 30          	mov    %eax,0x30(%rsp)
        #[rustc_const_stable(feature = "int_log", since = "1.67.0")]
        #[must_use = "this returns the result of the operation, \
                      without modifying the original"]
        #[inline]
        pub const fn ilog2(self) -> u32 {
            Self::BITS - 1 - self.leading_zeros()
  ef8532:	b8 3f 00 00 00       	mov    $0x3f,%eax
  ef8537:	2b 44 24 30          	sub    0x30(%rsp),%eax
  ef853b:	89 44 24 14          	mov    %eax,0x14(%rsp)
  ef853f:	c7 44 24 10 01 00 00 	movl   $0x1,0x10(%rsp)
  ef8546:	00 
            if let Some(log) = self.checked_ilog2() {
  ef8547:	8b 44 24 14          	mov    0x14(%rsp),%eax
  ef854b:	89 44 24 34          	mov    %eax,0x34(%rsp)
        }
  ef854f:	48 83 c4 38          	add    $0x38,%rsp
  ef8553:	c3                   	ret
  ef8554:	48 8b 7c 24 08       	mov    0x8(%rsp),%rdi
                int_log10::panic_for_nonpositive_argument()
  ef8559:	e8 62 38 00 00       	call   efbdc0 <_ZN4core3num9int_log1030panic_for_nonpositive_argument17h40544dbef09500deE>
  ef855e:	cc                   	int3
  ef855f:	cc                   	int3

0000000000ef8560 <_ZN4core5slice3raw14from_raw_parts18precondition_check17hdc0e409f4a3ff0ccE>:
            const fn precondition_check($($name:$ty),*) {
  ef8560:	48 81 ec a8 00 00 00 	sub    $0xa8,%rsp
  ef8567:	48 89 c8             	mov    %rcx,%rax
  ef856a:	48 89 44 24 10       	mov    %rax,0x10(%rsp)
  ef856f:	48 89 d1             	mov    %rdx,%rcx
  ef8572:	48 89 4c 24 18       	mov    %rcx,0x18(%rsp)
  ef8577:	48 89 74 24 20       	mov    %rsi,0x20(%rsp)
  ef857c:	48 89 7c 24 28       	mov    %rdi,0x28(%rsp)
  ef8581:	48 89 7c 24 68       	mov    %rdi,0x68(%rsp)
  ef8586:	48 89 74 24 70       	mov    %rsi,0x70(%rsp)
  ef858b:	48 89 4c 24 78       	mov    %rcx,0x78(%rsp)
  ef8590:	48 89 84 24 80 00 00 	mov    %rax,0x80(%rsp)
  ef8597:	00 
    is_zst: bool,
  ef8598:	c6 84 24 8e 00 00 00 	movb   $0x0,0x8e(%rsp)
  ef859f:	00 
        fn runtime$(<$($binders)*>)?($($arg: $ty),*) $( -> $ret )? {
  ef85a0:	c6 84 24 8f 00 00 00 	movb   $0x0,0x8f(%rsp)
  ef85a7:	00 
    pub const fn new_const<const N: usize>(pieces: &'a [&'static str; N]) -> Self {
  ef85a8:	48 c7 84 24 90 00 00 	movq   $0xeee620,0x90(%rsp)
  ef85af:	00 20 e6 ee 00 
                data: *mut () = data as *mut (),
                size: usize = size_of::<T>(),
                align: usize = align_of::<T>(),
                len: usize = len,
            ) =>
            ub_checks::maybe_is_aligned_and_not_null(data, align, false)
  ef85b4:	48 89 bc 24 98 00 00 	mov    %rdi,0x98(%rsp)
  ef85bb:	00 
            return intrinsics::ctpop(self);
  ef85bc:	48 89 c8             	mov    %rcx,%rax
  ef85bf:	48 d1 e8             	shr    $1,%rax
  ef85c2:	48 ba 55 55 55 55 55 	movabs $0x5555555555555555,%rdx
  ef85c9:	55 55 55 
  ef85cc:	48 21 d0             	and    %rdx,%rax
  ef85cf:	48 29 c1             	sub    %rax,%rcx
  ef85d2:	48 ba 33 33 33 33 33 	movabs $0x3333333333333333,%rdx
  ef85d9:	33 33 33 
  ef85dc:	48 89 c8             	mov    %rcx,%rax
  ef85df:	48 21 d0             	and    %rdx,%rax
  ef85e2:	48 c1 e9 02          	shr    $0x2,%rcx
  ef85e6:	48 21 d1             	and    %rdx,%rcx
  ef85e9:	48 01 c8             	add    %rcx,%rax
  ef85ec:	48 89 c1             	mov    %rax,%rcx
  ef85ef:	48 c1 e9 04          	shr    $0x4,%rcx
  ef85f3:	48 01 c8             	add    %rcx,%rax
  ef85f6:	48 b9 0f 0f 0f 0f 0f 	movabs $0xf0f0f0f0f0f0f0f,%rcx
  ef85fd:	0f 0f 0f 
  ef8600:	48 21 c8             	and    %rcx,%rax
  ef8603:	48 b9 01 01 01 01 01 	movabs $0x101010101010101,%rcx
  ef860a:	01 01 01 
  ef860d:	48 0f af c1          	imul   %rcx,%rax
  ef8611:	48 c1 e8 38          	shr    $0x38,%rax
  ef8615:	89 84 24 a4 00 00 00 	mov    %eax,0xa4(%rsp)
        if !align.is_power_of_two() {
  ef861c:	83 bc 24 a4 00 00 00 	cmpl   $0x1,0xa4(%rsp)
  ef8623:	01 
  ef8624:	75 19                	jne    ef863f <_ZN4core5slice3raw14from_raw_parts18precondition_check17hdc0e409f4a3ff0ccE+0xdf>
  ef8626:	48 8b 44 24 28       	mov    0x28(%rsp),%rax
  ef862b:	48 8b 4c 24 18       	mov    0x18(%rsp),%rcx
        self.addr() & (align - 1) == 0
  ef8630:	48 83 e9 01          	sub    $0x1,%rcx
  ef8634:	48 21 c8             	and    %rcx,%rax
            ptr.is_aligned_to(align) && (is_zst || !ptr.is_null())
  ef8637:	48 83 f8 00          	cmp    $0x0,%rax
  ef863b:	74 50                	je     ef868d <_ZN4core5slice3raw14from_raw_parts18precondition_check17hdc0e409f4a3ff0ccE+0x12d>
  ef863d:	eb 62                	jmp    ef86a1 <_ZN4core5slice3raw14from_raw_parts18precondition_check17hdc0e409f4a3ff0ccE+0x141>
        Arguments { pieces, fmt: None, args: &[] }
  ef863f:	48 c7 44 24 30 20 e6 	movq   $0xeee620,0x30(%rsp)
  ef8646:	ee 00 
  ef8648:	48 c7 44 24 38 01 00 	movq   $0x1,0x38(%rsp)
  ef864f:	00 00 
  ef8651:	48 8b 0d 60 7c 30 ff 	mov    -0xcf83a0(%rip),%rcx        # 2002b8 <_ZN63_$LT$common_std..error..RcError$u20$as$u20$core..fmt..Debug$GT$3fmt17h5af9ecfea329b2e5E-0xcf0988>
  ef8658:	48 8b 05 61 7c 30 ff 	mov    -0xcf839f(%rip),%rax        # 2002c0 <_ZN63_$LT$common_std..error..RcError$u20$as$u20$core..fmt..Debug$GT$3fmt17h5af9ecfea329b2e5E-0xcf0980>
  ef865f:	48 89 4c 24 50       	mov    %rcx,0x50(%rsp)
  ef8664:	48 89 44 24 58       	mov    %rax,0x58(%rsp)
  ef8669:	b8 08 00 00 00       	mov    $0x8,%eax
  ef866e:	48 89 44 24 40       	mov    %rax,0x40(%rsp)
  ef8673:	48 c7 44 24 48 00 00 	movq   $0x0,0x48(%rsp)
  ef867a:	00 00 
            panic!("is_aligned_to: align is not a power-of-two");
  ef867c:	48 c7 c6 50 e8 ee 00 	mov    $0xeee850,%rsi
  ef8683:	48 8d 7c 24 30       	lea    0x30(%rsp),%rdi
  ef8688:	e8 33 39 00 00       	call   efbfc0 <_ZN4core9panicking9panic_fmt17h2982420c32d2353cE>
  ef868d:	48 8b 44 24 28       	mov    0x28(%rsp),%rax
                ptr.addr() == 0
  ef8692:	48 83 f8 00          	cmp    $0x0,%rax
  ef8696:	0f 94 c0             	sete   %al
  ef8699:	34 ff                	xor    $0xff,%al
  ef869b:	a8 01                	test   $0x1,%al
  ef869d:	75 06                	jne    ef86a5 <_ZN4core5slice3raw14from_raw_parts18precondition_check17hdc0e409f4a3ff0ccE+0x145>
  ef869f:	eb 02                	jmp    ef86a3 <_ZN4core5slice3raw14from_raw_parts18precondition_check17hdc0e409f4a3ff0ccE+0x143>
  ef86a1:	eb 00                	jmp    ef86a3 <_ZN4core5slice3raw14from_raw_parts18precondition_check17hdc0e409f4a3ff0ccE+0x143>
  ef86a3:	eb 6a                	jmp    ef870f <_ZN4core5slice3raw14from_raw_parts18precondition_check17hdc0e409f4a3ff0ccE+0x1af>
  ef86a5:	48 8b 44 24 20       	mov    0x20(%rsp),%rax
    let max_len = if size == 0 { usize::MAX } else { isize::MAX as usize / size };
  ef86aa:	48 83 f8 00          	cmp    $0x0,%rax
  ef86ae:	0f 94 c1             	sete   %cl
  ef86b1:	88 4c 24 0f          	mov    %cl,0xf(%rsp)
  ef86b5:	48 83 f8 00          	cmp    $0x0,%rax
  ef86b9:	75 0b                	jne    ef86c6 <_ZN4core5slice3raw14from_raw_parts18precondition_check17hdc0e409f4a3ff0ccE+0x166>
  ef86bb:	48 c7 44 24 60 ff ff 	movq   $0xffffffffffffffff,0x60(%rsp)
  ef86c2:	ff ff 
  ef86c4:	eb 0a                	jmp    ef86d0 <_ZN4core5slice3raw14from_raw_parts18precondition_check17hdc0e409f4a3ff0ccE+0x170>
  ef86c6:	8a 44 24 0f          	mov    0xf(%rsp),%al
  ef86ca:	a8 01                	test   $0x1,%al
  ef86cc:	75 2b                	jne    ef86f9 <_ZN4core5slice3raw14from_raw_parts18precondition_check17hdc0e409f4a3ff0ccE+0x199>
  ef86ce:	eb 0e                	jmp    ef86de <_ZN4core5slice3raw14from_raw_parts18precondition_check17hdc0e409f4a3ff0ccE+0x17e>
  ef86d0:	48 8b 44 24 10       	mov    0x10(%rsp),%rax
    len <= max_len
  ef86d5:	48 3b 44 24 60       	cmp    0x60(%rsp),%rax
                && ub_checks::is_valid_allocation_size(size, len)
  ef86da:	76 2b                	jbe    ef8707 <_ZN4core5slice3raw14from_raw_parts18precondition_check17hdc0e409f4a3ff0ccE+0x1a7>
  ef86dc:	eb 27                	jmp    ef8705 <_ZN4core5slice3raw14from_raw_parts18precondition_check17hdc0e409f4a3ff0ccE+0x1a5>
  ef86de:	48 8b 4c 24 20       	mov    0x20(%rsp),%rcx
    let max_len = if size == 0 { usize::MAX } else { isize::MAX as usize / size };
  ef86e3:	48 b8 ff ff ff ff ff 	movabs $0x7fffffffffffffff,%rax
  ef86ea:	ff ff 7f 
  ef86ed:	31 d2                	xor    %edx,%edx
  ef86ef:	48 f7 f1             	div    %rcx
  ef86f2:	48 89 44 24 60       	mov    %rax,0x60(%rsp)
  ef86f7:	eb d7                	jmp    ef86d0 <_ZN4core5slice3raw14from_raw_parts18precondition_check17hdc0e409f4a3ff0ccE+0x170>
  ef86f9:	48 c7 c7 a8 e6 ee 00 	mov    $0xeee6a8,%rdi
  ef8700:	e8 5b 50 00 00       	call   efd760 <_ZN4core9panicking11panic_const23panic_const_div_by_zero17h401f3623eca33a75E>
  ef8705:	eb 08                	jmp    ef870f <_ZN4core5slice3raw14from_raw_parts18precondition_check17hdc0e409f4a3ff0ccE+0x1af>
            }
  ef8707:	48 81 c4 a8 00 00 00 	add    $0xa8,%rsp
  ef870e:	c3                   	ret
                    ::core::panicking::panic_nounwind(concat!("unsafe precondition(s) violated: ", $message,
  ef870f:	48 c7 c7 c0 e6 ee 00 	mov    $0xeee6c0,%rdi
  ef8716:	be 17 01 00 00       	mov    $0x117,%esi
  ef871b:	e8 70 39 00 00       	call   efc090 <_ZN4core9panicking14panic_nounwind17h73726ac9567abe6cE>

0000000000ef8720 <_ZN4core3ptr8non_null16NonNull$LT$T$GT$13new_unchecked17hdcbf92072d7734d3E>:
    pub const unsafe fn new_unchecked(ptr: *mut T) -> Self {
  ef8720:	48 83 ec 18          	sub    $0x18,%rsp
  ef8724:	48 89 7c 24 08       	mov    %rdi,0x8(%rsp)
  ef8729:	48 89 7c 24 10       	mov    %rdi,0x10(%rsp)
  ef872e:	48 8b 7c 24 08       	mov    0x8(%rsp),%rdi
                precondition_check($($arg,)*);
  ef8733:	e8 18 00 00 00       	call   ef8750 <_ZN4core3ptr8non_null16NonNull$LT$T$GT$13new_unchecked18precondition_check17h590769bb6921e2f8E>
  ef8738:	48 8b 44 24 08       	mov    0x8(%rsp),%rax
    }
  ef873d:	48 83 c4 18          	add    $0x18,%rsp
  ef8741:	c3                   	ret
  ef8742:	cc                   	int3
  ef8743:	cc                   	int3
  ef8744:	cc                   	int3
  ef8745:	cc                   	int3
  ef8746:	cc                   	int3
  ef8747:	cc                   	int3
  ef8748:	cc                   	int3
  ef8749:	cc                   	int3
  ef874a:	cc                   	int3
  ef874b:	cc                   	int3
  ef874c:	cc                   	int3
  ef874d:	cc                   	int3
  ef874e:	cc                   	int3
  ef874f:	cc                   	int3

0000000000ef8750 <_ZN4core3ptr8non_null16NonNull$LT$T$GT$13new_unchecked18precondition_check17h590769bb6921e2f8E>:
            const fn precondition_check($($name:$ty),*) {
  ef8750:	50                   	push   %rax
  ef8751:	48 89 3c 24          	mov    %rdi,(%rsp)
                (ptr: *mut () = ptr as *mut ()) => !ptr.is_null()
  ef8755:	48 83 ff 00          	cmp    $0x0,%rdi
  ef8759:	75 11                	jne    ef876c <_ZN4core3ptr8non_null16NonNull$LT$T$GT$13new_unchecked18precondition_check17h590769bb6921e2f8E+0x1c>
                    ::core::panicking::panic_nounwind(concat!("unsafe precondition(s) violated: ", $message,
  ef875b:	48 c7 c7 68 e8 ee 00 	mov    $0xeee868,%rdi
  ef8762:	be d2 00 00 00       	mov    $0xd2,%esi
  ef8767:	e8 24 39 00 00       	call   efc090 <_ZN4core9panicking14panic_nounwind17h73726ac9567abe6cE>
            }
  ef876c:	58                   	pop    %rax
  ef876d:	c3                   	ret
  ef876e:	cc                   	int3
  ef876f:	cc                   	int3

0000000000ef8770 <_ZN4talc4span4Span13contains_span17ha5cb11bb8e9b156dE>:

    /// Returns whether `self` contains `other`.
    ///
    /// Empty spans are contained by any span, even empty ones.
    #[inline]
    pub fn contains_span(self, other: Span) -> bool {
  ef8770:	48 83 ec 48          	sub    $0x48,%rsp
  ef8774:	48 89 0c 24          	mov    %rcx,(%rsp)
  ef8778:	48 89 54 24 10       	mov    %rdx,0x10(%rsp)
  ef877d:	48 89 f0             	mov    %rsi,%rax
  ef8780:	48 8b 34 24          	mov    (%rsp),%rsi
  ef8784:	48 89 44 24 08       	mov    %rax,0x8(%rsp)
  ef8789:	48 89 f9             	mov    %rdi,%rcx
  ef878c:	48 8b 7c 24 10       	mov    0x10(%rsp),%rdi
  ef8791:	48 89 4c 24 18       	mov    %rcx,0x18(%rsp)
  ef8796:	48 89 4c 24 28       	mov    %rcx,0x28(%rsp)
  ef879b:	48 89 44 24 30       	mov    %rax,0x30(%rsp)
  ef87a0:	48 89 7c 24 38       	mov    %rdi,0x38(%rsp)
  ef87a5:	48 89 74 24 40       	mov    %rsi,0x40(%rsp)
        other.is_empty() || self.base <= other.base && other.acme <= self.acme
  ef87aa:	e8 01 04 00 00       	call   ef8bb0 <_ZN4talc4span4Span8is_empty17h61c3c453b89946b8E>
  ef87af:	a8 01                	test   $0x1,%al
  ef87b1:	75 11                	jne    ef87c4 <_ZN4talc4span4Span13contains_span17ha5cb11bb8e9b156dE+0x54>
  ef87b3:	48 8b 44 24 18       	mov    0x18(%rsp),%rax
  ef87b8:	48 8b 4c 24 10       	mov    0x10(%rsp),%rcx
  ef87bd:	48 39 c8             	cmp    %rcx,%rax
  ef87c0:	76 10                	jbe    ef87d2 <_ZN4talc4span4Span13contains_span17ha5cb11bb8e9b156dE+0x62>
  ef87c2:	eb 07                	jmp    ef87cb <_ZN4talc4span4Span13contains_span17ha5cb11bb8e9b156dE+0x5b>
  ef87c4:	c6 44 24 27 01       	movb   $0x1,0x27(%rsp)
  ef87c9:	eb 1c                	jmp    ef87e7 <_ZN4talc4span4Span13contains_span17ha5cb11bb8e9b156dE+0x77>
  ef87cb:	c6 44 24 27 00       	movb   $0x0,0x27(%rsp)
  ef87d0:	eb 15                	jmp    ef87e7 <_ZN4talc4span4Span13contains_span17ha5cb11bb8e9b156dE+0x77>
  ef87d2:	48 8b 04 24          	mov    (%rsp),%rax
  ef87d6:	48 8b 4c 24 08       	mov    0x8(%rsp),%rcx
  ef87db:	48 39 c8             	cmp    %rcx,%rax
  ef87de:	0f 96 c0             	setbe  %al
  ef87e1:	24 01                	and    $0x1,%al
  ef87e3:	88 44 24 27          	mov    %al,0x27(%rsp)
    }
  ef87e7:	8a 44 24 27          	mov    0x27(%rsp),%al
  ef87eb:	24 01                	and    $0x1,%al
  ef87ed:	48 83 c4 48          	add    $0x48,%rsp
  ef87f1:	c3                   	ret
  ef87f2:	cc                   	int3
  ef87f3:	cc                   	int3
  ef87f4:	cc                   	int3
  ef87f5:	cc                   	int3
  ef87f6:	cc                   	int3
  ef87f7:	cc                   	int3
  ef87f8:	cc                   	int3
  ef87f9:	cc                   	int3
  ef87fa:	cc                   	int3
  ef87fb:	cc                   	int3
  ef87fc:	cc                   	int3
  ef87fd:	cc                   	int3
  ef87fe:	cc                   	int3
  ef87ff:	cc                   	int3

0000000000ef8800 <_ZN4talc4span4Span13get_base_acme17he3f7b6ad87d4bd4dE>:
    pub fn get_base_acme(self) -> Option<(*mut u8, *mut u8)> {
  ef8800:	48 83 ec 38          	sub    $0x38,%rsp
  ef8804:	48 89 54 24 08       	mov    %rdx,0x8(%rsp)
  ef8809:	48 89 f0             	mov    %rsi,%rax
  ef880c:	48 8b 74 24 08       	mov    0x8(%rsp),%rsi
  ef8811:	48 89 44 24 10       	mov    %rax,0x10(%rsp)
  ef8816:	48 89 f8             	mov    %rdi,%rax
  ef8819:	48 8b 7c 24 10       	mov    0x10(%rsp),%rdi
  ef881e:	48 89 44 24 18       	mov    %rax,0x18(%rsp)
  ef8823:	48 89 44 24 20       	mov    %rax,0x20(%rsp)
  ef8828:	48 89 7c 24 28       	mov    %rdi,0x28(%rsp)
  ef882d:	48 89 74 24 30       	mov    %rsi,0x30(%rsp)
        if self.is_empty() { None } else { Some((self.base, self.acme)) }
  ef8832:	e8 79 03 00 00       	call   ef8bb0 <_ZN4talc4span4Span8is_empty17h61c3c453b89946b8E>
  ef8837:	a8 01                	test   $0x1,%al
  ef8839:	75 20                	jne    ef885b <_ZN4talc4span4Span13get_base_acme17he3f7b6ad87d4bd4dE+0x5b>
  ef883b:	48 8b 44 24 18       	mov    0x18(%rsp),%rax
  ef8840:	48 8b 4c 24 08       	mov    0x8(%rsp),%rcx
  ef8845:	48 8b 54 24 10       	mov    0x10(%rsp),%rdx
  ef884a:	48 89 50 08          	mov    %rdx,0x8(%rax)
  ef884e:	48 89 48 10          	mov    %rcx,0x10(%rax)
  ef8852:	48 c7 00 01 00 00 00 	movq   $0x1,(%rax)
  ef8859:	eb 0c                	jmp    ef8867 <_ZN4talc4span4Span13get_base_acme17he3f7b6ad87d4bd4dE+0x67>
  ef885b:	48 8b 44 24 18       	mov    0x18(%rsp),%rax
  ef8860:	48 c7 00 00 00 00 00 	movq   $0x0,(%rax)
  ef8867:	48 8b 44 24 20       	mov    0x20(%rsp),%rax
    }
  ef886c:	48 83 c4 38          	add    $0x38,%rsp
  ef8870:	c3                   	ret
  ef8871:	cc                   	int3
  ef8872:	cc                   	int3
  ef8873:	cc                   	int3
  ef8874:	cc                   	int3
  ef8875:	cc                   	int3
  ef8876:	cc                   	int3
  ef8877:	cc                   	int3
  ef8878:	cc                   	int3
  ef8879:	cc                   	int3
  ef887a:	cc                   	int3
  ef887b:	cc                   	int3
  ef887c:	cc                   	int3
  ef887d:	cc                   	int3
  ef887e:	cc                   	int3
  ef887f:	cc                   	int3

0000000000ef8880 <_ZN4talc4span4Span14from_base_size17hea8889bb92177112E>:
    pub const fn from_base_size(base: *mut u8, size: usize) -> Self {
  ef8880:	48 83 ec 30          	sub    $0x30,%rsp
  ef8884:	48 89 f8             	mov    %rdi,%rax
  ef8887:	48 89 04 24          	mov    %rax,(%rsp)
  ef888b:	48 89 74 24 08       	mov    %rsi,0x8(%rsp)
  ef8890:	48 89 44 24 10       	mov    %rax,0x10(%rsp)
  ef8895:	48 89 74 24 18       	mov    %rsi,0x18(%rsp)
        self.wrapping_offset(count as isize)
  ef889a:	48 89 74 24 20       	mov    %rsi,0x20(%rsp)
        unsafe { intrinsics::arith_offset(self, count) as *mut T }
  ef889f:	48 89 c7             	mov    %rax,%rdi
  ef88a2:	48 01 f7             	add    %rsi,%rdi
  ef88a5:	48 89 7c 24 28       	mov    %rdi,0x28(%rsp)
  ef88aa:	48 8b 54 24 28       	mov    0x28(%rsp),%rdx
    }
  ef88af:	48 83 c4 30          	add    $0x30,%rsp
  ef88b3:	c3                   	ret
  ef88b4:	cc                   	int3
  ef88b5:	cc                   	int3
  ef88b6:	cc                   	int3
  ef88b7:	cc                   	int3
  ef88b8:	cc                   	int3
  ef88b9:	cc                   	int3
  ef88ba:	cc                   	int3
  ef88bb:	cc                   	int3
  ef88bc:	cc                   	int3
  ef88bd:	cc                   	int3
  ef88be:	cc                   	int3
  ef88bf:	cc                   	int3

0000000000ef88c0 <_ZN4talc4span4Span17word_align_inward17h0042ea0dd5a4cf24E>:
        self.is_sized() && other.is_sized() && !(other.base >= self.acme || self.base >= other.acme)
    }

    /// Aligns `base` upward and `acme` downward by `align_of::<usize>()`.
    #[inline]
    pub fn word_align_inward(self) -> Self {
  ef88c0:	48 83 ec 48          	sub    $0x48,%rsp
  ef88c4:	48 89 74 24 10       	mov    %rsi,0x10(%rsp)
  ef88c9:	48 89 7c 24 18       	mov    %rdi,0x18(%rsp)
  ef88ce:	48 89 7c 24 38       	mov    %rdi,0x38(%rsp)
  ef88d3:	48 89 74 24 40       	mov    %rsi,0x40(%rsp)
        if ALIGN > usize::MAX - self.base as usize {
  ef88d8:	48 c7 c0 ff ff ff ff 	mov    $0xffffffffffffffff,%rax
  ef88df:	48 29 f8             	sub    %rdi,%rax
  ef88e2:	48 89 44 24 20       	mov    %rax,0x20(%rsp)
  ef88e7:	48 c7 c0 ff ff ff ff 	mov    $0xffffffffffffffff,%rax
  ef88ee:	48 39 f8             	cmp    %rdi,%rax
  ef88f1:	72 11                	jb     ef8904 <_ZN4talc4span4Span17word_align_inward17h0042ea0dd5a4cf24E+0x44>
  ef88f3:	48 8b 4c 24 20       	mov    0x20(%rsp),%rcx
  ef88f8:	b8 08 00 00 00       	mov    $0x8,%eax
  ef88fd:	48 39 c8             	cmp    %rcx,%rax
  ef8900:	77 38                	ja     ef893a <_ZN4talc4span4Span17word_align_inward17h0042ea0dd5a4cf24E+0x7a>
  ef8902:	eb 0c                	jmp    ef8910 <_ZN4talc4span4Span17word_align_inward17h0042ea0dd5a4cf24E+0x50>
  ef8904:	48 c7 c7 90 e9 ee 00 	mov    $0xeee990,%rdi
  ef890b:	e8 50 4d 00 00       	call   efd660 <_ZN4core9panicking11panic_const24panic_const_sub_overflow17h38d790166b4890c1E>
  ef8910:	48 8b 7c 24 18       	mov    0x18(%rsp),%rdi
            Self::empty()
        } else {
            Self { base: align_up(self.base), acme: align_down(self.acme) }
  ef8915:	e8 86 28 00 00       	call   efb1a0 <_ZN4talc9ptr_utils8align_up17h423642f2ddace20eE>
  ef891a:	48 8b 7c 24 10       	mov    0x10(%rsp),%rdi
  ef891f:	48 89 44 24 08       	mov    %rax,0x8(%rsp)
  ef8924:	e8 e7 27 00 00       	call   efb110 <_ZN4talc9ptr_utils10align_down17h52207273376761fdE>
  ef8929:	48 8b 4c 24 08       	mov    0x8(%rsp),%rcx
  ef892e:	48 89 4c 24 28       	mov    %rcx,0x28(%rsp)
  ef8933:	48 89 44 24 30       	mov    %rax,0x30(%rsp)
        if ALIGN > usize::MAX - self.base as usize {
  ef8938:	eb 0f                	jmp    ef8949 <_ZN4talc4span4Span17word_align_inward17h0042ea0dd5a4cf24E+0x89>
            Self::empty()
  ef893a:	e8 b1 00 00 00       	call   ef89f0 <_ZN4talc4span4Span5empty17h6e980af0b10578b8E>
  ef893f:	48 89 44 24 28       	mov    %rax,0x28(%rsp)
  ef8944:	48 89 54 24 30       	mov    %rdx,0x30(%rsp)
        }
    }
  ef8949:	48 8b 44 24 28       	mov    0x28(%rsp),%rax
  ef894e:	48 8b 54 24 30       	mov    0x30(%rsp),%rdx
  ef8953:	48 83 c4 48          	add    $0x48,%rsp
  ef8957:	c3                   	ret
  ef8958:	cc                   	int3
  ef8959:	cc                   	int3
  ef895a:	cc                   	int3
  ef895b:	cc                   	int3
  ef895c:	cc                   	int3
  ef895d:	cc                   	int3
  ef895e:	cc                   	int3
  ef895f:	cc                   	int3

0000000000ef8960 <_ZN4talc4span4Span3new17he5cf2a0df39e6016E>:
    pub const fn new(base: *mut u8, acme: *mut u8) -> Self {
  ef8960:	48 83 ec 10          	sub    $0x10,%rsp
  ef8964:	48 89 f2             	mov    %rsi,%rdx
  ef8967:	48 89 f8             	mov    %rdi,%rax
  ef896a:	48 89 04 24          	mov    %rax,(%rsp)
  ef896e:	48 89 54 24 08       	mov    %rdx,0x8(%rsp)
    }
  ef8973:	48 83 c4 10          	add    $0x10,%rsp
  ef8977:	c3                   	ret
  ef8978:	cc                   	int3
  ef8979:	cc                   	int3
  ef897a:	cc                   	int3
  ef897b:	cc                   	int3
  ef897c:	cc                   	int3
  ef897d:	cc                   	int3
  ef897e:	cc                   	int3
  ef897f:	cc                   	int3

0000000000ef8980 <_ZN4talc4span4Span4size17hf78faa1826503c1eE>:
    pub fn size(self) -> usize {
  ef8980:	48 83 ec 38          	sub    $0x38,%rsp
  ef8984:	48 89 74 24 10       	mov    %rsi,0x10(%rsp)
  ef8989:	48 89 7c 24 18       	mov    %rdi,0x18(%rsp)
  ef898e:	48 89 7c 24 28       	mov    %rdi,0x28(%rsp)
  ef8993:	48 89 74 24 30       	mov    %rsi,0x30(%rsp)
        if self.is_empty() { 0 } else { self.acme as usize - self.base as usize }
  ef8998:	e8 13 02 00 00       	call   ef8bb0 <_ZN4talc4span4Span8is_empty17h61c3c453b89946b8E>
  ef899d:	a8 01                	test   $0x1,%al
  ef899f:	75 1c                	jne    ef89bd <_ZN4talc4span4Span4size17hf78faa1826503c1eE+0x3d>
  ef89a1:	48 8b 44 24 10       	mov    0x10(%rsp),%rax
  ef89a6:	48 8b 4c 24 18       	mov    0x18(%rsp),%rcx
  ef89ab:	48 89 c2             	mov    %rax,%rdx
  ef89ae:	48 29 ca             	sub    %rcx,%rdx
  ef89b1:	48 89 54 24 08       	mov    %rdx,0x8(%rsp)
  ef89b6:	48 39 c8             	cmp    %rcx,%rax
  ef89b9:	72 19                	jb     ef89d4 <_ZN4talc4span4Span4size17hf78faa1826503c1eE+0x54>
  ef89bb:	eb 0b                	jmp    ef89c8 <_ZN4talc4span4Span4size17hf78faa1826503c1eE+0x48>
  ef89bd:	48 c7 44 24 20 00 00 	movq   $0x0,0x20(%rsp)
  ef89c4:	00 00 
  ef89c6:	eb 18                	jmp    ef89e0 <_ZN4talc4span4Span4size17hf78faa1826503c1eE+0x60>
  ef89c8:	48 8b 44 24 08       	mov    0x8(%rsp),%rax
  ef89cd:	48 89 44 24 20       	mov    %rax,0x20(%rsp)
  ef89d2:	eb 0c                	jmp    ef89e0 <_ZN4talc4span4Span4size17hf78faa1826503c1eE+0x60>
  ef89d4:	48 c7 c7 a8 e9 ee 00 	mov    $0xeee9a8,%rdi
  ef89db:	e8 80 4c 00 00       	call   efd660 <_ZN4core9panicking11panic_const24panic_const_sub_overflow17h38d790166b4890c1E>
    }
  ef89e0:	48 8b 44 24 20       	mov    0x20(%rsp),%rax
  ef89e5:	48 83 c4 38          	add    $0x38,%rsp
  ef89e9:	c3                   	ret
  ef89ea:	cc                   	int3
  ef89eb:	cc                   	int3
  ef89ec:	cc                   	int3
  ef89ed:	cc                   	int3
  ef89ee:	cc                   	int3
  ef89ef:	cc                   	int3

0000000000ef89f0 <_ZN4talc4span4Span5empty17h6e980af0b10578b8E>:
    pub const fn empty() -> Self {
  ef89f0:	31 c0                	xor    %eax,%eax
  ef89f2:	89 c2                	mov    %eax,%edx
    }
  ef89f4:	48 89 d0             	mov    %rdx,%rax
  ef89f7:	c3                   	ret
  ef89f8:	cc                   	int3
  ef89f9:	cc                   	int3
  ef89fa:	cc                   	int3
  ef89fb:	cc                   	int3
  ef89fc:	cc                   	int3
  ef89fd:	cc                   	int3
  ef89fe:	cc                   	int3
  ef89ff:	cc                   	int3

0000000000ef8a00 <_ZN4talc4span4Span6extend17ha3c8975ab51c7892E>:
    /// Does nothing if `self` is empty.
    ///
    /// # Panics
    /// Panics if lowering `base` by `low` or raising `acme` by `high` under/overflows.
    #[inline]
    pub fn extend(self, low: usize, high: usize) -> Self {
  ef8a00:	48 81 ec b8 00 00 00 	sub    $0xb8,%rsp
  ef8a07:	48 89 0c 24          	mov    %rcx,(%rsp)
  ef8a0b:	48 89 54 24 08       	mov    %rdx,0x8(%rsp)
  ef8a10:	48 89 74 24 10       	mov    %rsi,0x10(%rsp)
  ef8a15:	48 89 7c 24 18       	mov    %rdi,0x18(%rsp)
  ef8a1a:	48 89 7c 24 50       	mov    %rdi,0x50(%rsp)
  ef8a1f:	48 89 74 24 58       	mov    %rsi,0x58(%rsp)
  ef8a24:	48 89 54 24 60       	mov    %rdx,0x60(%rsp)
  ef8a29:	48 89 4c 24 68       	mov    %rcx,0x68(%rsp)
        if self.is_empty() {
  ef8a2e:	e8 7d 01 00 00       	call   ef8bb0 <_ZN4talc4span4Span8is_empty17h61c3c453b89946b8E>
  ef8a33:	a8 01                	test   $0x1,%al
  ef8a35:	75 29                	jne    ef8a60 <_ZN4talc4span4Span6extend17ha3c8975ab51c7892E+0x60>
  ef8a37:	48 8b 74 24 08       	mov    0x8(%rsp),%rsi
  ef8a3c:	48 8b 7c 24 18       	mov    0x18(%rsp),%rdi
            self
        } else {
            assert!((self.base as usize).checked_sub(low).is_some());
  ef8a41:	e8 fa f9 ff ff       	call   ef8440 <_ZN4core3num23_$LT$impl$u20$usize$GT$11checked_sub17hc0af984c3efabba2E>
  ef8a46:	48 89 44 24 30       	mov    %rax,0x30(%rsp)
  ef8a4b:	48 89 54 24 38       	mov    %rdx,0x38(%rsp)
  ef8a50:	48 8d 7c 24 30       	lea    0x30(%rsp),%rdi
  ef8a55:	e8 26 f7 ff ff       	call   ef8180 <_ZN4core6option15Option$LT$T$GT$7is_some17h33ba5d1a03b8326fE>
  ef8a5a:	a8 01                	test   $0x1,%al
  ef8a5c:	75 33                	jne    ef8a91 <_ZN4talc4span4Span6extend17ha3c8975ab51c7892E+0x91>
  ef8a5e:	eb 19                	jmp    ef8a79 <_ZN4talc4span4Span6extend17ha3c8975ab51c7892E+0x79>
  ef8a60:	48 8b 44 24 10       	mov    0x10(%rsp),%rax
  ef8a65:	48 8b 4c 24 18       	mov    0x18(%rsp),%rcx
            self
  ef8a6a:	48 89 4c 24 20       	mov    %rcx,0x20(%rsp)
  ef8a6f:	48 89 44 24 28       	mov    %rax,0x28(%rsp)
        if self.is_empty() {
  ef8a74:	e9 d0 00 00 00       	jmp    ef8b49 <_ZN4talc4span4Span6extend17ha3c8975ab51c7892E+0x149>
            assert!((self.base as usize).checked_sub(low).is_some());
  ef8a79:	48 c7 c7 c0 e9 ee 00 	mov    $0xeee9c0,%rdi
  ef8a80:	48 c7 c2 08 ea ee 00 	mov    $0xeeea08,%rdx
  ef8a87:	be 41 00 00 00       	mov    $0x41,%esi
  ef8a8c:	e8 af 35 00 00       	call   efc040 <_ZN4core9panicking5panic17hdbca58b08003962eE>
  ef8a91:	48 8b 34 24          	mov    (%rsp),%rsi
  ef8a95:	48 8b 7c 24 10       	mov    0x10(%rsp),%rdi
            assert!((self.acme as usize).checked_add(high).is_some());
  ef8a9a:	e8 31 f9 ff ff       	call   ef83d0 <_ZN4core3num23_$LT$impl$u20$usize$GT$11checked_add17hd6adbddb728a2875E>
  ef8a9f:	48 89 44 24 40       	mov    %rax,0x40(%rsp)
  ef8aa4:	48 89 54 24 48       	mov    %rdx,0x48(%rsp)
  ef8aa9:	48 8d 7c 24 40       	lea    0x40(%rsp),%rdi
  ef8aae:	e8 cd f6 ff ff       	call   ef8180 <_ZN4core6option15Option$LT$T$GT$7is_some17h33ba5d1a03b8326fE>
  ef8ab3:	a8 01                	test   $0x1,%al
  ef8ab5:	75 18                	jne    ef8acf <_ZN4talc4span4Span6extend17ha3c8975ab51c7892E+0xcf>
  ef8ab7:	48 c7 c7 20 ea ee 00 	mov    $0xeeea20,%rdi
  ef8abe:	48 c7 c2 68 ea ee 00 	mov    $0xeeea68,%rdx
  ef8ac5:	be 42 00 00 00       	mov    $0x42,%esi
  ef8aca:	e8 71 35 00 00       	call   efc040 <_ZN4core9panicking5panic17hdbca58b08003962eE>
  ef8acf:	48 8b 14 24          	mov    (%rsp),%rdx
  ef8ad3:	48 8b 44 24 10       	mov    0x10(%rsp),%rax
  ef8ad8:	48 8b 4c 24 18       	mov    0x18(%rsp),%rcx
  ef8add:	48 8b 7c 24 08       	mov    0x8(%rsp),%rdi
  ef8ae2:	48 89 8c 24 90 00 00 	mov    %rcx,0x90(%rsp)
  ef8ae9:	00 
  ef8aea:	48 89 bc 24 98 00 00 	mov    %rdi,0x98(%rsp)
  ef8af1:	00 
        self.wrapping_offset((count as isize).wrapping_neg())
  ef8af2:	48 89 bc 24 a0 00 00 	mov    %rdi,0xa0(%rsp)
  ef8af9:	00 
        #[rustc_const_stable(feature = "const_int_methods", since = "1.32.0")]
        #[must_use = "this returns the result of the operation, \
                      without modifying the original"]
        #[inline(always)]
        pub const fn wrapping_sub(self, rhs: Self) -> Self {
            intrinsics::wrapping_sub(self, rhs)
  ef8afa:	31 f6                	xor    %esi,%esi
  ef8afc:	48 29 fe             	sub    %rdi,%rsi
  ef8aff:	48 89 b4 24 a8 00 00 	mov    %rsi,0xa8(%rsp)
  ef8b06:	00 
        unsafe { intrinsics::arith_offset(self, count) as *mut T }
  ef8b07:	48 01 f1             	add    %rsi,%rcx
  ef8b0a:	48 89 8c 24 b0 00 00 	mov    %rcx,0xb0(%rsp)
  ef8b11:	00 
  ef8b12:	48 8b 8c 24 b0 00 00 	mov    0xb0(%rsp),%rcx
  ef8b19:	00 
  ef8b1a:	48 89 44 24 70       	mov    %rax,0x70(%rsp)
  ef8b1f:	48 89 54 24 78       	mov    %rdx,0x78(%rsp)
        self.wrapping_offset(count as isize)
  ef8b24:	48 89 94 24 80 00 00 	mov    %rdx,0x80(%rsp)
  ef8b2b:	00 
        unsafe { intrinsics::arith_offset(self, count) as *mut T }
  ef8b2c:	48 01 d0             	add    %rdx,%rax
  ef8b2f:	48 89 84 24 88 00 00 	mov    %rax,0x88(%rsp)
  ef8b36:	00 
  ef8b37:	48 8b 84 24 88 00 00 	mov    0x88(%rsp),%rax
  ef8b3e:	00 

            Self { base: self.base.wrapping_sub(low), acme: self.acme.wrapping_add(high) }
  ef8b3f:	48 89 4c 24 20       	mov    %rcx,0x20(%rsp)
  ef8b44:	48 89 44 24 28       	mov    %rax,0x28(%rsp)
        }
    }
  ef8b49:	48 8b 44 24 20       	mov    0x20(%rsp),%rax
  ef8b4e:	48 8b 54 24 28       	mov    0x28(%rsp),%rdx
  ef8b53:	48 81 c4 b8 00 00 00 	add    $0xb8,%rsp
  ef8b5a:	c3                   	ret
  ef8b5b:	cc                   	int3
  ef8b5c:	cc                   	int3
  ef8b5d:	cc                   	int3
  ef8b5e:	cc                   	int3
  ef8b5f:	cc                   	int3

0000000000ef8b60 <_ZN4talc4span4Span8contains17hb4bf16843f612149E>:
    pub fn contains(self, ptr: *mut u8) -> bool {
  ef8b60:	48 83 ec 30          	sub    $0x30,%rsp
  ef8b64:	48 89 14 24          	mov    %rdx,(%rsp)
  ef8b68:	48 89 74 24 08       	mov    %rsi,0x8(%rsp)
  ef8b6d:	48 89 7c 24 18       	mov    %rdi,0x18(%rsp)
  ef8b72:	48 89 74 24 20       	mov    %rsi,0x20(%rsp)
  ef8b77:	48 89 54 24 28       	mov    %rdx,0x28(%rsp)
        self.base <= ptr && ptr < self.acme
  ef8b7c:	48 39 d7             	cmp    %rdx,%rdi
  ef8b7f:	76 07                	jbe    ef8b88 <_ZN4talc4span4Span8contains17hb4bf16843f612149E+0x28>
  ef8b81:	c6 44 24 17 00       	movb   $0x0,0x17(%rsp)
  ef8b86:	eb 15                	jmp    ef8b9d <_ZN4talc4span4Span8contains17hb4bf16843f612149E+0x3d>
  ef8b88:	48 8b 04 24          	mov    (%rsp),%rax
  ef8b8c:	48 8b 4c 24 08       	mov    0x8(%rsp),%rcx
  ef8b91:	48 39 c8             	cmp    %rcx,%rax
  ef8b94:	0f 92 c0             	setb   %al
  ef8b97:	24 01                	and    $0x1,%al
  ef8b99:	88 44 24 17          	mov    %al,0x17(%rsp)
    }
  ef8b9d:	8a 44 24 17          	mov    0x17(%rsp),%al
  ef8ba1:	24 01                	and    $0x1,%al
  ef8ba3:	48 83 c4 30          	add    $0x30,%rsp
  ef8ba7:	c3                   	ret
  ef8ba8:	cc                   	int3
  ef8ba9:	cc                   	int3
  ef8baa:	cc                   	int3
  ef8bab:	cc                   	int3
  ef8bac:	cc                   	int3
  ef8bad:	cc                   	int3
  ef8bae:	cc                   	int3
  ef8baf:	cc                   	int3

0000000000ef8bb0 <_ZN4talc4span4Span8is_empty17h61c3c453b89946b8E>:
    pub fn is_empty(self) -> bool {
  ef8bb0:	48 83 ec 10          	sub    $0x10,%rsp
  ef8bb4:	48 89 3c 24          	mov    %rdi,(%rsp)
  ef8bb8:	48 89 74 24 08       	mov    %rsi,0x8(%rsp)
        self.acme <= self.base
  ef8bbd:	48 39 fe             	cmp    %rdi,%rsi
  ef8bc0:	0f 96 c0             	setbe  %al
    }
  ef8bc3:	24 01                	and    $0x1,%al
  ef8bc5:	48 83 c4 10          	add    $0x10,%rsp
  ef8bc9:	c3                   	ret
  ef8bca:	cc                   	int3
  ef8bcb:	cc                   	int3
  ef8bcc:	cc                   	int3
  ef8bcd:	cc                   	int3
  ef8bce:	cc                   	int3
  ef8bcf:	cc                   	int3

0000000000ef8bd0 <_ZN5alloc5slice29_$LT$impl$u20$$u5b$T$u5d$$GT$6to_vec17h2e6a4c4680b04040E>:
    pub fn to_vec(&self) -> Vec<T>
  ef8bd0:	48 83 ec 28          	sub    $0x28,%rsp
  ef8bd4:	48 89 f8             	mov    %rdi,%rax
  ef8bd7:	48 89 44 24 08       	mov    %rax,0x8(%rsp)
  ef8bdc:	48 89 74 24 10       	mov    %rsi,0x10(%rsp)
  ef8be1:	48 89 54 24 18       	mov    %rdx,0x18(%rsp)
        return T::to_vec(self, alloc);
  ef8be6:	e8 15 00 00 00       	call   ef8c00 <_ZN87_$LT$T$u20$as$u20$alloc..slice..$LT$impl$u20$$u5b$T$u5d$$GT$..to_vec_in..ConvertVec$GT$6to_vec17hacfb72a04e77b9e3E>
  ef8beb:	48 8b 44 24 08       	mov    0x8(%rsp),%rax
    }
  ef8bf0:	48 83 c4 28          	add    $0x28,%rsp
  ef8bf4:	c3                   	ret
  ef8bf5:	cc                   	int3
  ef8bf6:	cc                   	int3
  ef8bf7:	cc                   	int3
  ef8bf8:	cc                   	int3
  ef8bf9:	cc                   	int3
  ef8bfa:	cc                   	int3
  ef8bfb:	cc                   	int3
  ef8bfc:	cc                   	int3
  ef8bfd:	cc                   	int3
  ef8bfe:	cc                   	int3
  ef8bff:	cc                   	int3

0000000000ef8c00 <_ZN87_$LT$T$u20$as$u20$alloc..slice..$LT$impl$u20$$u5b$T$u5d$$GT$..to_vec_in..ConvertVec$GT$6to_vec17hacfb72a04e77b9e3E>:
            fn to_vec<A: Allocator>(s: &[Self], alloc: A) -> Vec<Self, A> {
  ef8c00:	48 81 ec 88 00 00 00 	sub    $0x88,%rsp
  ef8c07:	48 89 54 24 08       	mov    %rdx,0x8(%rsp)
  ef8c0c:	48 89 74 24 20       	mov    %rsi,0x20(%rsp)
  ef8c11:	48 89 f8             	mov    %rdi,%rax
  ef8c14:	48 8b 7c 24 08       	mov    0x8(%rsp),%rdi
  ef8c19:	48 89 44 24 10       	mov    %rax,0x10(%rsp)
  ef8c1e:	48 89 44 24 18       	mov    %rax,0x18(%rsp)
  ef8c23:	48 89 74 24 48       	mov    %rsi,0x48(%rsp)
  ef8c28:	48 89 7c 24 50       	mov    %rdi,0x50(%rsp)
                let mut v = Vec::with_capacity_in(s.len(), alloc);
  ef8c2d:	48 89 7c 24 60       	mov    %rdi,0x60(%rsp)
            inner: RawVecInner::with_capacity_in(capacity, alloc, T::LAYOUT),
  ef8c32:	48 c7 c1 f0 ea ee 00 	mov    $0xeeeaf0,%rcx
  ef8c39:	ba 01 00 00 00       	mov    $0x1,%edx
  ef8c3e:	48 89 d6             	mov    %rdx,%rsi
  ef8c41:	e8 da 05 00 00       	call   ef9220 <_ZN5alloc7raw_vec20RawVecInner$LT$A$GT$16with_capacity_in17ha62f0f97d33ab24aE>
  ef8c46:	48 8b 74 24 20       	mov    0x20(%rsp),%rsi
        Vec { buf: RawVec::with_capacity_in(capacity, alloc), len: 0 }
  ef8c4b:	48 89 44 24 30       	mov    %rax,0x30(%rsp)
  ef8c50:	48 89 54 24 38       	mov    %rdx,0x38(%rsp)
  ef8c55:	48 c7 44 24 40 00 00 	movq   $0x0,0x40(%rsp)
  ef8c5c:	00 00 
    #[rustc_never_returns_null_ptr]
    #[rustc_as_ptr]
    #[inline(always)]
    #[must_use]
    pub const fn as_ptr(&self) -> *const T {
        self as *const [T] as *const T
  ef8c5e:	48 89 74 24 68       	mov    %rsi,0x68(%rsp)
                    s.as_ptr().copy_to_nonoverlapping(v.as_mut_ptr(), s.len());
  ef8c63:	48 8d 44 24 30       	lea    0x30(%rsp),%rax
  ef8c68:	48 89 44 24 70       	mov    %rax,0x70(%rsp)
        self.ptr.cast().as_non_null_ptr()
  ef8c6d:	48 8b 44 24 38       	mov    0x38(%rsp),%rax
  ef8c72:	48 89 44 24 28       	mov    %rax,0x28(%rsp)
        unsafe { mem::transmute::<Self, *mut T>(self) }
  ef8c77:	48 89 44 24 78       	mov    %rax,0x78(%rsp)
  ef8c7c:	4c 8b 44 24 08       	mov    0x8(%rsp),%r8
  ef8c81:	48 8b 74 24 28       	mov    0x28(%rsp),%rsi
  ef8c86:	48 8b 7c 24 20       	mov    0x20(%rsp),%rdi
  ef8c8b:	b9 01 00 00 00       	mov    $0x1,%ecx
                precondition_check($($arg,)*);
  ef8c90:	48 89 ca             	mov    %rcx,%rdx
  ef8c93:	e8 e8 9c ff ff       	call   ef2980 <_ZN4core10intrinsics19copy_nonoverlapping18precondition_check17he354c1387521744eE>
  ef8c98:	48 8b 54 24 08       	mov    0x8(%rsp),%rdx
  ef8c9d:	48 8b 74 24 20       	mov    0x20(%rsp),%rsi
  ef8ca2:	48 8b 7c 24 28       	mov    0x28(%rsp),%rdi
    unsafe { copy_nonoverlapping(src, dst, count) }
  ef8ca7:	48 c1 e2 00          	shl    $0x0,%rdx
  ef8cab:	48 8b 05 7e 62 00 00 	mov    0x627e(%rip),%rax        # efef30 <memcpy+0x12b0>
  ef8cb2:	ff d0                	call   *%rax
  ef8cb4:	48 8b 54 24 08       	mov    0x8(%rsp),%rdx
  ef8cb9:	48 8b 4c 24 10       	mov    0x10(%rsp),%rcx
  ef8cbe:	48 8b 44 24 18       	mov    0x18(%rsp),%rax
                    v.set_len(s.len());
  ef8cc3:	48 8d 74 24 30       	lea    0x30(%rsp),%rsi
  ef8cc8:	48 89 b4 24 80 00 00 	mov    %rsi,0x80(%rsp)
  ef8ccf:	00 
        self.len = new_len;
  ef8cd0:	48 89 54 24 40       	mov    %rdx,0x40(%rsp)
                v
  ef8cd5:	48 8b 54 24 30       	mov    0x30(%rsp),%rdx
  ef8cda:	48 89 11             	mov    %rdx,(%rcx)
  ef8cdd:	48 8b 54 24 38       	mov    0x38(%rsp),%rdx
  ef8ce2:	48 89 51 08          	mov    %rdx,0x8(%rcx)
  ef8ce6:	48 8b 54 24 40       	mov    0x40(%rsp),%rdx
  ef8ceb:	48 89 51 10          	mov    %rdx,0x10(%rcx)
            }
  ef8cef:	48 81 c4 88 00 00 00 	add    $0x88,%rsp
  ef8cf6:	c3                   	ret
  ef8cf7:	cc                   	int3
  ef8cf8:	cc                   	int3
  ef8cf9:	cc                   	int3
  ef8cfa:	cc                   	int3
  ef8cfb:	cc                   	int3
  ef8cfc:	cc                   	int3
  ef8cfd:	cc                   	int3
  ef8cfe:	cc                   	int3
  ef8cff:	cc                   	int3

0000000000ef8d00 <_ZN5alloc7raw_vec20RawVecInner$LT$A$GT$10deallocate17h08b5281b6ab6765eE>:
    /// This function deallocates the owned allocation, but does not update `ptr` or `cap` to
    /// prevent double-free or use-after-free. Essentially, do not do anything with the caller
    /// after this function returns.
    /// Ideally this function would take `self` by move, but it cannot because it exists to be
    /// called from a `Drop` impl.
    unsafe fn deallocate(&mut self, elem_layout: Layout) {
  ef8d00:	48 83 ec 58          	sub    $0x58,%rsp
  ef8d04:	48 89 d1             	mov    %rdx,%rcx
  ef8d07:	48 89 f2             	mov    %rsi,%rdx
  ef8d0a:	48 89 fe             	mov    %rdi,%rsi
  ef8d0d:	48 89 74 24 08       	mov    %rsi,0x8(%rsp)
  ef8d12:	48 89 74 24 28       	mov    %rsi,0x28(%rsp)
  ef8d17:	48 89 54 24 30       	mov    %rdx,0x30(%rsp)
  ef8d1c:	48 89 4c 24 38       	mov    %rcx,0x38(%rsp)
  ef8d21:	48 8d 7c 24 10       	lea    0x10(%rsp),%rdi
        if let Some((ptr, layout)) = self.current_memory(elem_layout) {
  ef8d26:	e8 55 00 00 00       	call   ef8d80 <_ZN5alloc7raw_vec20RawVecInner$LT$A$GT$14current_memory17h7ad7dbd70542a65dE>
  ef8d2b:	b8 01 00 00 00       	mov    $0x1,%eax
  ef8d30:	31 c9                	xor    %ecx,%ecx
  ef8d32:	48 83 7c 24 18 00    	cmpq   $0x0,0x18(%rsp)
  ef8d38:	48 0f 44 c1          	cmove  %rcx,%rax
  ef8d3c:	48 a9 01 00 00 00    	test   $0x1,%rax
  ef8d42:	74 2e                	je     ef8d72 <_ZN5alloc7raw_vec20RawVecInner$LT$A$GT$10deallocate17h08b5281b6ab6765eE+0x72>
  ef8d44:	48 8b 7c 24 08       	mov    0x8(%rsp),%rdi
  ef8d49:	48 8b 74 24 10       	mov    0x10(%rsp),%rsi
  ef8d4e:	48 89 74 24 40       	mov    %rsi,0x40(%rsp)
  ef8d53:	48 8b 54 24 18       	mov    0x18(%rsp),%rdx
  ef8d58:	48 8b 4c 24 20       	mov    0x20(%rsp),%rcx
  ef8d5d:	48 89 54 24 48       	mov    %rdx,0x48(%rsp)
  ef8d62:	48 89 4c 24 50       	mov    %rcx,0x50(%rsp)
            unsafe {
                self.alloc.deallocate(ptr, layout);
  ef8d67:	48 83 c7 10          	add    $0x10,%rdi
  ef8d6b:	e8 d0 12 00 00       	call   efa040 <_ZN63_$LT$alloc..alloc..Global$u20$as$u20$core..alloc..Allocator$GT$10deallocate17h26e8c7083ecd2880E>
        if let Some((ptr, layout)) = self.current_memory(elem_layout) {
  ef8d70:	eb 02                	jmp    ef8d74 <_ZN5alloc7raw_vec20RawVecInner$LT$A$GT$10deallocate17h08b5281b6ab6765eE+0x74>
  ef8d72:	eb 00                	jmp    ef8d74 <_ZN5alloc7raw_vec20RawVecInner$LT$A$GT$10deallocate17h08b5281b6ab6765eE+0x74>
            }
        }
    }
  ef8d74:	48 83 c4 58          	add    $0x58,%rsp
  ef8d78:	c3                   	ret
  ef8d79:	cc                   	int3
  ef8d7a:	cc                   	int3
  ef8d7b:	cc                   	int3
  ef8d7c:	cc                   	int3
  ef8d7d:	cc                   	int3
  ef8d7e:	cc                   	int3
  ef8d7f:	cc                   	int3

0000000000ef8d80 <_ZN5alloc7raw_vec20RawVecInner$LT$A$GT$14current_memory17h7ad7dbd70542a65dE>:
    fn current_memory(&self, elem_layout: Layout) -> Option<(NonNull<u8>, Layout)> {
  ef8d80:	48 81 ec c8 00 00 00 	sub    $0xc8,%rsp
  ef8d87:	48 89 74 24 10       	mov    %rsi,0x10(%rsp)
  ef8d8c:	48 89 7c 24 18       	mov    %rdi,0x18(%rsp)
  ef8d91:	48 89 7c 24 20       	mov    %rdi,0x20(%rsp)
  ef8d96:	48 89 54 24 30       	mov    %rdx,0x30(%rsp)
  ef8d9b:	48 89 4c 24 38       	mov    %rcx,0x38(%rsp)
  ef8da0:	48 89 74 24 68       	mov    %rsi,0x68(%rsp)
        if elem_layout.size() == 0 || self.cap.as_inner() == 0 {
  ef8da5:	48 8d 44 24 30       	lea    0x30(%rsp),%rax
  ef8daa:	48 89 44 24 70       	mov    %rax,0x70(%rsp)
  ef8daf:	48 8b 44 24 38       	mov    0x38(%rsp),%rax
  ef8db4:	48 89 44 24 28       	mov    %rax,0x28(%rsp)
  ef8db9:	48 89 44 24 78       	mov    %rax,0x78(%rsp)
  ef8dbe:	48 83 f8 00          	cmp    $0x0,%rax
  ef8dc2:	75 0f                	jne    ef8dd3 <_ZN5alloc7raw_vec20RawVecInner$LT$A$GT$14current_memory17h7ad7dbd70542a65dE+0x53>
  ef8dc4:	48 8b 44 24 18       	mov    0x18(%rsp),%rax
            None
  ef8dc9:	48 c7 40 08 00 00 00 	movq   $0x0,0x8(%rax)
  ef8dd0:	00 
        if elem_layout.size() == 0 || self.cap.as_inner() == 0 {
  ef8dd1:	eb 44                	jmp    ef8e17 <_ZN5alloc7raw_vec20RawVecInner$LT$A$GT$14current_memory17h7ad7dbd70542a65dE+0x97>
  ef8dd3:	48 8b 44 24 10       	mov    0x10(%rsp),%rax
  ef8dd8:	48 8b 00             	mov    (%rax),%rax
  ef8ddb:	48 89 84 24 80 00 00 	mov    %rax,0x80(%rsp)
  ef8de2:	00 
  ef8de3:	48 83 f8 00          	cmp    $0x0,%rax
  ef8de7:	75 02                	jne    ef8deb <_ZN5alloc7raw_vec20RawVecInner$LT$A$GT$14current_memory17h7ad7dbd70542a65dE+0x6b>
  ef8de9:	eb d9                	jmp    ef8dc4 <_ZN5alloc7raw_vec20RawVecInner$LT$A$GT$14current_memory17h7ad7dbd70542a65dE+0x44>
  ef8deb:	48 8b 44 24 10       	mov    0x10(%rsp),%rax
                let alloc_size = elem_layout.size().unchecked_mul(self.cap.as_inner());
  ef8df0:	48 8d 4c 24 30       	lea    0x30(%rsp),%rcx
  ef8df5:	48 89 8c 24 88 00 00 	mov    %rcx,0x88(%rsp)
  ef8dfc:	00 
  ef8dfd:	48 8b 00             	mov    (%rax),%rax
  ef8e00:	48 89 44 24 08       	mov    %rax,0x8(%rsp)
  ef8e05:	48 89 84 24 90 00 00 	mov    %rax,0x90(%rsp)
  ef8e0c:	00 

            #[inline]
            pub const fn as_inner(self) -> $int {
                // SAFETY: This is a transparent wrapper, so unwrapping it is sound
                // (Not using `.0` due to MCP#807.)
                unsafe { crate::mem::transmute(self) }
  ef8e0d:	48 89 84 24 98 00 00 	mov    %rax,0x98(%rsp)
  ef8e14:	00 
            if ::core::ub_checks::$kind() {
  ef8e15:	eb 0d                	jmp    ef8e24 <_ZN5alloc7raw_vec20RawVecInner$LT$A$GT$14current_memory17h7ad7dbd70542a65dE+0xa4>
  ef8e17:	48 8b 44 24 20       	mov    0x20(%rsp),%rax
    }
  ef8e1c:	48 81 c4 c8 00 00 00 	add    $0xc8,%rsp
  ef8e23:	c3                   	ret
  ef8e24:	48 8b 74 24 08       	mov    0x8(%rsp),%rsi
  ef8e29:	48 8b 7c 24 28       	mov    0x28(%rsp),%rdi
                precondition_check($($arg,)*);
  ef8e2e:	e8 8d f6 ff ff       	call   ef84c0 <_ZN4core3num23_$LT$impl$u20$usize$GT$13unchecked_mul18precondition_check17h511a3c83d56bf0fdE>
  ef8e33:	48 8b 44 24 28       	mov    0x28(%rsp),%rax
  ef8e38:	48 8b 4c 24 08       	mov    0x8(%rsp),%rcx
                intrinsics::unchecked_mul(self, rhs)
  ef8e3d:	48 0f af c1          	imul   %rcx,%rax
  ef8e41:	48 89 44 24 40       	mov    %rax,0x40(%rsp)
                let layout = Layout::from_size_align_unchecked(alloc_size, elem_layout.align());
  ef8e46:	48 8b 44 24 40       	mov    0x40(%rsp),%rax
  ef8e4b:	48 89 84 24 a0 00 00 	mov    %rax,0xa0(%rsp)
  ef8e52:	00 
  ef8e53:	48 8d 44 24 30       	lea    0x30(%rsp),%rax
  ef8e58:	48 89 84 24 a8 00 00 	mov    %rax,0xa8(%rsp)
  ef8e5f:	00 
        self.align.as_usize()
  ef8e60:	48 8b 44 24 30       	mov    0x30(%rsp),%rax

    /// Returns the alignment as a [`usize`].
    #[unstable(feature = "ptr_alignment_type", issue = "102070")]
    #[inline]
    pub const fn as_usize(self) -> usize {
        self.0 as usize
  ef8e65:	48 89 44 24 48       	mov    %rax,0x48(%rsp)
  ef8e6a:	48 8b 7c 24 40       	mov    0x40(%rsp),%rdi
  ef8e6f:	48 8b 74 24 48       	mov    0x48(%rsp),%rsi
  ef8e74:	e8 a7 07 00 00       	call   ef9620 <_ZN4core5alloc6layout6Layout25from_size_align_unchecked18precondition_check17h1e03015df73bfb70E>
  ef8e79:	48 8b 44 24 18       	mov    0x18(%rsp),%rax
  ef8e7e:	48 8b 74 24 10       	mov    0x10(%rsp),%rsi
        unsafe { Layout { size, align: mem::transmute(align) } }
  ef8e83:	48 8b 54 24 48       	mov    0x48(%rsp),%rdx
  ef8e88:	48 8b 4c 24 40       	mov    0x40(%rsp),%rcx
  ef8e8d:	48 89 94 24 b0 00 00 	mov    %rdx,0xb0(%rsp)
  ef8e94:	00 
  ef8e95:	48 89 8c 24 b8 00 00 	mov    %rcx,0xb8(%rsp)
  ef8e9c:	00 
                Some((self.ptr.into(), layout))
  ef8e9d:	48 8b 76 08          	mov    0x8(%rsi),%rsi
  ef8ea1:	48 89 b4 24 c0 00 00 	mov    %rsi,0xc0(%rsp)
  ef8ea8:	00 
  ef8ea9:	48 89 74 24 50       	mov    %rsi,0x50(%rsp)
  ef8eae:	48 89 54 24 58       	mov    %rdx,0x58(%rsp)
  ef8eb3:	48 89 4c 24 60       	mov    %rcx,0x60(%rsp)
  ef8eb8:	48 8b 4c 24 50       	mov    0x50(%rsp),%rcx
  ef8ebd:	48 89 08             	mov    %rcx,(%rax)
  ef8ec0:	48 8b 4c 24 58       	mov    0x58(%rsp),%rcx
  ef8ec5:	48 89 48 08          	mov    %rcx,0x8(%rax)
  ef8ec9:	48 8b 4c 24 60       	mov    0x60(%rsp),%rcx
  ef8ece:	48 89 48 10          	mov    %rcx,0x10(%rax)
        if elem_layout.size() == 0 || self.cap.as_inner() == 0 {
  ef8ed2:	e9 40 ff ff ff       	jmp    ef8e17 <_ZN5alloc7raw_vec20RawVecInner$LT$A$GT$14current_memory17h7ad7dbd70542a65dE+0x97>
  ef8ed7:	cc                   	int3
  ef8ed8:	cc                   	int3
  ef8ed9:	cc                   	int3
  ef8eda:	cc                   	int3
  ef8edb:	cc                   	int3
  ef8edc:	cc                   	int3
  ef8edd:	cc                   	int3
  ef8ede:	cc                   	int3
  ef8edf:	cc                   	int3

0000000000ef8ee0 <_ZN5alloc7raw_vec20RawVecInner$LT$A$GT$15try_allocate_in17hdb8dc04ad5709b9dE>:
    fn try_allocate_in(
  ef8ee0:	53                   	push   %rbx
  ef8ee1:	48 81 ec 90 01 00 00 	sub    $0x190,%rsp
  ef8ee8:	4d 89 c3             	mov    %r8,%r11
  ef8eeb:	48 89 cb             	mov    %rcx,%rbx
  ef8eee:	89 d0                	mov    %edx,%eax
  ef8ef0:	48 89 f2             	mov    %rsi,%rdx
  ef8ef3:	48 89 54 24 18       	mov    %rdx,0x18(%rsp)
  ef8ef8:	48 89 7c 24 20       	mov    %rdi,0x20(%rsp)
  ef8efd:	41 88 c2             	mov    %al,%r10b
  ef8f00:	44 88 54 24 2f       	mov    %r10b,0x2f(%rsp)
  ef8f05:	48 89 7c 24 30       	mov    %rdi,0x30(%rsp)
  ef8f0a:	4c 8b 0d 97 73 30 ff 	mov    -0xcf8c69(%rip),%r9        # 2002a8 <_ZN63_$LT$common_std..error..RcError$u20$as$u20$core..fmt..Debug$GT$3fmt17h5af9ecfea329b2e5E-0xcf0998>
  ef8f11:	4c 8b 05 98 73 30 ff 	mov    -0xcf8c68(%rip),%r8        # 2002b0 <_ZN63_$LT$common_std..error..RcError$u20$as$u20$core..fmt..Debug$GT$3fmt17h5af9ecfea329b2e5E-0xcf0990>
  ef8f18:	48 8b 0d 99 73 30 ff 	mov    -0xcf8c67(%rip),%rcx        # 2002b8 <_ZN63_$LT$common_std..error..RcError$u20$as$u20$core..fmt..Debug$GT$3fmt17h5af9ecfea329b2e5E-0xcf0988>
  ef8f1f:	48 89 cf             	mov    %rcx,%rdi
  ef8f22:	48 8b 05 97 73 30 ff 	mov    -0xcf8c69(%rip),%rax        # 2002c0 <_ZN63_$LT$common_std..error..RcError$u20$as$u20$core..fmt..Debug$GT$3fmt17h5af9ecfea329b2e5E-0xcf0980>
  ef8f29:	48 89 c6             	mov    %rax,%rsi
  ef8f2c:	48 89 5c 24 40       	mov    %rbx,0x40(%rsp)
  ef8f31:	4c 89 5c 24 48       	mov    %r11,0x48(%rsp)
  ef8f36:	48 89 94 24 d0 00 00 	mov    %rdx,0xd0(%rsp)
  ef8f3d:	00 
  ef8f3e:	41 80 e2 01          	and    $0x1,%r10b
  ef8f42:	44 88 94 24 de 00 00 	mov    %r10b,0xde(%rsp)
  ef8f49:	00 
        if let Err(err) = alloc_guard(layout.size()) {
  ef8f4a:	4c 89 8c 24 e0 00 00 	mov    %r9,0xe0(%rsp)
  ef8f51:	00 
  ef8f52:	4c 89 84 24 e8 00 00 	mov    %r8,0xe8(%rsp)
  ef8f59:	00 
    ///
    /// That is, this conversion is whatever the implementation of
    /// <code>[From]&lt;T&gt; for U</code> chooses to do.
    #[inline]
    #[track_caller]
    fn into(self) -> U {
  ef8f5a:	48 89 bc 24 f8 00 00 	mov    %rdi,0xf8(%rsp)
  ef8f61:	00 
  ef8f62:	48 89 b4 24 00 01 00 	mov    %rsi,0x100(%rsp)
  ef8f69:	00 
    issue = "48043"
)]
#[cfg(not(test))]
impl From<TryReserveErrorKind> for TryReserveError {
    #[inline]
    fn from(kind: TryReserveErrorKind) -> Self {
  ef8f6a:	48 89 8c 24 08 01 00 	mov    %rcx,0x108(%rsp)
  ef8f71:	00 
  ef8f72:	48 89 84 24 10 01 00 	mov    %rax,0x110(%rsp)
  ef8f79:	00 
        let layout = match layout_array(capacity, elem_layout) {
  ef8f7a:	48 8b 4c 24 40       	mov    0x40(%rsp),%rcx
  ef8f7f:	48 8b 44 24 48       	mov    0x48(%rsp),%rax
  ef8f84:	48 89 4c 24 78       	mov    %rcx,0x78(%rsp)
  ef8f89:	48 89 84 24 80 00 00 	mov    %rax,0x80(%rsp)
  ef8f90:	00 
  ef8f91:	48 8d bc 24 b8 00 00 	lea    0xb8(%rsp),%rdi
  ef8f98:	00 
  ef8f99:	48 8d 74 24 78       	lea    0x78(%rsp),%rsi
    }
}

#[inline]
fn layout_array(cap: usize, elem_layout: Layout) -> Result<Layout, TryReserveError> {
    elem_layout.repeat(cap).map(|(layout, _pad)| layout).map_err(|_| CapacityOverflow.into())
  ef8f9e:	e8 cd 06 00 00       	call   ef9670 <_ZN4core5alloc6layout6Layout6repeat17hd7370627e14e1fadE>
        match self {
  ef8fa3:	31 c0                	xor    %eax,%eax
  ef8fa5:	b9 01 00 00 00       	mov    $0x1,%ecx
  ef8faa:	48 83 bc 24 b8 00 00 	cmpq   $0x0,0xb8(%rsp)
  ef8fb1:	00 00 
  ef8fb3:	48 0f 44 c1          	cmove  %rcx,%rax
  ef8fb7:	48 a9 01 00 00 00    	test   $0x1,%rax
  ef8fbd:	74 45                	je     ef9004 <_ZN5alloc7raw_vec20RawVecInner$LT$A$GT$15try_allocate_in17hdb8dc04ad5709b9dE+0x124>
  ef8fbf:	48 8b 44 24 20       	mov    0x20(%rsp),%rax
            Err(e) => Err(e),
  ef8fc4:	48 8b 15 ed 72 30 ff 	mov    -0xcf8d13(%rip),%rdx        # 2002b8 <_ZN63_$LT$common_std..error..RcError$u20$as$u20$core..fmt..Debug$GT$3fmt17h5af9ecfea329b2e5E-0xcf0988>
  ef8fcb:	48 8b 0d ee 72 30 ff 	mov    -0xcf8d12(%rip),%rcx        # 2002c0 <_ZN63_$LT$common_std..error..RcError$u20$as$u20$core..fmt..Debug$GT$3fmt17h5af9ecfea329b2e5E-0xcf0980>
  ef8fd2:	48 89 94 24 a8 00 00 	mov    %rdx,0xa8(%rsp)
  ef8fd9:	00 
  ef8fda:	48 89 8c 24 b0 00 00 	mov    %rcx,0xb0(%rsp)
  ef8fe1:	00 
            Err(_) => return Err(CapacityOverflow.into()),
  ef8fe2:	48 8b 15 cf 72 30 ff 	mov    -0xcf8d31(%rip),%rdx        # 2002b8 <_ZN63_$LT$common_std..error..RcError$u20$as$u20$core..fmt..Debug$GT$3fmt17h5af9ecfea329b2e5E-0xcf0988>
  ef8fe9:	48 8b 0d d0 72 30 ff 	mov    -0xcf8d30(%rip),%rcx        # 2002c0 <_ZN63_$LT$common_std..error..RcError$u20$as$u20$core..fmt..Debug$GT$3fmt17h5af9ecfea329b2e5E-0xcf0980>
  ef8ff0:	48 89 50 08          	mov    %rdx,0x8(%rax)
  ef8ff4:	48 89 48 10          	mov    %rcx,0x10(%rax)
  ef8ff8:	48 c7 00 01 00 00 00 	movq   $0x1,(%rax)
    }
  ef8fff:	e9 12 02 00 00       	jmp    ef9216 <_ZN5alloc7raw_vec20RawVecInner$LT$A$GT$15try_allocate_in17hdb8dc04ad5709b9dE+0x336>
            Ok(t) => Ok(op(t)),
  ef9004:	48 8b 8c 24 b8 00 00 	mov    0xb8(%rsp),%rcx
  ef900b:	00 
  ef900c:	48 8b 84 24 c0 00 00 	mov    0xc0(%rsp),%rax
  ef9013:	00 
  ef9014:	48 89 8c 24 18 01 00 	mov    %rcx,0x118(%rsp)
  ef901b:	00 
  ef901c:	48 89 84 24 20 01 00 	mov    %rax,0x120(%rsp)
  ef9023:	00 
  ef9024:	48 8b 94 24 c8 00 00 	mov    0xc8(%rsp),%rdx
  ef902b:	00 
  ef902c:	48 89 94 24 28 01 00 	mov    %rdx,0x128(%rsp)
  ef9033:	00 
  ef9034:	48 89 8c 24 a8 00 00 	mov    %rcx,0xa8(%rsp)
  ef903b:	00 
  ef903c:	48 89 84 24 b0 00 00 	mov    %rax,0xb0(%rsp)
  ef9043:	00 
            Ok(t) => Ok(t),
  ef9044:	48 8b 8c 24 a8 00 00 	mov    0xa8(%rsp),%rcx
  ef904b:	00 
  ef904c:	48 8b 84 24 b0 00 00 	mov    0xb0(%rsp),%rax
  ef9053:	00 
  ef9054:	48 89 8c 24 30 01 00 	mov    %rcx,0x130(%rsp)
  ef905b:	00 
  ef905c:	48 89 84 24 38 01 00 	mov    %rax,0x138(%rsp)
  ef9063:	00 
  ef9064:	48 89 4c 24 68       	mov    %rcx,0x68(%rsp)
  ef9069:	48 89 44 24 70       	mov    %rax,0x70(%rsp)
  ef906e:	48 c7 44 24 60 00 00 	movq   $0x0,0x60(%rsp)
  ef9075:	00 00 
            Ok(layout) => layout,
  ef9077:	48 8b 4c 24 68       	mov    0x68(%rsp),%rcx
  ef907c:	48 89 4c 24 08       	mov    %rcx,0x8(%rsp)
  ef9081:	48 8b 44 24 70       	mov    0x70(%rsp),%rax
  ef9086:	48 89 44 24 10       	mov    %rax,0x10(%rsp)
  ef908b:	48 89 8c 24 40 01 00 	mov    %rcx,0x140(%rsp)
  ef9092:	00 
  ef9093:	48 89 84 24 48 01 00 	mov    %rax,0x148(%rsp)
  ef909a:	00 
  ef909b:	48 89 4c 24 50       	mov    %rcx,0x50(%rsp)
  ef90a0:	48 89 44 24 58       	mov    %rax,0x58(%rsp)
        if layout.size() == 0 {
  ef90a5:	48 8d 4c 24 50       	lea    0x50(%rsp),%rcx
  ef90aa:	48 89 8c 24 50 01 00 	mov    %rcx,0x150(%rsp)
  ef90b1:	00 
        self.size
  ef90b2:	48 89 84 24 58 01 00 	mov    %rax,0x158(%rsp)
  ef90b9:	00 
  ef90ba:	48 83 f8 00          	cmp    $0x0,%rax
  ef90be:	75 39                	jne    ef90f9 <_ZN5alloc7raw_vec20RawVecInner$LT$A$GT$15try_allocate_in17hdb8dc04ad5709b9dE+0x219>
  ef90c0:	48 8b 44 24 20       	mov    0x20(%rsp),%rax
            return Ok(Self::new_in(alloc, elem_layout.alignment()));
  ef90c5:	48 8d 4c 24 40       	lea    0x40(%rsp),%rcx
  ef90ca:	48 89 8c 24 60 01 00 	mov    %rcx,0x160(%rsp)
  ef90d1:	00 
    /// Perma-unstable access to `align` as `Alignment` type.
    #[unstable(issue = "none", feature = "std_internals")]
    #[doc(hidden)]
    #[inline]
    pub const fn alignment(&self) -> Alignment {
        self.align
  ef90d2:	48 8b 54 24 40       	mov    0x40(%rsp),%rdx
  ef90d7:	48 89 94 24 68 01 00 	mov    %rdx,0x168(%rsp)
  ef90de:	00 
    without_provenance_mut(addr)
  ef90df:	31 c9                	xor    %ecx,%ecx
  ef90e1:	48 01 d1             	add    %rdx,%rcx
  ef90e4:	48 c7 40 08 00 00 00 	movq   $0x0,0x8(%rax)
  ef90eb:	00 
  ef90ec:	48 89 48 10          	mov    %rcx,0x10(%rax)
  ef90f0:	48 c7 00 00 00 00 00 	movq   $0x0,(%rax)
    }
  ef90f7:	eb 20                	jmp    ef9119 <_ZN5alloc7raw_vec20RawVecInner$LT$A$GT$15try_allocate_in17hdb8dc04ad5709b9dE+0x239>
  ef90f9:	8a 44 24 2f          	mov    0x2f(%rsp),%al
        if let Err(err) = alloc_guard(layout.size()) {
  ef90fd:	48 8d 4c 24 50       	lea    0x50(%rsp),%rcx
  ef9102:	48 89 8c 24 70 01 00 	mov    %rcx,0x170(%rsp)
  ef9109:	00 
        let result = match init {
  ef910a:	24 01                	and    $0x1,%al
  ef910c:	0f b6 c0             	movzbl %al,%eax
  ef910f:	48 a9 01 00 00 00    	test   $0x1,%rax
  ef9115:	75 10                	jne    ef9127 <_ZN5alloc7raw_vec20RawVecInner$LT$A$GT$15try_allocate_in17hdb8dc04ad5709b9dE+0x247>
  ef9117:	eb 34                	jmp    ef914d <_ZN5alloc7raw_vec20RawVecInner$LT$A$GT$15try_allocate_in17hdb8dc04ad5709b9dE+0x26d>
  ef9119:	48 8b 44 24 30       	mov    0x30(%rsp),%rax
    }
  ef911e:	48 81 c4 90 01 00 00 	add    $0x190,%rsp
  ef9125:	5b                   	pop    %rbx
  ef9126:	c3                   	ret
  ef9127:	48 8b 54 24 10       	mov    0x10(%rsp),%rdx
  ef912c:	48 8b 74 24 08       	mov    0x8(%rsp),%rsi
  ef9131:	48 8d 7c 24 3f       	lea    0x3f(%rsp),%rdi
            AllocInit::Zeroed => alloc.allocate_zeroed(layout),
  ef9136:	e8 85 0f 00 00       	call   efa0c0 <_ZN63_$LT$alloc..alloc..Global$u20$as$u20$core..alloc..Allocator$GT$15allocate_zeroed17he07c8ab725c01fe6E>
  ef913b:	48 89 84 24 88 00 00 	mov    %rax,0x88(%rsp)
  ef9142:	00 
  ef9143:	48 89 94 24 90 00 00 	mov    %rdx,0x90(%rsp)
  ef914a:	00 
  ef914b:	eb 24                	jmp    ef9171 <_ZN5alloc7raw_vec20RawVecInner$LT$A$GT$15try_allocate_in17hdb8dc04ad5709b9dE+0x291>
  ef914d:	48 8b 54 24 10       	mov    0x10(%rsp),%rdx
  ef9152:	48 8b 74 24 08       	mov    0x8(%rsp),%rsi
  ef9157:	48 8d 7c 24 3f       	lea    0x3f(%rsp),%rdi
            AllocInit::Uninitialized => alloc.allocate(layout),
  ef915c:	e8 8f 0f 00 00       	call   efa0f0 <_ZN63_$LT$alloc..alloc..Global$u20$as$u20$core..alloc..Allocator$GT$8allocate17h1f15a1372d746f8fE>
  ef9161:	48 89 84 24 88 00 00 	mov    %rax,0x88(%rsp)
  ef9168:	00 
  ef9169:	48 89 94 24 90 00 00 	mov    %rdx,0x90(%rsp)
  ef9170:	00 
        let ptr = match result {
  ef9171:	48 8b 94 24 88 00 00 	mov    0x88(%rsp),%rdx
  ef9178:	00 
  ef9179:	31 c0                	xor    %eax,%eax
  ef917b:	b9 01 00 00 00       	mov    $0x1,%ecx
  ef9180:	48 83 fa 00          	cmp    $0x0,%rdx
  ef9184:	48 0f 44 c1          	cmove  %rcx,%rax
  ef9188:	48 a9 01 00 00 00    	test   $0x1,%rax
  ef918e:	74 40                	je     ef91d0 <_ZN5alloc7raw_vec20RawVecInner$LT$A$GT$15try_allocate_in17hdb8dc04ad5709b9dE+0x2f0>
  ef9190:	48 8b 44 24 20       	mov    0x20(%rsp),%rax
  ef9195:	48 8b 4c 24 10       	mov    0x10(%rsp),%rcx
  ef919a:	48 8b 54 24 08       	mov    0x8(%rsp),%rdx
            Err(_) => return Err(AllocError { layout, non_exhaustive: () }.into()),
  ef919f:	48 89 94 24 98 00 00 	mov    %rdx,0x98(%rsp)
  ef91a6:	00 
  ef91a7:	48 89 8c 24 a0 00 00 	mov    %rcx,0xa0(%rsp)
  ef91ae:	00 
        Self { kind }
  ef91af:	48 8b 94 24 98 00 00 	mov    0x98(%rsp),%rdx
  ef91b6:	00 
  ef91b7:	48 8b 8c 24 a0 00 00 	mov    0xa0(%rsp),%rcx
  ef91be:	00 
  ef91bf:	48 89 50 08          	mov    %rdx,0x8(%rax)
  ef91c3:	48 89 48 10          	mov    %rcx,0x10(%rax)
  ef91c7:	48 c7 00 01 00 00 00 	movq   $0x1,(%rax)
    }
  ef91ce:	eb 46                	jmp    ef9216 <_ZN5alloc7raw_vec20RawVecInner$LT$A$GT$15try_allocate_in17hdb8dc04ad5709b9dE+0x336>
  ef91d0:	48 8b 44 24 20       	mov    0x20(%rsp),%rax
  ef91d5:	48 8b 54 24 18       	mov    0x18(%rsp),%rdx
            Ok(ptr) => ptr,
  ef91da:	48 8b 8c 24 88 00 00 	mov    0x88(%rsp),%rcx
  ef91e1:	00 
  ef91e2:	48 8b b4 24 90 00 00 	mov    0x90(%rsp),%rsi
  ef91e9:	00 
  ef91ea:	48 89 8c 24 78 01 00 	mov    %rcx,0x178(%rsp)
  ef91f1:	00 
  ef91f2:	48 89 b4 24 80 01 00 	mov    %rsi,0x180(%rsp)
  ef91f9:	00 
        unsafe { NonNull { pointer: self.as_ptr() as *mut U } }
  ef91fa:	48 89 8c 24 88 01 00 	mov    %rcx,0x188(%rsp)
  ef9201:	00 
        Ok(Self {
  ef9202:	48 89 50 08          	mov    %rdx,0x8(%rax)
  ef9206:	48 89 48 10          	mov    %rcx,0x10(%rax)
  ef920a:	48 c7 00 00 00 00 00 	movq   $0x0,(%rax)
    }
  ef9211:	e9 03 ff ff ff       	jmp    ef9119 <_ZN5alloc7raw_vec20RawVecInner$LT$A$GT$15try_allocate_in17hdb8dc04ad5709b9dE+0x239>
  ef9216:	e9 fe fe ff ff       	jmp    ef9119 <_ZN5alloc7raw_vec20RawVecInner$LT$A$GT$15try_allocate_in17hdb8dc04ad5709b9dE+0x239>
  ef921b:	cc                   	int3
  ef921c:	cc                   	int3
  ef921d:	cc                   	int3
  ef921e:	cc                   	int3
  ef921f:	cc                   	int3

0000000000ef9220 <_ZN5alloc7raw_vec20RawVecInner$LT$A$GT$16with_capacity_in17ha62f0f97d33ab24aE>:
    fn with_capacity_in(capacity: usize, alloc: A, elem_layout: Layout) -> Self {
  ef9220:	48 81 ec d8 00 00 00 	sub    $0xd8,%rsp
  ef9227:	48 89 4c 24 10       	mov    %rcx,0x10(%rsp)
  ef922c:	49 89 d0             	mov    %rdx,%r8
  ef922f:	4c 89 44 24 18       	mov    %r8,0x18(%rsp)
  ef9234:	48 89 f1             	mov    %rsi,%rcx
  ef9237:	48 89 4c 24 20       	mov    %rcx,0x20(%rsp)
  ef923c:	48 89 fe             	mov    %rdi,%rsi
  ef923f:	48 89 74 24 28       	mov    %rsi,0x28(%rsp)
  ef9244:	48 89 74 24 70       	mov    %rsi,0x70(%rsp)
  ef9249:	48 89 8c 24 80 00 00 	mov    %rcx,0x80(%rsp)
  ef9250:	00 
  ef9251:	4c 89 84 24 88 00 00 	mov    %r8,0x88(%rsp)
  ef9258:	00 
    fn needs_to_grow(&self, len: usize, additional: usize, elem_layout: Layout) -> bool {
  ef9259:	48 c7 84 24 90 00 00 	movq   $0x0,0x90(%rsp)
  ef9260:	00 00 00 00 00 
        pub const fn wrapping_sub(self, rhs: Self) -> Self {
  ef9265:	48 c7 84 24 98 00 00 	movq   $0x0,0x98(%rsp)
  ef926c:	00 00 00 00 00 
        match Self::try_allocate_in(capacity, AllocInit::Uninitialized, alloc, elem_layout) {
  ef9271:	31 c0                	xor    %eax,%eax
  ef9273:	48 8d 7c 24 30       	lea    0x30(%rsp),%rdi
  ef9278:	31 d2                	xor    %edx,%edx
  ef927a:	e8 61 fc ff ff       	call   ef8ee0 <_ZN5alloc7raw_vec20RawVecInner$LT$A$GT$15try_allocate_in17hdb8dc04ad5709b9dE>
  ef927f:	48 f7 44 24 30 01 00 	testq  $0x1,0x30(%rsp)
  ef9286:	00 00 
  ef9288:	74 24                	je     ef92ae <_ZN5alloc7raw_vec20RawVecInner$LT$A$GT$16with_capacity_in17ha62f0f97d33ab24aE+0x8e>
  ef928a:	48 8b 54 24 10       	mov    0x10(%rsp),%rdx
            Err(err) => handle_error(err),
  ef928f:	48 8b 7c 24 38       	mov    0x38(%rsp),%rdi
  ef9294:	48 8b 74 24 40       	mov    0x40(%rsp),%rsi
  ef9299:	48 89 bc 24 c8 00 00 	mov    %rdi,0xc8(%rsp)
  ef92a0:	00 
  ef92a1:	48 89 b4 24 d0 00 00 	mov    %rsi,0xd0(%rsp)
  ef92a8:	00 
  ef92a9:	e8 d8 27 00 00       	call   efba86 <_ZN5alloc7raw_vec12handle_error17hec7cc67861cb8aadE>
  ef92ae:	48 8b 44 24 18       	mov    0x18(%rsp),%rax
  ef92b3:	48 8b 4c 24 20       	mov    0x20(%rsp),%rcx
            Ok(this) => {
  ef92b8:	48 8b 74 24 38       	mov    0x38(%rsp),%rsi
  ef92bd:	48 8b 54 24 40       	mov    0x40(%rsp),%rdx
  ef92c2:	48 89 74 24 48       	mov    %rsi,0x48(%rsp)
  ef92c7:	48 89 54 24 50       	mov    %rdx,0x50(%rsp)
                    hint::assert_unchecked(!this.needs_to_grow(0, capacity, elem_layout));
  ef92cc:	48 8d 54 24 48       	lea    0x48(%rsp),%rdx
  ef92d1:	48 89 94 24 a0 00 00 	mov    %rdx,0xa0(%rsp)
  ef92d8:	00 
  ef92d9:	48 89 4c 24 58       	mov    %rcx,0x58(%rsp)
  ef92de:	48 89 44 24 60       	mov    %rax,0x60(%rsp)
        additional > self.capacity(elem_layout.size()).wrapping_sub(len)
  ef92e3:	48 8d 4c 24 58       	lea    0x58(%rsp),%rcx
  ef92e8:	48 89 8c 24 a8 00 00 	mov    %rcx,0xa8(%rsp)
  ef92ef:	00 
        self.size
  ef92f0:	48 89 84 24 b0 00 00 	mov    %rax,0xb0(%rsp)
  ef92f7:	00 
        if elem_size == 0 { usize::MAX } else { self.cap.as_inner() }
  ef92f8:	48 83 f8 00          	cmp    $0x0,%rax
  ef92fc:	75 0b                	jne    ef9309 <_ZN5alloc7raw_vec20RawVecInner$LT$A$GT$16with_capacity_in17ha62f0f97d33ab24aE+0xe9>
  ef92fe:	48 c7 44 24 68 ff ff 	movq   $0xffffffffffffffff,0x68(%rsp)
  ef9305:	ff ff 
  ef9307:	eb 12                	jmp    ef931b <_ZN5alloc7raw_vec20RawVecInner$LT$A$GT$16with_capacity_in17ha62f0f97d33ab24aE+0xfb>
  ef9309:	48 8b 44 24 48       	mov    0x48(%rsp),%rax
  ef930e:	48 89 84 24 b8 00 00 	mov    %rax,0xb8(%rsp)
  ef9315:	00 
  ef9316:	48 89 44 24 68       	mov    %rax,0x68(%rsp)
  ef931b:	48 8b 44 24 28       	mov    0x28(%rsp),%rax
            intrinsics::wrapping_sub(self, rhs)
  ef9320:	48 8b 4c 24 68       	mov    0x68(%rsp),%rcx
  ef9325:	48 83 e9 00          	sub    $0x0,%rcx
        additional > self.capacity(elem_layout.size()).wrapping_sub(len)
  ef9329:	48 39 c8             	cmp    %rcx,%rax
  ef932c:	0f 97 c0             	seta   %al
                    hint::assert_unchecked(!this.needs_to_grow(0, capacity, elem_layout));
  ef932f:	34 ff                	xor    $0xff,%al
  ef9331:	88 44 24 0f          	mov    %al,0xf(%rsp)
  ef9335:	24 01                	and    $0x1,%al
  ef9337:	88 84 24 c7 00 00 00 	mov    %al,0xc7(%rsp)
  ef933e:	8a 44 24 0f          	mov    0xf(%rsp),%al
  ef9342:	0f b6 f8             	movzbl %al,%edi
  ef9345:	83 e7 01             	and    $0x1,%edi
  ef9348:	e8 83 01 00 00       	call   ef94d0 <_ZN4core4hint16assert_unchecked18precondition_check17h5b79acde44411284E>
                this
  ef934d:	48 8b 44 24 48       	mov    0x48(%rsp),%rax
  ef9352:	48 8b 54 24 50       	mov    0x50(%rsp),%rdx
    }
  ef9357:	48 81 c4 d8 00 00 00 	add    $0xd8,%rsp
  ef935e:	c3                   	ret
  ef935f:	cc                   	int3

0000000000ef9360 <_ZN10common_std4heap11HEAP_MEMORY28_$u7b$$u7b$closure$u7d$$u7d$17h6d4051878614aac0E>:
static HEAP_MEMORY: Lazy<VirtualMemory> = Lazy::new(|| {
  ef9360:	48 81 ec 88 00 00 00 	sub    $0x88,%rsp
  ef9367:	48 89 7c 24 40       	mov    %rdi,0x40(%rsp)
  ef936c:	48 8d 7c 24 20       	lea    0x20(%rsp),%rdi
    let root = VirtualMemory::root_virtual_memory().unwrap();
  ef9371:	e8 ca 06 00 00       	call   ef9a40 <_ZN10common_std6memory13VirtualMemory19root_virtual_memory17heaf3fcea7b327210E>
        match self {
  ef9376:	8b 44 24 20          	mov    0x20(%rsp),%eax
  ef937a:	48 a9 01 00 00 00    	test   $0x1,%rax
  ef9380:	74 2e                	je     ef93b0 <_ZN10common_std4heap11HEAP_MEMORY28_$u7b$$u7b$closure$u7d$$u7d$17h6d4051878614aac0E+0x50>
            Err(e) => unwrap_failed("called `Result::unwrap()` on an `Err` value", &e),
  ef9382:	48 8b 44 24 28       	mov    0x28(%rsp),%rax
  ef9387:	48 89 44 24 58       	mov    %rax,0x58(%rsp)
  ef938c:	48 c7 c7 28 eb ee 00 	mov    $0xeeeb28,%rdi
  ef9393:	48 c7 c1 08 eb ee 00 	mov    $0xeeeb08,%rcx
  ef939a:	49 c7 c0 70 eb ee 00 	mov    $0xeeeb70,%r8
  ef93a1:	be 2b 00 00 00       	mov    $0x2b,%esi
  ef93a6:	48 8d 54 24 58       	lea    0x58(%rsp),%rdx
  ef93ab:	e8 d0 2d 00 00       	call   efc180 <_ZN4core6result13unwrap_failed17h6f6c330032cb9c63E>
            Ok(t) => t,
  ef93b0:	8b 44 24 24          	mov    0x24(%rsp),%eax
  ef93b4:	89 44 24 64          	mov    %eax,0x64(%rsp)
  ef93b8:	89 44 24 1c          	mov    %eax,0x1c(%rsp)
  ef93bc:	48 8d 7c 24 1c       	lea    0x1c(%rsp),%rdi
        (HEAP_START - root.start_address().unwrap()) / 4096,
  ef93c1:	e8 fa 04 00 00       	call   ef98c0 <_ZN10common_std6memory13VirtualMemory13start_address17h2b6b7e858ad4fedfE>
  ef93c6:	48 89 44 24 68       	mov    %rax,0x68(%rsp)
  ef93cb:	48 89 54 24 70       	mov    %rdx,0x70(%rsp)
        match self {
  ef93d0:	48 f7 44 24 68 01 00 	testq  $0x1,0x68(%rsp)
  ef93d7:	00 00 
  ef93d9:	74 2e                	je     ef9409 <_ZN10common_std4heap11HEAP_MEMORY28_$u7b$$u7b$closure$u7d$$u7d$17h6d4051878614aac0E+0xa9>
            Err(e) => unwrap_failed("called `Result::unwrap()` on an `Err` value", &e),
  ef93db:	48 8b 44 24 70       	mov    0x70(%rsp),%rax
  ef93e0:	48 89 44 24 78       	mov    %rax,0x78(%rsp)
  ef93e5:	48 c7 c7 28 eb ee 00 	mov    $0xeeeb28,%rdi
  ef93ec:	48 c7 c1 08 eb ee 00 	mov    $0xeeeb08,%rcx
  ef93f3:	49 c7 c0 88 eb ee 00 	mov    $0xeeeb88,%r8
  ef93fa:	be 2b 00 00 00       	mov    $0x2b,%esi
  ef93ff:	48 8d 54 24 78       	lea    0x78(%rsp),%rdx
  ef9404:	e8 77 2d 00 00       	call   efc180 <_ZN4core6result13unwrap_failed17h6f6c330032cb9c63E>
            Ok(t) => t,
  ef9409:	48 8b 4c 24 70       	mov    0x70(%rsp),%rcx
  ef940e:	48 89 8c 24 80 00 00 	mov    %rcx,0x80(%rsp)
  ef9415:	00 
  ef9416:	b8 00 00 00 20       	mov    $0x20000000,%eax
  ef941b:	48 29 c8             	sub    %rcx,%rax
  ef941e:	48 89 44 24 10       	mov    %rax,0x10(%rsp)
  ef9423:	b8 00 00 00 20       	mov    $0x20000000,%eax
  ef9428:	48 39 c8             	cmp    %rcx,%rax
  ef942b:	72 26                	jb     ef9453 <_ZN10common_std4heap11HEAP_MEMORY28_$u7b$$u7b$closure$u7d$$u7d$17h6d4051878614aac0E+0xf3>
  ef942d:	48 8b 44 24 10       	mov    0x10(%rsp),%rax
  ef9432:	48 c1 e8 0c          	shr    $0xc,%rax
  ef9436:	48 89 04 24          	mov    %rax,(%rsp)
        ONCE_ALLOCATION_SIZE * 8,
  ef943a:	b8 00 00 10 00       	mov    $0x100000,%eax
  ef943f:	b9 08 00 00 00       	mov    $0x8,%ecx
  ef9444:	48 f7 e1             	mul    %rcx
  ef9447:	48 89 44 24 08       	mov    %rax,0x8(%rsp)
  ef944c:	0f 90 c0             	seto   %al
  ef944f:	70 70                	jo     ef94c1 <_ZN10common_std4heap11HEAP_MEMORY28_$u7b$$u7b$closure$u7d$$u7d$17h6d4051878614aac0E+0x161>
  ef9451:	eb 0c                	jmp    ef945f <_ZN10common_std4heap11HEAP_MEMORY28_$u7b$$u7b$closure$u7d$$u7d$17h6d4051878614aac0E+0xff>
        (HEAP_START - root.start_address().unwrap()) / 4096,
  ef9453:	48 c7 c7 a0 eb ee 00 	mov    $0xeeeba0,%rdi
  ef945a:	e8 01 42 00 00       	call   efd660 <_ZN4core9panicking11panic_const24panic_const_sub_overflow17h38d790166b4890c1E>
  ef945f:	48 8b 4c 24 08       	mov    0x8(%rsp),%rcx
  ef9464:	48 8b 14 24          	mov    (%rsp),%rdx
  ef9468:	48 8d 7c 24 30       	lea    0x30(%rsp),%rdi
  ef946d:	48 8d 74 24 1c       	lea    0x1c(%rsp),%rsi
    root.create_child(
  ef9472:	e8 b9 04 00 00       	call   ef9930 <_ZN10common_std6memory13VirtualMemory12create_child17hbc1ecc544d612108E>
        match self {
  ef9477:	8b 44 24 30          	mov    0x30(%rsp),%eax
  ef947b:	48 a9 01 00 00 00    	test   $0x1,%rax
  ef9481:	74 2e                	je     ef94b1 <_ZN10common_std4heap11HEAP_MEMORY28_$u7b$$u7b$closure$u7d$$u7d$17h6d4051878614aac0E+0x151>
            Err(e) => unwrap_failed("called `Result::unwrap()` on an `Err` value", &e),
  ef9483:	48 8b 44 24 38       	mov    0x38(%rsp),%rax
  ef9488:	48 89 44 24 48       	mov    %rax,0x48(%rsp)
  ef948d:	48 c7 c7 28 eb ee 00 	mov    $0xeeeb28,%rdi
  ef9494:	48 c7 c1 08 eb ee 00 	mov    $0xeeeb08,%rcx
  ef949b:	49 c7 c0 d0 eb ee 00 	mov    $0xeeebd0,%r8
  ef94a2:	be 2b 00 00 00       	mov    $0x2b,%esi
  ef94a7:	48 8d 54 24 48       	lea    0x48(%rsp),%rdx
  ef94ac:	e8 cf 2c 00 00       	call   efc180 <_ZN4core6result13unwrap_failed17h6f6c330032cb9c63E>
            Ok(t) => t,
  ef94b1:	8b 44 24 34          	mov    0x34(%rsp),%eax
  ef94b5:	89 44 24 54          	mov    %eax,0x54(%rsp)
});
  ef94b9:	48 81 c4 88 00 00 00 	add    $0x88,%rsp
  ef94c0:	c3                   	ret
        ONCE_ALLOCATION_SIZE * 8,
  ef94c1:	48 c7 c7 b8 eb ee 00 	mov    $0xeeebb8,%rdi
  ef94c8:	e8 d3 41 00 00       	call   efd6a0 <_ZN4core9panicking11panic_const24panic_const_mul_overflow17h1610e41a05836d7aE>
  ef94cd:	cc                   	int3
  ef94ce:	cc                   	int3
  ef94cf:	cc                   	int3

0000000000ef94d0 <_ZN4core4hint16assert_unchecked18precondition_check17h5b79acde44411284E>:
            const fn precondition_check($($name:$ty),*) {
  ef94d0:	50                   	push   %rax
  ef94d1:	40 88 f8             	mov    %dil,%al
  ef94d4:	88 c1                	mov    %al,%cl
  ef94d6:	80 e1 01             	and    $0x1,%cl
  ef94d9:	88 4c 24 07          	mov    %cl,0x7(%rsp)
            (cond: bool = cond) => cond,
  ef94dd:	a8 01                	test   $0x1,%al
  ef94df:	75 11                	jne    ef94f2 <_ZN4core4hint16assert_unchecked18precondition_check17h5b79acde44411284E+0x22>
                    ::core::panicking::panic_nounwind(concat!("unsafe precondition(s) violated: ", $message,
  ef94e1:	48 c7 c7 e8 eb ee 00 	mov    $0xeeebe8,%rdi
  ef94e8:	be dd 00 00 00       	mov    $0xdd,%esi
  ef94ed:	e8 9e 2b 00 00       	call   efc090 <_ZN4core9panicking14panic_nounwind17h73726ac9567abe6cE>
            }
  ef94f2:	58                   	pop    %rax
  ef94f3:	c3                   	ret
  ef94f4:	cc                   	int3
  ef94f5:	cc                   	int3
  ef94f6:	cc                   	int3
  ef94f7:	cc                   	int3
  ef94f8:	cc                   	int3
  ef94f9:	cc                   	int3
  ef94fa:	cc                   	int3
  ef94fb:	cc                   	int3
  ef94fc:	cc                   	int3
  ef94fd:	cc                   	int3
  ef94fe:	cc                   	int3
  ef94ff:	cc                   	int3

0000000000ef9500 <_ZN4core5alloc6layout6Layout13repeat_packed17hebe5ad9bc2161713E>:
    pub const fn repeat_packed(&self, n: usize) -> Result<Self, LayoutError> {
  ef9500:	48 83 ec 78          	sub    $0x78,%rsp
  ef9504:	48 89 7c 24 10       	mov    %rdi,0x10(%rsp)
  ef9509:	48 89 7c 24 40       	mov    %rdi,0x40(%rsp)
  ef950e:	48 89 74 24 48       	mov    %rsi,0x48(%rsp)
        if let Some(size) = self.size.checked_mul(n) {
  ef9513:	48 8b 47 08          	mov    0x8(%rdi),%rax
  ef9517:	48 89 44 24 50       	mov    %rax,0x50(%rsp)
            let (a, b) = intrinsics::mul_with_overflow(self as $ActualT, rhs as $ActualT);
  ef951c:	48 f7 e6             	mul    %rsi
  ef951f:	48 89 c1             	mov    %rax,%rcx
  ef9522:	48 89 4c 24 18       	mov    %rcx,0x18(%rsp)
  ef9527:	0f 90 c0             	seto   %al
  ef952a:	88 c2                	mov    %al,%dl
  ef952c:	80 e2 01             	and    $0x1,%dl
  ef952f:	88 54 24 5f          	mov    %dl,0x5f(%rsp)
            (a as Self, b)
  ef9533:	48 89 4c 24 60       	mov    %rcx,0x60(%rsp)
    if b {
  ef9538:	a8 01                	test   $0x1,%al
  ef953a:	75 47                	jne    ef9583 <_ZN4core5alloc6layout6Layout13repeat_packed17hebe5ad9bc2161713E+0x83>
  ef953c:	48 8b 4c 24 10       	mov    0x10(%rsp),%rcx
  ef9541:	48 8b 44 24 18       	mov    0x18(%rsp),%rax
            if intrinsics::unlikely(b) { None } else { Some(a) }
  ef9546:	48 89 44 24 38       	mov    %rax,0x38(%rsp)
  ef954b:	48 c7 44 24 30 01 00 	movq   $0x1,0x30(%rsp)
  ef9552:	00 00 
  ef9554:	48 8b 44 24 38       	mov    0x38(%rsp),%rax
  ef9559:	48 89 04 24          	mov    %rax,(%rsp)
  ef955d:	48 89 44 24 68       	mov    %rax,0x68(%rsp)
            Layout::from_size_alignment(size, self.align)
  ef9562:	48 8b 11             	mov    (%rcx),%rdx
  ef9565:	48 89 54 24 08       	mov    %rdx,0x8(%rsp)
  ef956a:	48 89 54 24 70       	mov    %rdx,0x70(%rsp)
        unsafe { unchecked_sub(isize::MAX as usize + 1, align.as_usize()) }
  ef956f:	48 b9 00 00 00 00 00 	movabs $0x8000000000000000,%rcx
  ef9576:	00 00 80 
  ef9579:	48 29 d1             	sub    %rdx,%rcx
        if size > Self::max_size_for_align(align) {
  ef957c:	48 39 c8             	cmp    %rcx,%rax
  ef957f:	77 31                	ja     ef95b2 <_ZN4core5alloc6layout6Layout13repeat_packed17hebe5ad9bc2161713E+0xb2>
  ef9581:	eb 1a                	jmp    ef959d <_ZN4core5alloc6layout6Layout13repeat_packed17hebe5ad9bc2161713E+0x9d>
            Err(LayoutError)
  ef9583:	48 8b 0d 2e 6d 30 ff 	mov    -0xcf92d2(%rip),%rcx        # 2002b8 <_ZN63_$LT$common_std..error..RcError$u20$as$u20$core..fmt..Debug$GT$3fmt17h5af9ecfea329b2e5E-0xcf0988>
  ef958a:	48 8b 05 2f 6d 30 ff 	mov    -0xcf92d1(%rip),%rax        # 2002c0 <_ZN63_$LT$common_std..error..RcError$u20$as$u20$core..fmt..Debug$GT$3fmt17h5af9ecfea329b2e5E-0xcf0980>
  ef9591:	48 89 4c 24 20       	mov    %rcx,0x20(%rsp)
  ef9596:	48 89 44 24 28       	mov    %rax,0x28(%rsp)
        if let Some(size) = self.size.checked_mul(n) {
  ef959b:	eb 2f                	jmp    ef95cc <_ZN4core5alloc6layout6Layout13repeat_packed17hebe5ad9bc2161713E+0xcc>
  ef959d:	48 8b 04 24          	mov    (%rsp),%rax
  ef95a1:	48 8b 4c 24 08       	mov    0x8(%rsp),%rcx
        Ok(Layout { size, align })
  ef95a6:	48 89 4c 24 20       	mov    %rcx,0x20(%rsp)
  ef95ab:	48 89 44 24 28       	mov    %rax,0x28(%rsp)
    }
  ef95b0:	eb 18                	jmp    ef95ca <_ZN4core5alloc6layout6Layout13repeat_packed17hebe5ad9bc2161713E+0xca>
            return Err(LayoutError);
  ef95b2:	48 8b 0d ff 6c 30 ff 	mov    -0xcf9301(%rip),%rcx        # 2002b8 <_ZN63_$LT$common_std..error..RcError$u20$as$u20$core..fmt..Debug$GT$3fmt17h5af9ecfea329b2e5E-0xcf0988>
  ef95b9:	48 8b 05 00 6d 30 ff 	mov    -0xcf9300(%rip),%rax        # 2002c0 <_ZN63_$LT$common_std..error..RcError$u20$as$u20$core..fmt..Debug$GT$3fmt17h5af9ecfea329b2e5E-0xcf0980>
  ef95c0:	48 89 4c 24 20       	mov    %rcx,0x20(%rsp)
  ef95c5:	48 89 44 24 28       	mov    %rax,0x28(%rsp)
        if let Some(size) = self.size.checked_mul(n) {
  ef95ca:	eb 00                	jmp    ef95cc <_ZN4core5alloc6layout6Layout13repeat_packed17hebe5ad9bc2161713E+0xcc>
    }
  ef95cc:	48 8b 44 24 20       	mov    0x20(%rsp),%rax
  ef95d1:	48 8b 54 24 28       	mov    0x28(%rsp),%rdx
  ef95d6:	48 83 c4 78          	add    $0x78,%rsp
  ef95da:	c3                   	ret
  ef95db:	cc                   	int3
  ef95dc:	cc                   	int3
  ef95dd:	cc                   	int3
  ef95de:	cc                   	int3
  ef95df:	cc                   	int3

0000000000ef95e0 <_ZN4core5alloc6layout6Layout25from_size_align_unchecked17h313c75951abe34eaE>:
    pub const unsafe fn from_size_align_unchecked(size: usize, align: usize) -> Self {
  ef95e0:	48 83 ec 28          	sub    $0x28,%rsp
  ef95e4:	48 89 74 24 08       	mov    %rsi,0x8(%rsp)
  ef95e9:	48 89 7c 24 10       	mov    %rdi,0x10(%rsp)
  ef95ee:	48 89 7c 24 18       	mov    %rdi,0x18(%rsp)
  ef95f3:	48 89 74 24 20       	mov    %rsi,0x20(%rsp)
  ef95f8:	48 8b 74 24 08       	mov    0x8(%rsp),%rsi
  ef95fd:	48 8b 7c 24 10       	mov    0x10(%rsp),%rdi
                precondition_check($($arg,)*);
  ef9602:	e8 19 00 00 00       	call   ef9620 <_ZN4core5alloc6layout6Layout25from_size_align_unchecked18precondition_check17h1e03015df73bfb70E>
  ef9607:	48 8b 54 24 10       	mov    0x10(%rsp),%rdx
  ef960c:	48 8b 44 24 08       	mov    0x8(%rsp),%rax
    }
  ef9611:	48 83 c4 28          	add    $0x28,%rsp
  ef9615:	c3                   	ret
  ef9616:	cc                   	int3
  ef9617:	cc                   	int3
  ef9618:	cc                   	int3
  ef9619:	cc                   	int3
  ef961a:	cc                   	int3
  ef961b:	cc                   	int3
  ef961c:	cc                   	int3
  ef961d:	cc                   	int3
  ef961e:	cc                   	int3
  ef961f:	cc                   	int3

0000000000ef9620 <_ZN4core5alloc6layout6Layout25from_size_align_unchecked18precondition_check17h1e03015df73bfb70E>:
            const fn precondition_check($($name:$ty),*) {
  ef9620:	48 83 ec 18          	sub    $0x18,%rsp
  ef9624:	48 89 7c 24 08       	mov    %rdi,0x8(%rsp)
  ef9629:	48 89 74 24 10       	mov    %rsi,0x10(%rsp)
            ) => Layout::is_size_align_valid(size, align)
  ef962e:	e8 dd 3e 00 00       	call   efd510 <_ZN4core5alloc6layout6Layout19is_size_align_valid17ha11f759dd1b6f314E>
  ef9633:	a8 01                	test   $0x1,%al
  ef9635:	75 11                	jne    ef9648 <_ZN4core5alloc6layout6Layout25from_size_align_unchecked18precondition_check17h1e03015df73bfb70E+0x28>
                    ::core::panicking::panic_nounwind(concat!("unsafe precondition(s) violated: ", $message,
  ef9637:	48 c7 c7 c5 ec ee 00 	mov    $0xeeecc5,%rdi
  ef963e:	be 19 01 00 00       	mov    $0x119,%esi
  ef9643:	e8 48 2a 00 00       	call   efc090 <_ZN4core9panicking14panic_nounwind17h73726ac9567abe6cE>
            }
  ef9648:	48 83 c4 18          	add    $0x18,%rsp
  ef964c:	c3                   	ret
  ef964d:	cc                   	int3
  ef964e:	cc                   	int3
  ef964f:	cc                   	int3

0000000000ef9650 <_ZN4core5alloc6layout6Layout4size17h01105bc4314f51d8E>:
    pub const fn size(&self) -> usize {
  ef9650:	50                   	push   %rax
  ef9651:	48 89 3c 24          	mov    %rdi,(%rsp)
        self.size
  ef9655:	48 8b 47 08          	mov    0x8(%rdi),%rax
    }
  ef9659:	59                   	pop    %rcx
  ef965a:	c3                   	ret
  ef965b:	cc                   	int3
  ef965c:	cc                   	int3
  ef965d:	cc                   	int3
  ef965e:	cc                   	int3
  ef965f:	cc                   	int3

0000000000ef9660 <_ZN4core5alloc6layout6Layout5align17h89d3b60b105c598fE>:
    pub const fn align(&self) -> usize {
  ef9660:	50                   	push   %rax
  ef9661:	48 89 3c 24          	mov    %rdi,(%rsp)
        self.align.as_usize()
  ef9665:	48 8b 07             	mov    (%rdi),%rax
    }
  ef9668:	59                   	pop    %rcx
  ef9669:	c3                   	ret
  ef966a:	cc                   	int3
  ef966b:	cc                   	int3
  ef966c:	cc                   	int3
  ef966d:	cc                   	int3
  ef966e:	cc                   	int3
  ef966f:	cc                   	int3

0000000000ef9670 <_ZN4core5alloc6layout6Layout6repeat17hd7370627e14e1fadE>:
    pub const fn repeat(&self, n: usize) -> Result<(Self, usize), LayoutError> {
  ef9670:	48 81 ec a8 00 00 00 	sub    $0xa8,%rsp
  ef9677:	48 89 54 24 08       	mov    %rdx,0x8(%rsp)
  ef967c:	48 89 7c 24 10       	mov    %rdi,0x10(%rsp)
  ef9681:	48 89 7c 24 18       	mov    %rdi,0x18(%rsp)
  ef9686:	48 89 74 24 68       	mov    %rsi,0x68(%rsp)
  ef968b:	48 89 54 24 70       	mov    %rdx,0x70(%rsp)
        let new_size = self.size_rounded_up_to_custom_align(self.align);
  ef9690:	48 8b 0e             	mov    (%rsi),%rcx
  ef9693:	48 89 4c 24 20       	mov    %rcx,0x20(%rsp)
  ef9698:	48 89 4c 24 78       	mov    %rcx,0x78(%rsp)
  ef969d:	48 89 8c 24 80 00 00 	mov    %rcx,0x80(%rsp)
  ef96a4:	00 
            let align_m1 = unchecked_sub(align.as_usize(), 1);
  ef96a5:	48 83 e9 01          	sub    $0x1,%rcx
            let size_rounded_up = unchecked_add(self.size, align_m1) & !align_m1;
  ef96a9:	48 89 c8             	mov    %rcx,%rax
  ef96ac:	48 03 46 08          	add    0x8(%rsi),%rax
  ef96b0:	48 83 f1 ff          	xor    $0xffffffffffffffff,%rcx
  ef96b4:	48 21 c8             	and    %rcx,%rax
  ef96b7:	48 89 44 24 28       	mov    %rax,0x28(%rsp)
  ef96bc:	48 89 84 24 88 00 00 	mov    %rax,0x88(%rsp)
  ef96c3:	00 
  ef96c4:	48 8b 74 24 20       	mov    0x20(%rsp),%rsi
  ef96c9:	48 8b 7c 24 28       	mov    0x28(%rsp),%rdi
                precondition_check($($arg,)*);
  ef96ce:	e8 4d ff ff ff       	call   ef9620 <_ZN4core5alloc6layout6Layout25from_size_align_unchecked18precondition_check17h1e03015df73bfb70E>
  ef96d3:	48 8b 74 24 08       	mov    0x8(%rsp),%rsi
  ef96d8:	48 8b 44 24 20       	mov    0x20(%rsp),%rax
  ef96dd:	48 8b 4c 24 28       	mov    0x28(%rsp),%rcx
        unsafe { Layout { size, align: mem::transmute(align) } }
  ef96e2:	48 89 4c 24 38       	mov    %rcx,0x38(%rsp)
  ef96e7:	48 89 44 24 30       	mov    %rax,0x30(%rsp)
  ef96ec:	48 8d 7c 24 30       	lea    0x30(%rsp),%rdi
        if let Ok(repeated) = padded.repeat_packed(n) {
  ef96f1:	e8 0a fe ff ff       	call   ef9500 <_ZN4core5alloc6layout6Layout13repeat_packed17hebe5ad9bc2161713E>
  ef96f6:	48 89 44 24 40       	mov    %rax,0x40(%rsp)
  ef96fb:	48 89 54 24 48       	mov    %rdx,0x48(%rsp)
  ef9700:	31 c0                	xor    %eax,%eax
  ef9702:	b9 01 00 00 00       	mov    $0x1,%ecx
  ef9707:	48 83 7c 24 40 00    	cmpq   $0x0,0x40(%rsp)
  ef970d:	48 0f 44 c1          	cmove  %rcx,%rax
  ef9711:	48 a9 01 00 00 00    	test   $0x1,%rax
  ef9717:	74 0e                	je     ef9727 <_ZN4core5alloc6layout6Layout6repeat17hd7370627e14e1fadE+0xb7>
  ef9719:	48 8b 44 24 10       	mov    0x10(%rsp),%rax
            Err(LayoutError)
  ef971e:	48 c7 00 00 00 00 00 	movq   $0x0,(%rax)
        if let Ok(repeated) = padded.repeat_packed(n) {
  ef9725:	eb 5a                	jmp    ef9781 <_ZN4core5alloc6layout6Layout6repeat17hd7370627e14e1fadE+0x111>
  ef9727:	48 8b 44 24 10       	mov    0x10(%rsp),%rax
  ef972c:	48 8b 4c 24 28       	mov    0x28(%rsp),%rcx
  ef9731:	48 8b 74 24 40       	mov    0x40(%rsp),%rsi
  ef9736:	48 8b 54 24 48       	mov    0x48(%rsp),%rdx
  ef973b:	48 89 b4 24 90 00 00 	mov    %rsi,0x90(%rsp)
  ef9742:	00 
  ef9743:	48 89 94 24 98 00 00 	mov    %rdx,0x98(%rsp)
  ef974a:	00 
            Ok((repeated, padded.size()))
  ef974b:	48 8d 7c 24 30       	lea    0x30(%rsp),%rdi
  ef9750:	48 89 bc 24 a0 00 00 	mov    %rdi,0xa0(%rsp)
  ef9757:	00 
  ef9758:	48 89 74 24 50       	mov    %rsi,0x50(%rsp)
  ef975d:	48 89 54 24 58       	mov    %rdx,0x58(%rsp)
  ef9762:	48 89 4c 24 60       	mov    %rcx,0x60(%rsp)
  ef9767:	48 8b 4c 24 50       	mov    0x50(%rsp),%rcx
  ef976c:	48 89 08             	mov    %rcx,(%rax)
  ef976f:	48 8b 4c 24 58       	mov    0x58(%rsp),%rcx
  ef9774:	48 89 48 08          	mov    %rcx,0x8(%rax)
  ef9778:	48 8b 4c 24 60       	mov    0x60(%rsp),%rcx
  ef977d:	48 89 48 10          	mov    %rcx,0x10(%rax)
  ef9781:	48 8b 44 24 18       	mov    0x18(%rsp),%rax
    }
  ef9786:	48 81 c4 a8 00 00 00 	add    $0xa8,%rsp
  ef978d:	c3                   	ret
  ef978e:	cc                   	int3
  ef978f:	cc                   	int3

0000000000ef9790 <_ZN64_$LT$core..alloc..layout..Layout$u20$as$u20$core..fmt..Debug$GT$3fmt17h0b06d59f752b3d36E>:
#[derive(Copy, Clone, Debug, PartialEq, Eq, Hash)]
  ef9790:	48 83 ec 48          	sub    $0x48,%rsp
  ef9794:	48 89 74 24 28       	mov    %rsi,0x28(%rsp)
  ef9799:	48 89 f8             	mov    %rdi,%rax
  ef979c:	48 8b 7c 24 28       	mov    0x28(%rsp),%rdi
  ef97a1:	48 89 44 24 38       	mov    %rax,0x38(%rsp)
  ef97a6:	48 89 7c 24 40       	mov    %rdi,0x40(%rsp)
    size: usize,
  ef97ab:	49 89 c1             	mov    %rax,%r9
  ef97ae:	49 83 c1 08          	add    $0x8,%r9
    align: Alignment,
  ef97b2:	48 89 44 24 30       	mov    %rax,0x30(%rsp)
#[derive(Copy, Clone, Debug, PartialEq, Eq, Hash)]
  ef97b7:	48 89 e0             	mov    %rsp,%rax
  ef97ba:	48 8d 4c 24 30       	lea    0x30(%rsp),%rcx
  ef97bf:	48 89 48 18          	mov    %rcx,0x18(%rax)
  ef97c3:	48 c7 40 20 00 ee ee 	movq   $0xeeee00,0x20(%rax)
  ef97ca:	00 
  ef97cb:	48 c7 40 10 05 00 00 	movq   $0x5,0x10(%rax)
  ef97d2:	00 
  ef97d3:	48 c7 40 08 26 ee ee 	movq   $0xeeee26,0x8(%rax)
  ef97da:	00 
  ef97db:	48 c7 00 e0 ed ee 00 	movq   $0xeeede0,(%rax)
  ef97e2:	48 c7 c6 20 ee ee 00 	mov    $0xeeee20,%rsi
  ef97e9:	48 c7 c1 04 d4 d2 00 	mov    $0xd2d404,%rcx
  ef97f0:	ba 06 00 00 00       	mov    $0x6,%edx
  ef97f5:	41 b8 04 00 00 00    	mov    $0x4,%r8d
  ef97fb:	e8 d0 37 00 00       	call   efcfd0 <_ZN4core3fmt9Formatter26debug_struct_field2_finish17h9c4cd22640c56f49E>
  ef9800:	24 01                	and    $0x1,%al
  ef9802:	48 83 c4 48          	add    $0x48,%rsp
  ef9806:	c3                   	ret
  ef9807:	cc                   	int3
  ef9808:	cc                   	int3
  ef9809:	cc                   	int3
  ef980a:	cc                   	int3
  ef980b:	cc                   	int3
  ef980c:	cc                   	int3
  ef980d:	cc                   	int3
  ef980e:	cc                   	int3
  ef980f:	cc                   	int3

0000000000ef9810 <_ZN4core3fmt3num52_$LT$impl$u20$core..fmt..Debug$u20$for$u20$usize$GT$3fmt17h0c25fd587e412f8aE>:
    ($($T:ident)*) => {
        $(
            #[stable(feature = "rust1", since = "1.0.0")]
            impl fmt::Debug for $T {
                #[inline]
                fn fmt(&self, f: &mut fmt::Formatter<'_>) -> fmt::Result {
  ef9810:	48 83 ec 28          	sub    $0x28,%rsp
  ef9814:	48 89 34 24          	mov    %rsi,(%rsp)
  ef9818:	48 89 7c 24 08       	mov    %rdi,0x8(%rsp)
  ef981d:	48 89 7c 24 18       	mov    %rdi,0x18(%rsp)
  ef9822:	48 89 74 24 20       	mov    %rsi,0x20(%rsp)
        self.options.flags & flags::DEBUG_LOWER_HEX_FLAG != 0
  ef9827:	8b 46 10             	mov    0x10(%rsi),%eax
  ef982a:	25 00 00 00 02       	and    $0x2000000,%eax
                    if f.debug_lower_hex() {
  ef982f:	83 f8 00             	cmp    $0x0,%eax
  ef9832:	75 13                	jne    ef9847 <_ZN4core3fmt3num52_$LT$impl$u20$core..fmt..Debug$u20$for$u20$usize$GT$3fmt17h0c25fd587e412f8aE+0x37>
  ef9834:	48 8b 04 24          	mov    (%rsp),%rax
        self.options.flags & flags::DEBUG_UPPER_HEX_FLAG != 0
  ef9838:	8b 40 10             	mov    0x10(%rax),%eax
  ef983b:	25 00 00 00 04       	and    $0x4000000,%eax
                        fmt::LowerHex::fmt(self, f)
                    } else if f.debug_upper_hex() {
  ef9840:	83 f8 00             	cmp    $0x0,%eax
  ef9843:	74 18                	je     ef985d <_ZN4core3fmt3num52_$LT$impl$u20$core..fmt..Debug$u20$for$u20$usize$GT$3fmt17h0c25fd587e412f8aE+0x4d>
  ef9845:	eb 2c                	jmp    ef9873 <_ZN4core3fmt3num52_$LT$impl$u20$core..fmt..Debug$u20$for$u20$usize$GT$3fmt17h0c25fd587e412f8aE+0x63>
  ef9847:	48 8b 34 24          	mov    (%rsp),%rsi
  ef984b:	48 8b 7c 24 08       	mov    0x8(%rsp),%rdi
                        fmt::LowerHex::fmt(self, f)
  ef9850:	e8 4b 3f 00 00       	call   efd7a0 <_ZN4core3fmt3num53_$LT$impl$u20$core..fmt..LowerHex$u20$for$u20$i64$GT$3fmt17hc4e8c92e88bf1533E>
  ef9855:	24 01                	and    $0x1,%al
  ef9857:	88 44 24 17          	mov    %al,0x17(%rsp)
  ef985b:	eb 2c                	jmp    ef9889 <_ZN4core3fmt3num52_$LT$impl$u20$core..fmt..Debug$u20$for$u20$usize$GT$3fmt17h0c25fd587e412f8aE+0x79>
  ef985d:	48 8b 34 24          	mov    (%rsp),%rsi
  ef9861:	48 8b 7c 24 08       	mov    0x8(%rsp),%rdi
                        fmt::UpperHex::fmt(self, f)
                    } else {
                        fmt::Display::fmt(self, f)
  ef9866:	e8 55 42 00 00       	call   efdac0 <_ZN4core3fmt3num3imp52_$LT$impl$u20$core..fmt..Display$u20$for$u20$u64$GT$3fmt17he113aca8b970a373E>
  ef986b:	24 01                	and    $0x1,%al
  ef986d:	88 44 24 17          	mov    %al,0x17(%rsp)
  ef9871:	eb 14                	jmp    ef9887 <_ZN4core3fmt3num52_$LT$impl$u20$core..fmt..Debug$u20$for$u20$usize$GT$3fmt17h0c25fd587e412f8aE+0x77>
  ef9873:	48 8b 34 24          	mov    (%rsp),%rsi
  ef9877:	48 8b 7c 24 08       	mov    0x8(%rsp),%rdi
                        fmt::UpperHex::fmt(self, f)
  ef987c:	e8 9f 3f 00 00       	call   efd820 <_ZN4core3fmt3num53_$LT$impl$u20$core..fmt..UpperHex$u20$for$u20$i64$GT$3fmt17h9d2cb47374a8a007E>
  ef9881:	24 01                	and    $0x1,%al
  ef9883:	88 44 24 17          	mov    %al,0x17(%rsp)
                    if f.debug_lower_hex() {
  ef9887:	eb 00                	jmp    ef9889 <_ZN4core3fmt3num52_$LT$impl$u20$core..fmt..Debug$u20$for$u20$usize$GT$3fmt17h0c25fd587e412f8aE+0x79>
                    }
                }
  ef9889:	8a 44 24 17          	mov    0x17(%rsp),%al
  ef988d:	24 01                	and    $0x1,%al
  ef988f:	48 83 c4 28          	add    $0x28,%rsp
  ef9893:	c3                   	ret
  ef9894:	cc                   	int3
  ef9895:	cc                   	int3
  ef9896:	cc                   	int3
  ef9897:	cc                   	int3
  ef9898:	cc                   	int3
  ef9899:	cc                   	int3
  ef989a:	cc                   	int3
  ef989b:	cc                   	int3
  ef989c:	cc                   	int3
  ef989d:	cc                   	int3
  ef989e:	cc                   	int3
  ef989f:	cc                   	int3

0000000000ef98a0 <_ZN42_$LT$$RF$T$u20$as$u20$core..fmt..Debug$GT$3fmt17h78bb60ea997039d3E>:
            fn fmt(&self, f: &mut Formatter<'_>) -> Result { $tr::fmt(&**self, f) }
  ef98a0:	48 83 ec 18          	sub    $0x18,%rsp
  ef98a4:	48 89 7c 24 08       	mov    %rdi,0x8(%rsp)
  ef98a9:	48 89 74 24 10       	mov    %rsi,0x10(%rsp)
  ef98ae:	48 8b 3f             	mov    (%rdi),%rdi
  ef98b1:	e8 4a 25 00 00       	call   efbe00 <_ZN68_$LT$core..ptr..alignment..Alignment$u20$as$u20$core..fmt..Debug$GT$3fmt17heb8cc7d4cef126a2E>
  ef98b6:	24 01                	and    $0x1,%al
  ef98b8:	48 83 c4 18          	add    $0x18,%rsp
  ef98bc:	c3                   	ret
  ef98bd:	cc                   	int3
  ef98be:	cc                   	int3
  ef98bf:	cc                   	int3

0000000000ef98c0 <_ZN10common_std6memory13VirtualMemory13start_address17h2b6b7e858ad4fedfE>:
    pub fn start_address(&self) -> RcResult<usize> {
  ef98c0:	48 83 ec 38          	sub    $0x38,%rsp
  ef98c4:	48 89 7c 24 20       	mov    %rdi,0x20(%rsp)
        let index = $index as isize;
  ef98c9:	48 c7 44 24 28 03 00 	movq   $0x3,0x28(%rsp)
  ef98d0:	00 00 
        syscall!(3, self.0)
  ef98d2:	8b 3f                	mov    (%rdi),%edi
  ef98d4:	b8 03 00 00 00       	mov    $0x3,%eax
            core::arch::asm!(
  ef98d9:	0f 05                	syscall
  ef98db:	48 89 44 24 18       	mov    %rax,0x18(%rsp)
        let ret = ret as isize;
  ef98e0:	48 8b 44 24 18       	mov    0x18(%rsp),%rax
  ef98e5:	48 89 04 24          	mov    %rax,(%rsp)
  ef98e9:	48 89 44 24 30       	mov    %rax,0x30(%rsp)
        if ret >= 0 {
  ef98ee:	48 83 f8 00          	cmp    $0x0,%rax
  ef98f2:	7d 14                	jge    ef9908 <_ZN10common_std6memory13VirtualMemory13start_address17h2b6b7e858ad4fedfE+0x48>
  ef98f4:	48 8b 04 24          	mov    (%rsp),%rax
            Err(unsafe { core::mem::transmute::<_, $crate::error::RcError>(ret) })
  ef98f8:	48 89 44 24 10       	mov    %rax,0x10(%rsp)
  ef98fd:	48 c7 44 24 08 01 00 	movq   $0x1,0x8(%rsp)
  ef9904:	00 00 
        if ret >= 0 {
  ef9906:	eb 12                	jmp    ef991a <_ZN10common_std6memory13VirtualMemory13start_address17h2b6b7e858ad4fedfE+0x5a>
  ef9908:	48 8b 04 24          	mov    (%rsp),%rax
            Ok(ret as usize)
  ef990c:	48 89 44 24 10       	mov    %rax,0x10(%rsp)
  ef9911:	48 c7 44 24 08 00 00 	movq   $0x0,0x8(%rsp)
  ef9918:	00 00 
    }
  ef991a:	48 8b 44 24 08       	mov    0x8(%rsp),%rax
  ef991f:	48 8b 54 24 10       	mov    0x10(%rsp),%rdx
  ef9924:	48 83 c4 38          	add    $0x38,%rsp
  ef9928:	c3                   	ret
  ef9929:	cc                   	int3
  ef992a:	cc                   	int3
  ef992b:	cc                   	int3
  ef992c:	cc                   	int3
  ef992d:	cc                   	int3
  ef992e:	cc                   	int3
  ef992f:	cc                   	int3

0000000000ef9930 <_ZN10common_std6memory13VirtualMemory12create_child17hbc1ecc544d612108E>:
    pub fn create_child(&self, start_page: usize, page_count: usize) -> RcResult<Self> {
  ef9930:	48 81 ec 98 00 00 00 	sub    $0x98,%rsp
  ef9937:	48 89 4c 24 08       	mov    %rcx,0x8(%rsp)
  ef993c:	48 89 d0             	mov    %rdx,%rax
  ef993f:	48 8b 54 24 08       	mov    0x8(%rsp),%rdx
  ef9944:	48 89 44 24 10       	mov    %rax,0x10(%rsp)
  ef9949:	48 89 f0             	mov    %rsi,%rax
  ef994c:	48 8b 74 24 10       	mov    0x10(%rsp),%rsi
  ef9951:	48 89 7c 24 18       	mov    %rdi,0x18(%rsp)
  ef9956:	48 89 7c 24 20       	mov    %rdi,0x20(%rsp)
  ef995b:	48 89 44 24 60       	mov    %rax,0x60(%rsp)
  ef9960:	48 89 74 24 68       	mov    %rsi,0x68(%rsp)
  ef9965:	48 89 54 24 70       	mov    %rdx,0x70(%rsp)
        let index = $index as isize;
  ef996a:	48 c7 44 24 78 08 00 	movq   $0x8,0x78(%rsp)
  ef9971:	00 00 
        let mut child_handle = 0u32;
  ef9973:	c7 44 24 34 00 00 00 	movl   $0x0,0x34(%rsp)
  ef997a:	00 
        syscall!(8, self.0, start_page, page_count, &raw mut child_handle)?;
  ef997b:	8b 38                	mov    (%rax),%edi
  ef997d:	4c 8d 54 24 34       	lea    0x34(%rsp),%r10
  ef9982:	b8 08 00 00 00       	mov    $0x8,%eax
            core::arch::asm!(
  ef9987:	0f 05                	syscall
  ef9989:	48 89 44 24 58       	mov    %rax,0x58(%rsp)
        let ret = ret as isize;
  ef998e:	48 8b 44 24 58       	mov    0x58(%rsp),%rax
  ef9993:	48 89 44 24 28       	mov    %rax,0x28(%rsp)
  ef9998:	48 89 84 24 80 00 00 	mov    %rax,0x80(%rsp)
  ef999f:	00 
        if ret >= 0 {
  ef99a0:	48 83 f8 00          	cmp    $0x0,%rax
  ef99a4:	7d 15                	jge    ef99bb <_ZN10common_std6memory13VirtualMemory12create_child17hbc1ecc544d612108E+0x8b>
  ef99a6:	48 8b 44 24 28       	mov    0x28(%rsp),%rax
            Err(unsafe { core::mem::transmute::<_, $crate::error::RcError>(ret) })
  ef99ab:	48 89 44 24 50       	mov    %rax,0x50(%rsp)
  ef99b0:	48 c7 44 24 48 01 00 	movq   $0x1,0x48(%rsp)
  ef99b7:	00 00 
        if ret >= 0 {
  ef99b9:	eb 13                	jmp    ef99ce <_ZN10common_std6memory13VirtualMemory12create_child17hbc1ecc544d612108E+0x9e>
  ef99bb:	48 8b 44 24 28       	mov    0x28(%rsp),%rax
            Ok(ret as usize)
  ef99c0:	48 89 44 24 50       	mov    %rax,0x50(%rsp)
  ef99c5:	48 c7 44 24 48 00 00 	movq   $0x0,0x48(%rsp)
  ef99cc:	00 00 
  ef99ce:	48 8b 7c 24 48       	mov    0x48(%rsp),%rdi
  ef99d3:	48 8b 74 24 50       	mov    0x50(%rsp),%rsi
  ef99d8:	e8 c3 b2 ff ff       	call   ef4ca0 <_ZN79_$LT$core..result..Result$LT$T$C$E$GT$$u20$as$u20$core..ops..try_trait..Try$GT$6branch17h3991049274dcbbeaE>
  ef99dd:	48 89 44 24 38       	mov    %rax,0x38(%rsp)
  ef99e2:	48 89 54 24 40       	mov    %rdx,0x40(%rsp)
  ef99e7:	48 f7 44 24 38 01 00 	testq  $0x1,0x38(%rsp)
  ef99ee:	00 00 
  ef99f0:	74 20                	je     ef9a12 <_ZN10common_std6memory13VirtualMemory12create_child17hbc1ecc544d612108E+0xe2>
  ef99f2:	48 8b 7c 24 18       	mov    0x18(%rsp),%rdi
  ef99f7:	48 8b 74 24 40       	mov    0x40(%rsp),%rsi
  ef99fc:	48 89 b4 24 90 00 00 	mov    %rsi,0x90(%rsp)
  ef9a03:	00 
  ef9a04:	48 c7 c2 48 ee ee 00 	mov    $0xeeee48,%rdx
  ef9a0b:	e8 90 b0 ff ff       	call   ef4aa0 <_ZN153_$LT$core..result..Result$LT$T$C$F$GT$$u20$as$u20$core..ops..try_trait..FromResidual$LT$core..result..Result$LT$core..convert..Infallible$C$E$GT$$GT$$GT$13from_residual17h449dec76c268b112E>
  ef9a10:	eb 1f                	jmp    ef9a31 <_ZN10common_std6memory13VirtualMemory12create_child17hbc1ecc544d612108E+0x101>
  ef9a12:	48 8b 44 24 18       	mov    0x18(%rsp),%rax
  ef9a17:	48 8b 4c 24 40       	mov    0x40(%rsp),%rcx
  ef9a1c:	48 89 8c 24 88 00 00 	mov    %rcx,0x88(%rsp)
  ef9a23:	00 
        Ok(Self(child_handle))
  ef9a24:	8b 4c 24 34          	mov    0x34(%rsp),%ecx
  ef9a28:	89 48 04             	mov    %ecx,0x4(%rax)
  ef9a2b:	c7 00 00 00 00 00    	movl   $0x0,(%rax)
  ef9a31:	48 8b 44 24 20       	mov    0x20(%rsp),%rax
    }
  ef9a36:	48 81 c4 98 00 00 00 	add    $0x98,%rsp
  ef9a3d:	c3                   	ret
  ef9a3e:	cc                   	int3
  ef9a3f:	cc                   	int3

0000000000ef9a40 <_ZN10common_std6memory13VirtualMemory19root_virtual_memory17heaf3fcea7b327210E>:
    pub fn root_virtual_memory() -> RcResult<Self> {
  ef9a40:	48 83 ec 68          	sub    $0x68,%rsp
  ef9a44:	48 89 3c 24          	mov    %rdi,(%rsp)
  ef9a48:	48 89 7c 24 08       	mov    %rdi,0x8(%rsp)
        let index = $index as isize;
  ef9a4d:	48 c7 44 24 48 09 00 	movq   $0x9,0x48(%rsp)
  ef9a54:	00 00 
        let mut handle = 0u32;
  ef9a56:	c7 44 24 1c 00 00 00 	movl   $0x0,0x1c(%rsp)
  ef9a5d:	00 
  ef9a5e:	48 8d 7c 24 1c       	lea    0x1c(%rsp),%rdi
  ef9a63:	b8 09 00 00 00       	mov    $0x9,%eax
            core::arch::asm!(
  ef9a68:	0f 05                	syscall
  ef9a6a:	48 89 44 24 40       	mov    %rax,0x40(%rsp)
        let ret = ret as isize;
  ef9a6f:	48 8b 44 24 40       	mov    0x40(%rsp),%rax
  ef9a74:	48 89 44 24 10       	mov    %rax,0x10(%rsp)
  ef9a79:	48 89 44 24 50       	mov    %rax,0x50(%rsp)
        if ret >= 0 {
  ef9a7e:	48 83 f8 00          	cmp    $0x0,%rax
  ef9a82:	7d 15                	jge    ef9a99 <_ZN10common_std6memory13VirtualMemory19root_virtual_memory17heaf3fcea7b327210E+0x59>
  ef9a84:	48 8b 44 24 10       	mov    0x10(%rsp),%rax
            Err(unsafe { core::mem::transmute::<_, $crate::error::RcError>(ret) })
  ef9a89:	48 89 44 24 38       	mov    %rax,0x38(%rsp)
  ef9a8e:	48 c7 44 24 30 01 00 	movq   $0x1,0x30(%rsp)
  ef9a95:	00 00 
        if ret >= 0 {
  ef9a97:	eb 13                	jmp    ef9aac <_ZN10common_std6memory13VirtualMemory19root_virtual_memory17heaf3fcea7b327210E+0x6c>
  ef9a99:	48 8b 44 24 10       	mov    0x10(%rsp),%rax
            Ok(ret as usize)
  ef9a9e:	48 89 44 24 38       	mov    %rax,0x38(%rsp)
  ef9aa3:	48 c7 44 24 30 00 00 	movq   $0x0,0x30(%rsp)
  ef9aaa:	00 00 
        syscall!(9, &raw mut handle)?;
  ef9aac:	48 8b 7c 24 30       	mov    0x30(%rsp),%rdi
  ef9ab1:	48 8b 74 24 38       	mov    0x38(%rsp),%rsi
  ef9ab6:	e8 e5 b1 ff ff       	call   ef4ca0 <_ZN79_$LT$core..result..Result$LT$T$C$E$GT$$u20$as$u20$core..ops..try_trait..Try$GT$6branch17h3991049274dcbbeaE>
  ef9abb:	48 89 44 24 20       	mov    %rax,0x20(%rsp)
  ef9ac0:	48 89 54 24 28       	mov    %rdx,0x28(%rsp)
  ef9ac5:	48 f7 44 24 20 01 00 	testq  $0x1,0x20(%rsp)
  ef9acc:	00 00 
  ef9ace:	74 1c                	je     ef9aec <_ZN10common_std6memory13VirtualMemory19root_virtual_memory17heaf3fcea7b327210E+0xac>
  ef9ad0:	48 8b 3c 24          	mov    (%rsp),%rdi
  ef9ad4:	48 8b 74 24 28       	mov    0x28(%rsp),%rsi
  ef9ad9:	48 89 74 24 60       	mov    %rsi,0x60(%rsp)
  ef9ade:	48 c7 c2 60 ee ee 00 	mov    $0xeeee60,%rdx
  ef9ae5:	e8 b6 af ff ff       	call   ef4aa0 <_ZN153_$LT$core..result..Result$LT$T$C$F$GT$$u20$as$u20$core..ops..try_trait..FromResidual$LT$core..result..Result$LT$core..convert..Infallible$C$E$GT$$GT$$GT$13from_residual17h449dec76c268b112E>
  ef9aea:	eb 1b                	jmp    ef9b07 <_ZN10common_std6memory13VirtualMemory19root_virtual_memory17heaf3fcea7b327210E+0xc7>
  ef9aec:	48 8b 04 24          	mov    (%rsp),%rax
  ef9af0:	48 8b 4c 24 28       	mov    0x28(%rsp),%rcx
  ef9af5:	48 89 4c 24 58       	mov    %rcx,0x58(%rsp)
        Ok(Self(handle))
  ef9afa:	8b 4c 24 1c          	mov    0x1c(%rsp),%ecx
  ef9afe:	89 48 04             	mov    %ecx,0x4(%rax)
  ef9b01:	c7 00 00 00 00 00    	movl   $0x0,(%rax)
  ef9b07:	48 8b 44 24 08       	mov    0x8(%rsp),%rax
    }
  ef9b0c:	48 83 c4 68          	add    $0x68,%rsp
  ef9b10:	c3                   	ret
  ef9b11:	cc                   	int3
  ef9b12:	cc                   	int3
  ef9b13:	cc                   	int3
  ef9b14:	cc                   	int3
  ef9b15:	cc                   	int3
  ef9b16:	cc                   	int3
  ef9b17:	cc                   	int3
  ef9b18:	cc                   	int3
  ef9b19:	cc                   	int3
  ef9b1a:	cc                   	int3
  ef9b1b:	cc                   	int3
  ef9b1c:	cc                   	int3
  ef9b1d:	cc                   	int3
  ef9b1e:	cc                   	int3
  ef9b1f:	cc                   	int3

0000000000ef9b20 <_ZN10common_std6memory14PhysicalMemory6create17hc67849b0accdb33aE>:
    pub fn create(count: usize) -> RcResult<Self> {
  ef9b20:	48 83 ec 78          	sub    $0x78,%rsp
  ef9b24:	48 89 34 24          	mov    %rsi,(%rsp)
  ef9b28:	48 89 f8             	mov    %rdi,%rax
  ef9b2b:	48 8b 3c 24          	mov    (%rsp),%rdi
  ef9b2f:	48 89 44 24 08       	mov    %rax,0x8(%rsp)
  ef9b34:	48 89 44 24 10       	mov    %rax,0x10(%rsp)
  ef9b39:	48 89 7c 24 50       	mov    %rdi,0x50(%rsp)
        let index = $index as isize;
  ef9b3e:	48 c7 44 24 58 04 00 	movq   $0x4,0x58(%rsp)
  ef9b45:	00 00 
        let mut handle = 0u32;
  ef9b47:	c7 44 24 24 00 00 00 	movl   $0x0,0x24(%rsp)
  ef9b4e:	00 
  ef9b4f:	48 8d 74 24 24       	lea    0x24(%rsp),%rsi
  ef9b54:	b8 04 00 00 00       	mov    $0x4,%eax
            core::arch::asm!(
  ef9b59:	0f 05                	syscall
  ef9b5b:	48 89 44 24 48       	mov    %rax,0x48(%rsp)
        let ret = ret as isize;
  ef9b60:	48 8b 44 24 48       	mov    0x48(%rsp),%rax
  ef9b65:	48 89 44 24 18       	mov    %rax,0x18(%rsp)
  ef9b6a:	48 89 44 24 60       	mov    %rax,0x60(%rsp)
        if ret >= 0 {
  ef9b6f:	48 83 f8 00          	cmp    $0x0,%rax
  ef9b73:	7d 15                	jge    ef9b8a <_ZN10common_std6memory14PhysicalMemory6create17hc67849b0accdb33aE+0x6a>
  ef9b75:	48 8b 44 24 18       	mov    0x18(%rsp),%rax
            Err(unsafe { core::mem::transmute::<_, $crate::error::RcError>(ret) })
  ef9b7a:	48 89 44 24 40       	mov    %rax,0x40(%rsp)
  ef9b7f:	48 c7 44 24 38 01 00 	movq   $0x1,0x38(%rsp)
  ef9b86:	00 00 
        if ret >= 0 {
  ef9b88:	eb 13                	jmp    ef9b9d <_ZN10common_std6memory14PhysicalMemory6create17hc67849b0accdb33aE+0x7d>
  ef9b8a:	48 8b 44 24 18       	mov    0x18(%rsp),%rax
            Ok(ret as usize)
  ef9b8f:	48 89 44 24 40       	mov    %rax,0x40(%rsp)
  ef9b94:	48 c7 44 24 38 00 00 	movq   $0x0,0x38(%rsp)
  ef9b9b:	00 00 
        syscall!(4, count, &raw mut handle)?;
  ef9b9d:	48 8b 7c 24 38       	mov    0x38(%rsp),%rdi
  ef9ba2:	48 8b 74 24 40       	mov    0x40(%rsp),%rsi
  ef9ba7:	e8 f4 b0 ff ff       	call   ef4ca0 <_ZN79_$LT$core..result..Result$LT$T$C$E$GT$$u20$as$u20$core..ops..try_trait..Try$GT$6branch17h3991049274dcbbeaE>
  ef9bac:	48 89 44 24 28       	mov    %rax,0x28(%rsp)
  ef9bb1:	48 89 54 24 30       	mov    %rdx,0x30(%rsp)
  ef9bb6:	48 f7 44 24 28 01 00 	testq  $0x1,0x28(%rsp)
  ef9bbd:	00 00 
  ef9bbf:	74 1d                	je     ef9bde <_ZN10common_std6memory14PhysicalMemory6create17hc67849b0accdb33aE+0xbe>
  ef9bc1:	48 8b 7c 24 08       	mov    0x8(%rsp),%rdi
  ef9bc6:	48 8b 74 24 30       	mov    0x30(%rsp),%rsi
  ef9bcb:	48 89 74 24 70       	mov    %rsi,0x70(%rsp)
  ef9bd0:	48 c7 c2 78 ee ee 00 	mov    $0xeeee78,%rdx
  ef9bd7:	e8 24 af ff ff       	call   ef4b00 <_ZN153_$LT$core..result..Result$LT$T$C$F$GT$$u20$as$u20$core..ops..try_trait..FromResidual$LT$core..result..Result$LT$core..convert..Infallible$C$E$GT$$GT$$GT$13from_residual17hb6d66ea4067d2131E>
  ef9bdc:	eb 1c                	jmp    ef9bfa <_ZN10common_std6memory14PhysicalMemory6create17hc67849b0accdb33aE+0xda>
  ef9bde:	48 8b 44 24 08       	mov    0x8(%rsp),%rax
  ef9be3:	48 8b 4c 24 30       	mov    0x30(%rsp),%rcx
  ef9be8:	48 89 4c 24 68       	mov    %rcx,0x68(%rsp)
        Ok(Self(handle))
  ef9bed:	8b 4c 24 24          	mov    0x24(%rsp),%ecx
  ef9bf1:	89 48 04             	mov    %ecx,0x4(%rax)
  ef9bf4:	c7 00 00 00 00 00    	movl   $0x0,(%rax)
  ef9bfa:	48 8b 44 24 10       	mov    0x10(%rsp),%rax
    }
  ef9bff:	48 83 c4 78          	add    $0x78,%rsp
  ef9c03:	c3                   	ret
  ef9c04:	cc                   	int3
  ef9c05:	cc                   	int3
  ef9c06:	cc                   	int3
  ef9c07:	cc                   	int3
  ef9c08:	cc                   	int3
  ef9c09:	cc                   	int3
  ef9c0a:	cc                   	int3
  ef9c0b:	cc                   	int3
  ef9c0c:	cc                   	int3
  ef9c0d:	cc                   	int3
  ef9c0e:	cc                   	int3
  ef9c0f:	cc                   	int3

0000000000ef9c10 <_ZN10common_std6memory13VirtualMemory3map17h459a92c2a6837923E>:
    pub fn map(&self, pm: PhysicalMemory, flags: MMUFlags) -> RcResult<()> {
  ef9c10:	48 83 ec 58          	sub    $0x58,%rsp
  ef9c14:	89 74 24 0c          	mov    %esi,0xc(%rsp)
  ef9c18:	48 89 54 24 18       	mov    %rdx,0x18(%rsp)
  ef9c1d:	48 89 7c 24 38       	mov    %rdi,0x38(%rsp)
  ef9c22:	89 74 24 44          	mov    %esi,0x44(%rsp)
        let index = $index as isize;
  ef9c26:	48 c7 44 24 48 06 00 	movq   $0x6,0x48(%rsp)
  ef9c2d:	00 00 
        syscall!(6, self.0, pm.0, flags.bits()).map(|_| {})
  ef9c2f:	8b 07                	mov    (%rdi),%eax
  ef9c31:	89 44 24 08          	mov    %eax,0x8(%rsp)
  ef9c35:	48 8d 7c 24 18       	lea    0x18(%rsp),%rdi
  ef9c3a:	e8 e1 00 00 00       	call   ef9d20 <_ZN10common_std6memory1_46_$LT$impl$u20$common_std..memory..MMUFlags$GT$4bits17hb7a0977d916968beE>
  ef9c3f:	8b 7c 24 08          	mov    0x8(%rsp),%edi
  ef9c43:	8b 74 24 0c          	mov    0xc(%rsp),%esi
  ef9c47:	48 89 c2             	mov    %rax,%rdx
  ef9c4a:	b8 06 00 00 00       	mov    $0x6,%eax
            core::arch::asm!(
  ef9c4f:	0f 05                	syscall
  ef9c51:	48 89 44 24 30       	mov    %rax,0x30(%rsp)
        let ret = ret as isize;
  ef9c56:	48 8b 44 24 30       	mov    0x30(%rsp),%rax
  ef9c5b:	48 89 44 24 10       	mov    %rax,0x10(%rsp)
  ef9c60:	48 89 44 24 50       	mov    %rax,0x50(%rsp)
        if ret >= 0 {
  ef9c65:	48 83 f8 00          	cmp    $0x0,%rax
  ef9c69:	7d 15                	jge    ef9c80 <_ZN10common_std6memory13VirtualMemory3map17h459a92c2a6837923E+0x70>
  ef9c6b:	48 8b 44 24 10       	mov    0x10(%rsp),%rax
            Err(unsafe { core::mem::transmute::<_, $crate::error::RcError>(ret) })
  ef9c70:	48 89 44 24 28       	mov    %rax,0x28(%rsp)
  ef9c75:	48 c7 44 24 20 01 00 	movq   $0x1,0x20(%rsp)
  ef9c7c:	00 00 
        if ret >= 0 {
  ef9c7e:	eb 13                	jmp    ef9c93 <_ZN10common_std6memory13VirtualMemory3map17h459a92c2a6837923E+0x83>
  ef9c80:	48 8b 44 24 10       	mov    0x10(%rsp),%rax
            Ok(ret as usize)
  ef9c85:	48 89 44 24 28       	mov    %rax,0x28(%rsp)
  ef9c8a:	48 c7 44 24 20 00 00 	movq   $0x0,0x20(%rsp)
  ef9c91:	00 00 
  ef9c93:	48 8b 7c 24 20       	mov    0x20(%rsp),%rdi
  ef9c98:	48 8b 74 24 28       	mov    0x28(%rsp),%rsi
  ef9c9d:	e8 be ae ff ff       	call   ef4b60 <_ZN4core6result19Result$LT$T$C$E$GT$3map17h3b56e40d65fd7d49E>
    }
  ef9ca2:	48 83 c4 58          	add    $0x58,%rsp
  ef9ca6:	c3                   	ret
  ef9ca7:	cc                   	int3
  ef9ca8:	cc                   	int3
  ef9ca9:	cc                   	int3
  ef9caa:	cc                   	int3
  ef9cab:	cc                   	int3
  ef9cac:	cc                   	int3
  ef9cad:	cc                   	int3
  ef9cae:	cc                   	int3
  ef9caf:	cc                   	int3

0000000000ef9cb0 <_ZN10common_std6memory1_16InternalBitFlags4bits17h0c0ce9ee12e6b7adE>:

            /// Get the underlying bits value.
            ///
            /// The returned value is exactly the bits set in this flags value.
            #[inline]
            pub const fn bits(&self) -> $T {
  ef9cb0:	50                   	push   %rax
  ef9cb1:	48 89 3c 24          	mov    %rdi,(%rsp)
bitflags::bitflags! {
  ef9cb5:	48 8b 07             	mov    (%rdi),%rax
                let $bits0 = self;
                $bits
            }
  ef9cb8:	59                   	pop    %rcx
  ef9cb9:	c3                   	ret
  ef9cba:	cc                   	int3
  ef9cbb:	cc                   	int3
  ef9cbc:	cc                   	int3
  ef9cbd:	cc                   	int3
  ef9cbe:	cc                   	int3
  ef9cbf:	cc                   	int3

0000000000ef9cc0 <_ZN10common_std6memory1_16InternalBitFlags16from_bits_retain17h5db7ff32496fcd03E>:
                $from_bits_truncate
            }

            /// Convert from a bits value exactly.
            #[inline]
            pub const fn from_bits_retain(bits: $T) -> Self {
  ef9cc0:	50                   	push   %rax
  ef9cc1:	48 89 f8             	mov    %rdi,%rax
  ef9cc4:	48 89 04 24          	mov    %rax,(%rsp)
                let $from_bits_retain0 = bits;
                $from_bits_retain
            }
  ef9cc8:	59                   	pop    %rcx
  ef9cc9:	c3                   	ret
  ef9cca:	cc                   	int3
  ef9ccb:	cc                   	int3
  ef9ccc:	cc                   	int3
  ef9ccd:	cc                   	int3
  ef9cce:	cc                   	int3
  ef9ccf:	cc                   	int3

0000000000ef9cd0 <_ZN10common_std6memory1_16InternalBitFlags5union17h0657f302ad401a28E>:
            }

            /// The bitwise or (`|`) of the bits in two flags values.
            #[inline]
            #[must_use]
            pub const fn union(self, other: Self) -> Self {
  ef9cd0:	48 83 ec 28          	sub    $0x28,%rsp
  ef9cd4:	48 89 7c 24 18       	mov    %rdi,0x18(%rsp)
  ef9cd9:	48 89 74 24 20       	mov    %rsi,0x20(%rsp)
                let $union0 = self;
  ef9cde:	48 89 7c 24 08       	mov    %rdi,0x8(%rsp)
                let $union1 = other;
  ef9ce3:	48 89 74 24 10       	mov    %rsi,0x10(%rsp)
  ef9ce8:	48 8d 7c 24 08       	lea    0x8(%rsp),%rdi
  ef9ced:	e8 be ff ff ff       	call   ef9cb0 <_ZN10common_std6memory1_16InternalBitFlags4bits17h0c0ce9ee12e6b7adE>
  ef9cf2:	48 89 04 24          	mov    %rax,(%rsp)
  ef9cf6:	48 8d 7c 24 10       	lea    0x10(%rsp),%rdi
  ef9cfb:	e8 b0 ff ff ff       	call   ef9cb0 <_ZN10common_std6memory1_16InternalBitFlags4bits17h0c0ce9ee12e6b7adE>
  ef9d00:	48 8b 3c 24          	mov    (%rsp),%rdi
  ef9d04:	48 09 c7             	or     %rax,%rdi
  ef9d07:	e8 b4 ff ff ff       	call   ef9cc0 <_ZN10common_std6memory1_16InternalBitFlags16from_bits_retain17h5db7ff32496fcd03E>
                $union
            }
  ef9d0c:	48 83 c4 28          	add    $0x28,%rsp
  ef9d10:	c3                   	ret
  ef9d11:	cc                   	int3
  ef9d12:	cc                   	int3
  ef9d13:	cc                   	int3
  ef9d14:	cc                   	int3
  ef9d15:	cc                   	int3
  ef9d16:	cc                   	int3
  ef9d17:	cc                   	int3
  ef9d18:	cc                   	int3
  ef9d19:	cc                   	int3
  ef9d1a:	cc                   	int3
  ef9d1b:	cc                   	int3
  ef9d1c:	cc                   	int3
  ef9d1d:	cc                   	int3
  ef9d1e:	cc                   	int3
  ef9d1f:	cc                   	int3

0000000000ef9d20 <_ZN10common_std6memory1_46_$LT$impl$u20$common_std..memory..MMUFlags$GT$4bits17hb7a0977d916968beE>:
            pub const fn bits(&self) -> $T {
  ef9d20:	50                   	push   %rax
  ef9d21:	48 89 3c 24          	mov    %rdi,(%rsp)
  ef9d25:	e8 86 ff ff ff       	call   ef9cb0 <_ZN10common_std6memory1_16InternalBitFlags4bits17h0c0ce9ee12e6b7adE>
            }
  ef9d2a:	59                   	pop    %rcx
  ef9d2b:	c3                   	ret
  ef9d2c:	cc                   	int3
  ef9d2d:	cc                   	int3
  ef9d2e:	cc                   	int3
  ef9d2f:	cc                   	int3

0000000000ef9d30 <_ZN10common_std6memory1_46_$LT$impl$u20$common_std..memory..MMUFlags$GT$5union17hcd67f71f40adcd2aE>:
            pub const fn union(self, other: Self) -> Self {
  ef9d30:	48 83 ec 18          	sub    $0x18,%rsp
  ef9d34:	48 89 7c 24 08       	mov    %rdi,0x8(%rsp)
  ef9d39:	48 89 74 24 10       	mov    %rsi,0x10(%rsp)
  ef9d3e:	e8 8d ff ff ff       	call   ef9cd0 <_ZN10common_std6memory1_16InternalBitFlags5union17h0657f302ad401a28E>
            }
  ef9d43:	48 83 c4 18          	add    $0x18,%rsp
  ef9d47:	c3                   	ret
  ef9d48:	cc                   	int3
  ef9d49:	cc                   	int3
  ef9d4a:	cc                   	int3
  ef9d4b:	cc                   	int3
  ef9d4c:	cc                   	int3
  ef9d4d:	cc                   	int3
  ef9d4e:	cc                   	int3
  ef9d4f:	cc                   	int3

0000000000ef9d50 <_ZN10common_std6memory1_80_$LT$impl$u20$core..ops..bit..BitOr$u20$for$u20$common_std..memory..MMUFlags$GT$5bitor17h7c463ecf3454e0b5E>:
        impl $crate::__private::core::ops::BitOr for $PublicBitFlags {
            type Output = Self;

            /// The bitwise or (`|`) of the bits in two flags values.
            #[inline]
            fn bitor(self, other: $PublicBitFlags) -> Self {
  ef9d50:	48 83 ec 18          	sub    $0x18,%rsp
  ef9d54:	48 89 7c 24 08       	mov    %rdi,0x8(%rsp)
  ef9d59:	48 89 74 24 10       	mov    %rsi,0x10(%rsp)
                self.union(other)
  ef9d5e:	e8 cd ff ff ff       	call   ef9d30 <_ZN10common_std6memory1_46_$LT$impl$u20$common_std..memory..MMUFlags$GT$5union17hcd67f71f40adcd2aE>
            }
  ef9d63:	48 83 c4 18          	add    $0x18,%rsp
  ef9d67:	c3                   	ret
  ef9d68:	cc                   	int3
  ef9d69:	cc                   	int3
  ef9d6a:	cc                   	int3
  ef9d6b:	cc                   	int3
  ef9d6c:	cc                   	int3
  ef9d6d:	cc                   	int3
  ef9d6e:	cc                   	int3
  ef9d6f:	cc                   	int3

0000000000ef9d70 <_ZN4core3cmp5impls50_$LT$impl$u20$core..cmp..Ord$u20$for$u20$usize$GT$3cmp17hc0de9a4060fe3879E>:
            }

            #[stable(feature = "rust1", since = "1.0.0")]
            impl Ord for $t {
                #[inline]
                fn cmp(&self, other: &Self) -> Ordering {
  ef9d70:	48 83 ec 10          	sub    $0x10,%rsp
  ef9d74:	48 89 3c 24          	mov    %rdi,(%rsp)
  ef9d78:	48 89 74 24 08       	mov    %rsi,0x8(%rsp)
                    crate::intrinsics::three_way_compare(*self, *other)
  ef9d7d:	48 8b 07             	mov    (%rdi),%rax
  ef9d80:	48 8b 0e             	mov    (%rsi),%rcx
  ef9d83:	48 29 c8             	sub    %rcx,%rax
  ef9d86:	0f 97 c0             	seta   %al
  ef9d89:	1c 00                	sbb    $0x0,%al
                }
  ef9d8b:	48 83 c4 10          	add    $0x10,%rsp
  ef9d8f:	c3                   	ret

0000000000ef9d90 <_ZN5alloc5alloc12alloc_zeroed17heda441814ee1a6d9E>:
pub unsafe fn alloc_zeroed(layout: Layout) -> *mut u8 {
  ef9d90:	48 83 ec 38          	sub    $0x38,%rsp
  ef9d94:	48 89 7c 24 08       	mov    %rdi,0x8(%rsp)
  ef9d99:	48 89 74 24 10       	mov    %rsi,0x10(%rsp)
pub unsafe fn read_volatile<T>(src: *const T) -> T {
  ef9d9e:	48 c7 44 24 18 c0 ff 	movq   $0xefffc0,0x18(%rsp)
  ef9da5:	ef 00 
  ef9da7:	48 c7 c7 c0 ff ef 00 	mov    $0xefffc0,%rdi
  ef9dae:	be 01 00 00 00       	mov    $0x1,%esi
  ef9db3:	31 d2                	xor    %edx,%edx
  ef9db5:	e8 56 03 00 00       	call   efa110 <_ZN4core3ptr13read_volatile18precondition_check17hdbc29ca4960b7d77E>
        intrinsics::volatile_load(src)
  ef9dba:	8a 05 00 62 00 00    	mov    0x6200(%rip),%al        # efffc0 <__rust_no_alloc_shim_is_unstable>
  ef9dc0:	88 44 24 27          	mov    %al,0x27(%rsp)
        __rust_alloc_zeroed(layout.size(), layout.align())
  ef9dc4:	48 8d 44 24 08       	lea    0x8(%rsp),%rax
  ef9dc9:	48 89 44 24 28       	mov    %rax,0x28(%rsp)
        self.size
  ef9dce:	48 8b 7c 24 10       	mov    0x10(%rsp),%rdi
  ef9dd3:	48 8d 44 24 08       	lea    0x8(%rsp),%rax
  ef9dd8:	48 89 44 24 30       	mov    %rax,0x30(%rsp)
        self.align.as_usize()
  ef9ddd:	48 8b 74 24 08       	mov    0x8(%rsp),%rsi
  ef9de2:	e8 a9 89 ff ff       	call   ef2790 <_RNvCs3T2uyX70NBl_7___rustc19___rust_alloc_zeroed>
}
  ef9de7:	48 83 c4 38          	add    $0x38,%rsp
  ef9deb:	c3                   	ret
  ef9dec:	cc                   	int3
  ef9ded:	cc                   	int3
  ef9dee:	cc                   	int3
  ef9def:	cc                   	int3

0000000000ef9df0 <_ZN5alloc5alloc5alloc17hfe618b974ab3f3a7E>:
pub unsafe fn alloc(layout: Layout) -> *mut u8 {
  ef9df0:	48 83 ec 38          	sub    $0x38,%rsp
  ef9df4:	48 89 7c 24 08       	mov    %rdi,0x8(%rsp)
  ef9df9:	48 89 74 24 10       	mov    %rsi,0x10(%rsp)
pub unsafe fn read_volatile<T>(src: *const T) -> T {
  ef9dfe:	48 c7 44 24 18 c0 ff 	movq   $0xefffc0,0x18(%rsp)
  ef9e05:	ef 00 
  ef9e07:	48 c7 c7 c0 ff ef 00 	mov    $0xefffc0,%rdi
  ef9e0e:	be 01 00 00 00       	mov    $0x1,%esi
  ef9e13:	31 d2                	xor    %edx,%edx
  ef9e15:	e8 f6 02 00 00       	call   efa110 <_ZN4core3ptr13read_volatile18precondition_check17hdbc29ca4960b7d77E>
        intrinsics::volatile_load(src)
  ef9e1a:	8a 05 a0 61 00 00    	mov    0x61a0(%rip),%al        # efffc0 <__rust_no_alloc_shim_is_unstable>
  ef9e20:	88 44 24 27          	mov    %al,0x27(%rsp)
        __rust_alloc(layout.size(), layout.align())
  ef9e24:	48 8d 44 24 08       	lea    0x8(%rsp),%rax
  ef9e29:	48 89 44 24 28       	mov    %rax,0x28(%rsp)
        self.size
  ef9e2e:	48 8b 7c 24 10       	mov    0x10(%rsp),%rdi
  ef9e33:	48 8d 44 24 08       	lea    0x8(%rsp),%rax
  ef9e38:	48 89 44 24 30       	mov    %rax,0x30(%rsp)
        self.align.as_usize()
  ef9e3d:	48 8b 74 24 08       	mov    0x8(%rsp),%rsi
  ef9e42:	e8 49 88 ff ff       	call   ef2690 <_RNvCs3T2uyX70NBl_7___rustc12___rust_alloc>
}
  ef9e47:	48 83 c4 38          	add    $0x38,%rsp
  ef9e4b:	c3                   	ret
  ef9e4c:	cc                   	int3
  ef9e4d:	cc                   	int3
  ef9e4e:	cc                   	int3
  ef9e4f:	cc                   	int3

0000000000ef9e50 <_ZN5alloc5alloc6Global10alloc_impl17hebcd26037e2915deE>:
    fn alloc_impl(&self, layout: Layout, zeroed: bool) -> Result<NonNull<[u8]>, AllocError> {
  ef9e50:	48 81 ec 08 01 00 00 	sub    $0x108,%rsp
  ef9e57:	88 c8                	mov    %cl,%al
  ef9e59:	88 44 24 27          	mov    %al,0x27(%rsp)
  ef9e5d:	48 89 74 24 30       	mov    %rsi,0x30(%rsp)
  ef9e62:	48 89 54 24 38       	mov    %rdx,0x38(%rsp)
  ef9e67:	48 89 7c 24 70       	mov    %rdi,0x70(%rsp)
  ef9e6c:	24 01                	and    $0x1,%al
  ef9e6e:	88 44 24 7e          	mov    %al,0x7e(%rsp)
    pub const fn slice_from_raw_parts(data: NonNull<T>, len: usize) -> Self {
  ef9e72:	48 c7 84 24 80 00 00 	movq   $0x0,0x80(%rsp)
  ef9e79:	00 00 00 00 00 
pub const fn slice_from_raw_parts_mut<T>(data: *mut T, len: usize) -> *mut [T] {
  ef9e7e:	48 c7 84 24 88 00 00 	movq   $0x0,0x88(%rsp)
  ef9e85:	00 00 00 00 00 
        match layout.size() {
  ef9e8a:	48 8d 44 24 30       	lea    0x30(%rsp),%rax
  ef9e8f:	48 89 84 24 98 00 00 	mov    %rax,0x98(%rsp)
  ef9e96:	00 
        self.size
  ef9e97:	48 8b 44 24 38       	mov    0x38(%rsp),%rax
  ef9e9c:	48 89 44 24 28       	mov    %rax,0x28(%rsp)
  ef9ea1:	48 89 84 24 a0 00 00 	mov    %rax,0xa0(%rsp)
  ef9ea8:	00 
  ef9ea9:	48 83 f8 00          	cmp    $0x0,%rax
  ef9ead:	75 4c                	jne    ef9efb <_ZN5alloc5alloc6Global10alloc_impl17hebcd26037e2915deE+0xab>
            0 => Ok(NonNull::slice_from_raw_parts(layout.dangling(), 0)),
  ef9eaf:	48 8d 44 24 30       	lea    0x30(%rsp),%rax
  ef9eb4:	48 89 84 24 a8 00 00 	mov    %rax,0xa8(%rsp)
  ef9ebb:	00 
        NonNull::without_provenance(self.align.as_nonzero())
  ef9ebc:	48 8b 4c 24 30       	mov    0x30(%rsp),%rcx
  ef9ec1:	48 89 4c 24 10       	mov    %rcx,0x10(%rsp)
    without_provenance_mut(addr)
  ef9ec6:	31 c0                	xor    %eax,%eax
  ef9ec8:	48 01 c8             	add    %rcx,%rax
        unsafe { NonNull { pointer } }
  ef9ecb:	48 89 84 24 b0 00 00 	mov    %rax,0xb0(%rsp)
  ef9ed2:	00 
        unsafe { mem::transmute::<Self, *mut T>(self) }
  ef9ed3:	31 c0                	xor    %eax,%eax
  ef9ed5:	48 01 c8             	add    %rcx,%rax
  ef9ed8:	48 89 44 24 18       	mov    %rax,0x18(%rsp)
  ef9edd:	48 89 84 24 b8 00 00 	mov    %rax,0xb8(%rsp)
  ef9ee4:	00 
    aggregate_raw_ptr(data_pointer, metadata)
  ef9ee5:	48 89 84 24 c0 00 00 	mov    %rax,0xc0(%rsp)
  ef9eec:	00 
  ef9eed:	48 c7 84 24 c8 00 00 	movq   $0x0,0xc8(%rsp)
  ef9ef4:	00 00 00 00 00 
            if ::core::ub_checks::$kind() {
  ef9ef9:	eb 0a                	jmp    ef9f05 <_ZN5alloc5alloc6Global10alloc_impl17hebcd26037e2915deE+0xb5>
  ef9efb:	8a 44 24 27          	mov    0x27(%rsp),%al
                let raw_ptr = if zeroed { alloc_zeroed(layout) } else { alloc(layout) };
  ef9eff:	a8 01                	test   $0x1,%al
  ef9f01:	75 4e                	jne    ef9f51 <_ZN5alloc5alloc6Global10alloc_impl17hebcd26037e2915deE+0x101>
  ef9f03:	eb 36                	jmp    ef9f3b <_ZN5alloc5alloc6Global10alloc_impl17hebcd26037e2915deE+0xeb>
  ef9f05:	48 8b 44 24 10       	mov    0x10(%rsp),%rax
                (ptr: *mut () = ptr as *mut ()) => !ptr.is_null()
  ef9f0a:	31 c9                	xor    %ecx,%ecx
  ef9f0c:	89 cf                	mov    %ecx,%edi
  ef9f0e:	48 01 c7             	add    %rax,%rdi
                precondition_check($($arg,)*);
  ef9f11:	e8 3a e8 ff ff       	call   ef8750 <_ZN4core3ptr8non_null16NonNull$LT$T$GT$13new_unchecked18precondition_check17h590769bb6921e2f8E>
  ef9f16:	48 8b 44 24 18       	mov    0x18(%rsp),%rax
            0 => Ok(NonNull::slice_from_raw_parts(layout.dangling(), 0)),
  ef9f1b:	48 89 44 24 40       	mov    %rax,0x40(%rsp)
  ef9f20:	48 c7 44 24 48 00 00 	movq   $0x0,0x48(%rsp)
  ef9f27:	00 00 
    }
  ef9f29:	48 8b 44 24 40       	mov    0x40(%rsp),%rax
  ef9f2e:	48 8b 54 24 48       	mov    0x48(%rsp),%rdx
  ef9f33:	48 81 c4 08 01 00 00 	add    $0x108,%rsp
  ef9f3a:	c3                   	ret
                let raw_ptr = if zeroed { alloc_zeroed(layout) } else { alloc(layout) };
  ef9f3b:	48 8b 7c 24 30       	mov    0x30(%rsp),%rdi
  ef9f40:	48 8b 74 24 38       	mov    0x38(%rsp),%rsi
  ef9f45:	e8 a6 fe ff ff       	call   ef9df0 <_ZN5alloc5alloc5alloc17hfe618b974ab3f3a7E>
  ef9f4a:	48 89 44 24 50       	mov    %rax,0x50(%rsp)
  ef9f4f:	eb 14                	jmp    ef9f65 <_ZN5alloc5alloc6Global10alloc_impl17hebcd26037e2915deE+0x115>
  ef9f51:	48 8b 7c 24 30       	mov    0x30(%rsp),%rdi
  ef9f56:	48 8b 74 24 38       	mov    0x38(%rsp),%rsi
  ef9f5b:	e8 30 fe ff ff       	call   ef9d90 <_ZN5alloc5alloc12alloc_zeroed17heda441814ee1a6d9E>
  ef9f60:	48 89 44 24 50       	mov    %rax,0x50(%rsp)
                let ptr = NonNull::new(raw_ptr).ok_or(AllocError)?;
  ef9f65:	48 8b 44 24 50       	mov    0x50(%rsp),%rax
  ef9f6a:	48 89 44 24 08       	mov    %rax,0x8(%rsp)
  ef9f6f:	48 89 84 24 d0 00 00 	mov    %rax,0xd0(%rsp)
  ef9f76:	00 
        if !ptr.is_null() {
  ef9f77:	48 83 f8 00          	cmp    $0x0,%rax
  ef9f7b:	75 2c                	jne    ef9fa9 <_ZN5alloc5alloc6Global10alloc_impl17hebcd26037e2915deE+0x159>
            None
  ef9f7d:	48 c7 44 24 68 00 00 	movq   $0x0,0x68(%rsp)
  ef9f84:	00 00 
            None => Err(err),
  ef9f86:	48 c7 44 24 60 00 00 	movq   $0x0,0x60(%rsp)
  ef9f8d:	00 00 
            Err(e) => Err(From::from(e)),
  ef9f8f:	48 8b 0d 22 63 30 ff 	mov    -0xcf9cde(%rip),%rcx        # 2002b8 <_ZN63_$LT$common_std..error..RcError$u20$as$u20$core..fmt..Debug$GT$3fmt17h5af9ecfea329b2e5E-0xcf0988>
  ef9f96:	48 8b 05 23 63 30 ff 	mov    -0xcf9cdd(%rip),%rax        # 2002c0 <_ZN63_$LT$common_std..error..RcError$u20$as$u20$core..fmt..Debug$GT$3fmt17h5af9ecfea329b2e5E-0xcf0980>
  ef9f9d:	48 89 4c 24 40       	mov    %rcx,0x40(%rsp)
  ef9fa2:	48 89 44 24 48       	mov    %rax,0x48(%rsp)
    }
  ef9fa7:	eb 80                	jmp    ef9f29 <_ZN5alloc5alloc6Global10alloc_impl17hebcd26037e2915deE+0xd9>
            if ::core::ub_checks::$kind() {
  ef9fa9:	eb 00                	jmp    ef9fab <_ZN5alloc5alloc6Global10alloc_impl17hebcd26037e2915deE+0x15b>
  ef9fab:	48 8b 7c 24 08       	mov    0x8(%rsp),%rdi
                precondition_check($($arg,)*);
  ef9fb0:	e8 9b e7 ff ff       	call   ef8750 <_ZN4core3ptr8non_null16NonNull$LT$T$GT$13new_unchecked18precondition_check17h590769bb6921e2f8E>
  ef9fb5:	48 8b 44 24 28       	mov    0x28(%rsp),%rax
  ef9fba:	48 8b 4c 24 08       	mov    0x8(%rsp),%rcx
            Some(unsafe { Self::new_unchecked(ptr) })
  ef9fbf:	48 89 4c 24 68       	mov    %rcx,0x68(%rsp)
            Some(v) => Ok(v),
  ef9fc4:	48 8b 4c 24 68       	mov    0x68(%rsp),%rcx
  ef9fc9:	48 89 8c 24 d8 00 00 	mov    %rcx,0xd8(%rsp)
  ef9fd0:	00 
  ef9fd1:	48 89 4c 24 60       	mov    %rcx,0x60(%rsp)
            Ok(v) => ControlFlow::Continue(v),
  ef9fd6:	48 8b 4c 24 60       	mov    0x60(%rsp),%rcx
  ef9fdb:	48 89 8c 24 e0 00 00 	mov    %rcx,0xe0(%rsp)
  ef9fe2:	00 
  ef9fe3:	48 89 4c 24 58       	mov    %rcx,0x58(%rsp)
                let ptr = NonNull::new(raw_ptr).ok_or(AllocError)?;
  ef9fe8:	48 8b 4c 24 58       	mov    0x58(%rsp),%rcx
  ef9fed:	48 89 0c 24          	mov    %rcx,(%rsp)
  ef9ff1:	48 89 8c 24 e8 00 00 	mov    %rcx,0xe8(%rsp)
  ef9ff8:	00 
        unsafe { mem::transmute::<Self, *mut T>(self) }
  ef9ff9:	48 89 8c 24 f0 00 00 	mov    %rcx,0xf0(%rsp)
  efa000:	00 
  efa001:	48 89 8c 24 f8 00 00 	mov    %rcx,0xf8(%rsp)
  efa008:	00 
  efa009:	48 89 84 24 00 01 00 	mov    %rax,0x100(%rsp)
  efa010:	00 
  efa011:	48 8b 3c 24          	mov    (%rsp),%rdi
  efa015:	e8 36 e7 ff ff       	call   ef8750 <_ZN4core3ptr8non_null16NonNull$LT$T$GT$13new_unchecked18precondition_check17h590769bb6921e2f8E>
  efa01a:	48 8b 44 24 28       	mov    0x28(%rsp),%rax
  efa01f:	48 8b 0c 24          	mov    (%rsp),%rcx
                Ok(NonNull::slice_from_raw_parts(ptr, size))
  efa023:	48 89 4c 24 40       	mov    %rcx,0x40(%rsp)
  efa028:	48 89 44 24 48       	mov    %rax,0x48(%rsp)
            },
  efa02d:	e9 f7 fe ff ff       	jmp    ef9f29 <_ZN5alloc5alloc6Global10alloc_impl17hebcd26037e2915deE+0xd9>
  efa032:	cc                   	int3
  efa033:	cc                   	int3
  efa034:	cc                   	int3
  efa035:	cc                   	int3
  efa036:	cc                   	int3
  efa037:	cc                   	int3
  efa038:	cc                   	int3
  efa039:	cc                   	int3
  efa03a:	cc                   	int3
  efa03b:	cc                   	int3
  efa03c:	cc                   	int3
  efa03d:	cc                   	int3
  efa03e:	cc                   	int3
  efa03f:	cc                   	int3

0000000000efa040 <_ZN63_$LT$alloc..alloc..Global$u20$as$u20$core..alloc..Allocator$GT$10deallocate17h26e8c7083ecd2880E>:
    unsafe fn deallocate(&self, ptr: NonNull<u8>, layout: Layout) {
  efa040:	48 83 ec 68          	sub    $0x68,%rsp
  efa044:	48 89 74 24 08       	mov    %rsi,0x8(%rsp)
  efa049:	48 89 54 24 18       	mov    %rdx,0x18(%rsp)
  efa04e:	48 89 4c 24 20       	mov    %rcx,0x20(%rsp)
  efa053:	48 89 7c 24 38       	mov    %rdi,0x38(%rsp)
  efa058:	48 89 74 24 40       	mov    %rsi,0x40(%rsp)
        if layout.size() != 0 {
  efa05d:	48 8d 44 24 18       	lea    0x18(%rsp),%rax
  efa062:	48 89 44 24 48       	mov    %rax,0x48(%rsp)
        self.size
  efa067:	48 8b 44 24 20       	mov    0x20(%rsp),%rax
  efa06c:	48 89 44 24 10       	mov    %rax,0x10(%rsp)
  efa071:	48 83 f8 00          	cmp    $0x0,%rax
  efa075:	75 05                	jne    efa07c <_ZN63_$LT$alloc..alloc..Global$u20$as$u20$core..alloc..Allocator$GT$10deallocate17h26e8c7083ecd2880E+0x3c>
    }
  efa077:	48 83 c4 68          	add    $0x68,%rsp
  efa07b:	c3                   	ret
  efa07c:	48 8b 74 24 10       	mov    0x10(%rsp),%rsi
  efa081:	48 8b 7c 24 08       	mov    0x8(%rsp),%rdi
  efa086:	48 89 7c 24 50       	mov    %rdi,0x50(%rsp)
            unsafe { dealloc(ptr.as_ptr(), layout) }
  efa08b:	48 8b 4c 24 18       	mov    0x18(%rsp),%rcx
  efa090:	48 8b 44 24 20       	mov    0x20(%rsp),%rax
  efa095:	48 89 4c 24 28       	mov    %rcx,0x28(%rsp)
  efa09a:	48 89 44 24 30       	mov    %rax,0x30(%rsp)
    unsafe { __rust_dealloc(ptr, layout.size(), layout.align()) }
  efa09f:	48 8d 44 24 28       	lea    0x28(%rsp),%rax
  efa0a4:	48 89 44 24 58       	mov    %rax,0x58(%rsp)
  efa0a9:	48 8d 44 24 28       	lea    0x28(%rsp),%rax
  efa0ae:	48 89 44 24 60       	mov    %rax,0x60(%rsp)
        self.align.as_usize()
  efa0b3:	48 8b 54 24 18       	mov    0x18(%rsp),%rdx
  efa0b8:	e8 03 86 ff ff       	call   ef26c0 <_RNvCs3T2uyX70NBl_7___rustc14___rust_dealloc>
        if layout.size() != 0 {
  efa0bd:	eb b8                	jmp    efa077 <_ZN63_$LT$alloc..alloc..Global$u20$as$u20$core..alloc..Allocator$GT$10deallocate17h26e8c7083ecd2880E+0x37>
  efa0bf:	cc                   	int3

0000000000efa0c0 <_ZN63_$LT$alloc..alloc..Global$u20$as$u20$core..alloc..Allocator$GT$15allocate_zeroed17he07c8ab725c01fe6E>:
    fn allocate_zeroed(&self, layout: Layout) -> Result<NonNull<[u8]>, AllocError> {
  efa0c0:	48 83 ec 18          	sub    $0x18,%rsp
  efa0c4:	48 89 3c 24          	mov    %rdi,(%rsp)
  efa0c8:	48 89 74 24 08       	mov    %rsi,0x8(%rsp)
  efa0cd:	48 89 54 24 10       	mov    %rdx,0x10(%rsp)
  efa0d2:	b9 01 00 00 00       	mov    $0x1,%ecx
        self.alloc_impl(layout, true)
  efa0d7:	e8 74 fd ff ff       	call   ef9e50 <_ZN5alloc5alloc6Global10alloc_impl17hebcd26037e2915deE>
    }
  efa0dc:	48 83 c4 18          	add    $0x18,%rsp
  efa0e0:	c3                   	ret
  efa0e1:	cc                   	int3
  efa0e2:	cc                   	int3
  efa0e3:	cc                   	int3
  efa0e4:	cc                   	int3
  efa0e5:	cc                   	int3
  efa0e6:	cc                   	int3
  efa0e7:	cc                   	int3
  efa0e8:	cc                   	int3
  efa0e9:	cc                   	int3
  efa0ea:	cc                   	int3
  efa0eb:	cc                   	int3
  efa0ec:	cc                   	int3
  efa0ed:	cc                   	int3
  efa0ee:	cc                   	int3
  efa0ef:	cc                   	int3

0000000000efa0f0 <_ZN63_$LT$alloc..alloc..Global$u20$as$u20$core..alloc..Allocator$GT$8allocate17h1f15a1372d746f8fE>:
    fn allocate(&self, layout: Layout) -> Result<NonNull<[u8]>, AllocError> {
  efa0f0:	48 83 ec 18          	sub    $0x18,%rsp
  efa0f4:	48 89 3c 24          	mov    %rdi,(%rsp)
  efa0f8:	48 89 74 24 08       	mov    %rsi,0x8(%rsp)
  efa0fd:	48 89 54 24 10       	mov    %rdx,0x10(%rsp)
  efa102:	31 c9                	xor    %ecx,%ecx
        self.alloc_impl(layout, false)
  efa104:	e8 47 fd ff ff       	call   ef9e50 <_ZN5alloc5alloc6Global10alloc_impl17hebcd26037e2915deE>
    }
  efa109:	48 83 c4 18          	add    $0x18,%rsp
  efa10d:	c3                   	ret
  efa10e:	cc                   	int3
  efa10f:	cc                   	int3

0000000000efa110 <_ZN4core3ptr13read_volatile18precondition_check17hdbc29ca4960b7d77E>:
            const fn precondition_check($($name:$ty),*) {
  efa110:	48 83 ec 78          	sub    $0x78,%rsp
  efa114:	48 89 f1             	mov    %rsi,%rcx
  efa117:	48 89 4c 24 08       	mov    %rcx,0x8(%rsp)
  efa11c:	48 89 7c 24 10       	mov    %rdi,0x10(%rsp)
  efa121:	88 d0                	mov    %dl,%al
  efa123:	88 44 24 1f          	mov    %al,0x1f(%rsp)
  efa127:	48 89 7c 24 50       	mov    %rdi,0x50(%rsp)
  efa12c:	48 89 4c 24 58       	mov    %rcx,0x58(%rsp)
  efa131:	24 01                	and    $0x1,%al
  efa133:	88 44 24 67          	mov    %al,0x67(%rsp)
    pub const fn new_const<const N: usize>(pieces: &'a [&'static str; N]) -> Self {
  efa137:	48 c7 44 24 68 c0 ee 	movq   $0xeeeec0,0x68(%rsp)
  efa13e:	ee 00 
            return intrinsics::ctpop(self);
  efa140:	48 89 c8             	mov    %rcx,%rax
  efa143:	48 d1 e8             	shr    $1,%rax
  efa146:	48 ba 55 55 55 55 55 	movabs $0x5555555555555555,%rdx
  efa14d:	55 55 55 
  efa150:	48 21 d0             	and    %rdx,%rax
  efa153:	48 29 c1             	sub    %rax,%rcx
  efa156:	48 ba 33 33 33 33 33 	movabs $0x3333333333333333,%rdx
  efa15d:	33 33 33 
  efa160:	48 89 c8             	mov    %rcx,%rax
  efa163:	48 21 d0             	and    %rdx,%rax
  efa166:	48 c1 e9 02          	shr    $0x2,%rcx
  efa16a:	48 21 d1             	and    %rdx,%rcx
  efa16d:	48 01 c8             	add    %rcx,%rax
  efa170:	48 89 c1             	mov    %rax,%rcx
  efa173:	48 c1 e9 04          	shr    $0x4,%rcx
  efa177:	48 01 c8             	add    %rcx,%rax
  efa17a:	48 b9 0f 0f 0f 0f 0f 	movabs $0xf0f0f0f0f0f0f0f,%rcx
  efa181:	0f 0f 0f 
  efa184:	48 21 c8             	and    %rcx,%rax
  efa187:	48 b9 01 01 01 01 01 	movabs $0x101010101010101,%rcx
  efa18e:	01 01 01 
  efa191:	48 0f af c1          	imul   %rcx,%rax
  efa195:	48 c1 e8 38          	shr    $0x38,%rax
  efa199:	89 44 24 74          	mov    %eax,0x74(%rsp)
        if !align.is_power_of_two() {
  efa19d:	83 7c 24 74 01       	cmpl   $0x1,0x74(%rsp)
  efa1a2:	75 19                	jne    efa1bd <_ZN4core3ptr13read_volatile18precondition_check17hdbc29ca4960b7d77E+0xad>
  efa1a4:	48 8b 44 24 10       	mov    0x10(%rsp),%rax
  efa1a9:	48 8b 4c 24 08       	mov    0x8(%rsp),%rcx
        self.addr() & (align - 1) == 0
  efa1ae:	48 83 e9 01          	sub    $0x1,%rcx
  efa1b2:	48 21 c8             	and    %rcx,%rax
            ptr.is_aligned_to(align) && (is_zst || !ptr.is_null())
  efa1b5:	48 83 f8 00          	cmp    $0x0,%rax
  efa1b9:	74 50                	je     efa20b <_ZN4core3ptr13read_volatile18precondition_check17hdbc29ca4960b7d77E+0xfb>
  efa1bb:	eb 58                	jmp    efa215 <_ZN4core3ptr13read_volatile18precondition_check17hdbc29ca4960b7d77E+0x105>
        Arguments { pieces, fmt: None, args: &[] }
  efa1bd:	48 c7 44 24 20 c0 ee 	movq   $0xeeeec0,0x20(%rsp)
  efa1c4:	ee 00 
  efa1c6:	48 c7 44 24 28 01 00 	movq   $0x1,0x28(%rsp)
  efa1cd:	00 00 
  efa1cf:	48 8b 0d e2 60 30 ff 	mov    -0xcf9f1e(%rip),%rcx        # 2002b8 <_ZN63_$LT$common_std..error..RcError$u20$as$u20$core..fmt..Debug$GT$3fmt17h5af9ecfea329b2e5E-0xcf0988>
  efa1d6:	48 8b 05 e3 60 30 ff 	mov    -0xcf9f1d(%rip),%rax        # 2002c0 <_ZN63_$LT$common_std..error..RcError$u20$as$u20$core..fmt..Debug$GT$3fmt17h5af9ecfea329b2e5E-0xcf0980>
  efa1dd:	48 89 4c 24 40       	mov    %rcx,0x40(%rsp)
  efa1e2:	48 89 44 24 48       	mov    %rax,0x48(%rsp)
  efa1e7:	b8 08 00 00 00       	mov    $0x8,%eax
  efa1ec:	48 89 44 24 30       	mov    %rax,0x30(%rsp)
  efa1f1:	48 c7 44 24 38 00 00 	movq   $0x0,0x38(%rsp)
  efa1f8:	00 00 
            panic!("is_aligned_to: align is not a power-of-two");
  efa1fa:	48 c7 c6 28 f0 ee 00 	mov    $0xeef028,%rsi
  efa201:	48 8d 7c 24 20       	lea    0x20(%rsp),%rdi
  efa206:	e8 b5 1d 00 00       	call   efbfc0 <_ZN4core9panicking9panic_fmt17h2982420c32d2353cE>
  efa20b:	8a 44 24 1f          	mov    0x1f(%rsp),%al
  efa20f:	a8 01                	test   $0x1,%al
  efa211:	75 18                	jne    efa22b <_ZN4core3ptr13read_volatile18precondition_check17hdbc29ca4960b7d77E+0x11b>
  efa213:	eb 02                	jmp    efa217 <_ZN4core3ptr13read_volatile18precondition_check17hdbc29ca4960b7d77E+0x107>
            ) => ub_checks::maybe_is_aligned_and_not_null(addr, align, is_zst)
  efa215:	eb 16                	jmp    efa22d <_ZN4core3ptr13read_volatile18precondition_check17hdbc29ca4960b7d77E+0x11d>
  efa217:	48 8b 44 24 10       	mov    0x10(%rsp),%rax
                ptr.addr() == 0
  efa21c:	48 83 f8 00          	cmp    $0x0,%rax
  efa220:	0f 94 c0             	sete   %al
  efa223:	34 ff                	xor    $0xff,%al
  efa225:	a8 01                	test   $0x1,%al
  efa227:	75 15                	jne    efa23e <_ZN4core3ptr13read_volatile18precondition_check17hdbc29ca4960b7d77E+0x12e>
  efa229:	eb 02                	jmp    efa22d <_ZN4core3ptr13read_volatile18precondition_check17hdbc29ca4960b7d77E+0x11d>
  efa22b:	eb 11                	jmp    efa23e <_ZN4core3ptr13read_volatile18precondition_check17hdbc29ca4960b7d77E+0x12e>
                    ::core::panicking::panic_nounwind(concat!("unsafe precondition(s) violated: ", $message,
  efa22d:	48 c7 c7 d0 ee ee 00 	mov    $0xeeeed0,%rdi
  efa234:	be e3 00 00 00       	mov    $0xe3,%esi
  efa239:	e8 52 1e 00 00       	call   efc090 <_ZN4core9panicking14panic_nounwind17h73726ac9567abe6cE>
            }
  efa23e:	48 83 c4 78          	add    $0x78,%rsp
  efa242:	c3                   	ret
  efa243:	cc                   	int3
  efa244:	cc                   	int3
  efa245:	cc                   	int3
  efa246:	cc                   	int3
  efa247:	cc                   	int3
  efa248:	cc                   	int3
  efa249:	cc                   	int3
  efa24a:	cc                   	int3
  efa24b:	cc                   	int3
  efa24c:	cc                   	int3
  efa24d:	cc                   	int3
  efa24e:	cc                   	int3
  efa24f:	cc                   	int3

0000000000efa250 <_ZN87_$LT$lock_api..mutex..MutexGuard$LT$R$C$T$GT$$u20$as$u20$core..ops..deref..DerefMut$GT$9deref_mut17h5574b5c9d851cd7eE>:
    fn deref_mut(&mut self) -> &mut T {
  efa250:	48 83 ec 10          	sub    $0x10,%rsp
  efa254:	48 89 3c 24          	mov    %rdi,(%rsp)
        unsafe { &mut *self.mutex.data.get() }
  efa258:	48 8b 07             	mov    (%rdi),%rax
  efa25b:	48 83 c0 08          	add    $0x8,%rax
  efa25f:	48 89 44 24 08       	mov    %rax,0x8(%rsp)
    }
  efa264:	48 83 c4 10          	add    $0x10,%rsp
  efa268:	c3                   	ret
  efa269:	cc                   	int3
  efa26a:	cc                   	int3
  efa26b:	cc                   	int3
  efa26c:	cc                   	int3
  efa26d:	cc                   	int3
  efa26e:	cc                   	int3
  efa26f:	cc                   	int3

0000000000efa270 <_ZN8lock_api5mutex18Mutex$LT$R$C$T$GT$20make_guard_unchecked17h4d5db3362f4d774dE>:
    pub unsafe fn make_guard_unchecked(&self) -> MutexGuard<'_, R, T> {
  efa270:	50                   	push   %rax
  efa271:	48 89 f8             	mov    %rdi,%rax
  efa274:	48 89 04 24          	mov    %rax,(%rsp)
    }
  efa278:	59                   	pop    %rcx
  efa279:	c3                   	ret
  efa27a:	cc                   	int3
  efa27b:	cc                   	int3
  efa27c:	cc                   	int3
  efa27d:	cc                   	int3
  efa27e:	cc                   	int3
  efa27f:	cc                   	int3

0000000000efa280 <_ZN8lock_api5mutex18Mutex$LT$R$C$T$GT$4lock17h6784703395a8e320E>:
    pub fn lock(&self) -> MutexGuard<'_, R, T> {
  efa280:	48 83 ec 18          	sub    $0x18,%rsp
  efa284:	48 89 7c 24 08       	mov    %rdi,0x8(%rsp)
  efa289:	48 89 7c 24 10       	mov    %rdi,0x10(%rsp)
        self.raw.lock();
  efa28e:	e8 4d 93 ff ff       	call   ef35e0 <_ZN84_$LT$spin..mutex..Mutex$LT$$LP$$RP$$C$R$GT$$u20$as$u20$lock_api..mutex..RawMutex$GT$4lock17h66a81140d4dc4074E>
  efa293:	48 8b 7c 24 08       	mov    0x8(%rsp),%rdi
        unsafe { self.make_guard_unchecked() }
  efa298:	e8 d3 ff ff ff       	call   efa270 <_ZN8lock_api5mutex18Mutex$LT$R$C$T$GT$20make_guard_unchecked17h4d5db3362f4d774dE>
    }
  efa29d:	48 83 c4 18          	add    $0x18,%rsp
  efa2a1:	c3                   	ret
  efa2a2:	cc                   	int3
  efa2a3:	cc                   	int3
  efa2a4:	cc                   	int3
  efa2a5:	cc                   	int3
  efa2a6:	cc                   	int3
  efa2a7:	cc                   	int3
  efa2a8:	cc                   	int3
  efa2a9:	cc                   	int3
  efa2aa:	cc                   	int3
  efa2ab:	cc                   	int3
  efa2ac:	cc                   	int3
  efa2ad:	cc                   	int3
  efa2ae:	cc                   	int3
  efa2af:	cc                   	int3

0000000000efa2b0 <_ZN4core3fmt2rt8Argument11new_display17h5fceeccb4ea1d091E>:
}

#[rustc_diagnostic_item = "ArgumentMethods"]
impl Argument<'_> {
    #[inline]
    pub fn new_display<T: Display>(x: &T) -> Argument<'_> {
  efa2b0:	48 83 ec 18          	sub    $0x18,%rsp
  efa2b4:	48 89 f8             	mov    %rdi,%rax
  efa2b7:	48 89 74 24 10       	mov    %rsi,0x10(%rsp)
            ty: ArgumentType::Placeholder {
  efa2bc:	48 89 34 24          	mov    %rsi,(%rsp)
  efa2c0:	48 c7 44 24 08 10 a3 	movq   $0xefa310,0x8(%rsp)
  efa2c7:	ef 00 
        Argument {
  efa2c9:	48 8b 0c 24          	mov    (%rsp),%rcx
  efa2cd:	48 89 0f             	mov    %rcx,(%rdi)
  efa2d0:	48 8b 4c 24 08       	mov    0x8(%rsp),%rcx
  efa2d5:	48 89 4f 08          	mov    %rcx,0x8(%rdi)
        argument_new!(T, x, <T as Display>::fmt)
    }
  efa2d9:	48 83 c4 18          	add    $0x18,%rsp
  efa2dd:	c3                   	ret
  efa2de:	cc                   	int3
  efa2df:	cc                   	int3

0000000000efa2e0 <_ZN4core3fmt2rt8Argument9new_debug17hb50d3cc68dee74a7E>:
    #[inline]
    pub fn new_debug<T: Debug>(x: &T) -> Argument<'_> {
  efa2e0:	48 83 ec 18          	sub    $0x18,%rsp
  efa2e4:	48 89 f8             	mov    %rdi,%rax
  efa2e7:	48 89 74 24 10       	mov    %rsi,0x10(%rsp)
            ty: ArgumentType::Placeholder {
  efa2ec:	48 89 34 24          	mov    %rsi,(%rsp)
  efa2f0:	48 c7 44 24 08 90 97 	movq   $0xef9790,0x8(%rsp)
  efa2f7:	ef 00 
        Argument {
  efa2f9:	48 8b 0c 24          	mov    (%rsp),%rcx
  efa2fd:	48 89 0f             	mov    %rcx,(%rdi)
  efa300:	48 8b 4c 24 08       	mov    0x8(%rsp),%rcx
  efa305:	48 89 4f 08          	mov    %rcx,0x8(%rdi)
        argument_new!(T, x, <T as Debug>::fmt)
    }
  efa309:	48 83 c4 18          	add    $0x18,%rsp
  efa30d:	c3                   	ret
  efa30e:	cc                   	int3
  efa30f:	cc                   	int3

0000000000efa310 <_ZN44_$LT$$RF$T$u20$as$u20$core..fmt..Display$GT$3fmt17h681807329d71797cE>:
            fn fmt(&self, f: &mut Formatter<'_>) -> Result { $tr::fmt(&**self, f) }
  efa310:	48 83 ec 18          	sub    $0x18,%rsp
  efa314:	48 89 7c 24 08       	mov    %rdi,0x8(%rsp)
  efa319:	48 89 74 24 10       	mov    %rsi,0x10(%rsp)
  efa31e:	48 8b 3f             	mov    (%rdi),%rdi
  efa321:	e8 7a 1b 00 00       	call   efbea0 <_ZN73_$LT$core..panic..panic_info..PanicInfo$u20$as$u20$core..fmt..Display$GT$3fmt17h3cc0e77459900d8fE>
  efa326:	24 01                	and    $0x1,%al
  efa328:	48 83 c4 18          	add    $0x18,%rsp
  efa32c:	c3                   	ret
  efa32d:	cc                   	int3
  efa32e:	cc                   	int3
  efa32f:	cc                   	int3

0000000000efa330 <_ZN4spin4lazy21Lazy$LT$T$C$F$C$R$GT$5force17h25e6a5cc8aba5607E>:
    /// let lazy = Lazy::new(|| 92);
    ///
    /// assert_eq!(Lazy::force(&lazy), &92);
    /// assert_eq!(&*lazy, &92);
    /// ```
    pub fn force(this: &Self) -> &T {
  efa330:	50                   	push   %rax
  efa331:	48 89 3c 24          	mov    %rdi,(%rsp)
        this.cell.call_once(|| match this.init.take() {
  efa335:	48 8b 3c 24          	mov    (%rsp),%rdi
  efa339:	48 89 e6             	mov    %rsp,%rsi
  efa33c:	e8 8f 04 00 00       	call   efa7d0 <_ZN4spin4once17Once$LT$T$C$R$GT$9call_once17h2a73a6b999dfe78cE>
            Some(f) => f(),
            None => panic!("Lazy instance has previously been poisoned"),
        })
    }
  efa341:	59                   	pop    %rcx
  efa342:	c3                   	ret
  efa343:	cc                   	int3
  efa344:	cc                   	int3
  efa345:	cc                   	int3
  efa346:	cc                   	int3
  efa347:	cc                   	int3
  efa348:	cc                   	int3
  efa349:	cc                   	int3
  efa34a:	cc                   	int3
  efa34b:	cc                   	int3
  efa34c:	cc                   	int3
  efa34d:	cc                   	int3
  efa34e:	cc                   	int3
  efa34f:	cc                   	int3

0000000000efa350 <_ZN4spin4lazy21Lazy$LT$T$C$F$C$R$GT$5force28_$u7b$$u7b$closure$u7d$$u7d$17h1ad2bea74ab27f53E>:
        this.cell.call_once(|| match this.init.take() {
  efa350:	48 83 ec 18          	sub    $0x18,%rsp
  efa354:	48 89 3c 24          	mov    %rdi,(%rsp)
  efa358:	48 8b 04 24          	mov    (%rsp),%rax
  efa35c:	48 8b 38             	mov    (%rax),%rdi
  efa35f:	48 83 c7 08          	add    $0x8,%rdi
  efa363:	e8 d8 04 00 00       	call   efa840 <_ZN4core4cell13Cell$LT$T$GT$4take17hbfdef486e27fcfabE>
  efa368:	48 89 44 24 08       	mov    %rax,0x8(%rsp)
  efa36d:	48 8b 54 24 08       	mov    0x8(%rsp),%rdx
  efa372:	b8 01 00 00 00       	mov    $0x1,%eax
  efa377:	31 c9                	xor    %ecx,%ecx
  efa379:	48 83 fa 00          	cmp    $0x0,%rdx
  efa37d:	48 0f 44 c1          	cmove  %rcx,%rax
  efa381:	48 a9 01 00 00 00    	test   $0x1,%rax
  efa387:	74 14                	je     efa39d <_ZN4spin4lazy21Lazy$LT$T$C$F$C$R$GT$5force28_$u7b$$u7b$closure$u7d$$u7d$17h1ad2bea74ab27f53E+0x4d>
            Some(f) => f(),
  efa389:	48 8b 7c 24 08       	mov    0x8(%rsp),%rdi
  efa38e:	48 89 7c 24 10       	mov    %rdi,0x10(%rsp)
  efa393:	e8 e8 8f ff ff       	call   ef3380 <_ZN4core3ops8function6FnOnce9call_once17h082db2414d7fd5f6E>
        })
  efa398:	48 83 c4 18          	add    $0x18,%rsp
  efa39c:	c3                   	ret
            None => panic!("Lazy instance has previously been poisoned"),
  efa39d:	48 c7 c7 40 f0 ee 00 	mov    $0xeef040,%rdi
  efa3a4:	48 c7 c2 c8 f0 ee 00 	mov    $0xeef0c8,%rdx
  efa3ab:	be 2a 00 00 00       	mov    $0x2a,%esi
  efa3b0:	e8 8b 1c 00 00       	call   efc040 <_ZN4core9panicking5panic17hdbca58b08003962eE>
  efa3b5:	cc                   	int3
  efa3b6:	cc                   	int3
  efa3b7:	cc                   	int3
  efa3b8:	cc                   	int3
  efa3b9:	cc                   	int3
  efa3ba:	cc                   	int3
  efa3bb:	cc                   	int3
  efa3bc:	cc                   	int3
  efa3bd:	cc                   	int3
  efa3be:	cc                   	int3
  efa3bf:	cc                   	int3

0000000000efa3c0 <_ZN77_$LT$spin..lazy..Lazy$LT$T$C$F$C$R$GT$$u20$as$u20$core..ops..deref..Deref$GT$5deref17h07d68b31ccc3e331E>:
}

impl<T, F: FnOnce() -> T, R: RelaxStrategy> Deref for Lazy<T, F, R> {
    type Target = T;

    fn deref(&self) -> &T {
  efa3c0:	50                   	push   %rax
  efa3c1:	48 89 3c 24          	mov    %rdi,(%rsp)
        Self::force(self)
  efa3c5:	e8 66 ff ff ff       	call   efa330 <_ZN4spin4lazy21Lazy$LT$T$C$F$C$R$GT$5force17h25e6a5cc8aba5607E>
    }
  efa3ca:	59                   	pop    %rcx
  efa3cb:	c3                   	ret
  efa3cc:	cc                   	int3
  efa3cd:	cc                   	int3
  efa3ce:	cc                   	int3
  efa3cf:	cc                   	int3

0000000000efa3d0 <_ZN4spin4once17Once$LT$T$C$R$GT$13try_call_once17hf9aeb5962f28f483E>:
    /// fn expensive_fallible_computation() -> Result<usize, String> {
    ///     // ...
    /// # Ok(2)
    /// }
    /// ```
    pub fn try_call_once<F: FnOnce() -> Result<T, E>, E>(&self, f: F) -> Result<&T, E> {
  efa3d0:	48 83 ec 48          	sub    $0x48,%rsp
  efa3d4:	48 89 74 24 08       	mov    %rsi,0x8(%rsp)
  efa3d9:	48 89 7c 24 10       	mov    %rdi,0x10(%rsp)
  efa3de:	48 89 7c 24 30       	mov    %rdi,0x30(%rsp)
  efa3e3:	48 89 74 24 38       	mov    %rsi,0x38(%rsp)
        if let Some(value) = self.get() {
  efa3e8:	c6 44 24 2f 00       	movb   $0x0,0x2f(%rsp)
  efa3ed:	c6 44 24 2f 01       	movb   $0x1,0x2f(%rsp)
  efa3f2:	e8 d9 02 00 00       	call   efa6d0 <_ZN4spin4once17Once$LT$T$C$R$GT$3get17he83ab1ff0868c5f3E>
  efa3f7:	48 89 44 24 20       	mov    %rax,0x20(%rsp)
  efa3fc:	48 8b 54 24 20       	mov    0x20(%rsp),%rdx
  efa401:	b8 01 00 00 00       	mov    $0x1,%eax
  efa406:	31 c9                	xor    %ecx,%ecx
  efa408:	48 83 fa 00          	cmp    $0x0,%rdx
  efa40c:	48 0f 44 c1          	cmove  %rcx,%rax
  efa410:	48 a9 01 00 00 00    	test   $0x1,%rax
  efa416:	74 11                	je     efa429 <_ZN4spin4once17Once$LT$T$C$R$GT$13try_call_once17hf9aeb5962f28f483E+0x59>
  efa418:	48 8b 44 24 20       	mov    0x20(%rsp),%rax
  efa41d:	48 89 44 24 40       	mov    %rax,0x40(%rsp)
            Ok(value)
  efa422:	48 89 44 24 18       	mov    %rax,0x18(%rsp)
        if let Some(value) = self.get() {
  efa427:	eb 19                	jmp    efa442 <_ZN4spin4once17Once$LT$T$C$R$GT$13try_call_once17hf9aeb5962f28f483E+0x72>
  efa429:	48 8b 74 24 08       	mov    0x8(%rsp),%rsi
  efa42e:	48 8b 7c 24 10       	mov    0x10(%rsp),%rdi
        } else {
            self.try_call_once_slow(f)
  efa433:	c6 44 24 2f 00       	movb   $0x0,0x2f(%rsp)
  efa438:	e8 23 00 00 00       	call   efa460 <_ZN4spin4once17Once$LT$T$C$R$GT$18try_call_once_slow17h13464324c9fdcd54E>
  efa43d:	48 89 44 24 18       	mov    %rax,0x18(%rsp)
        }
    }
  efa442:	f6 44 24 2f 01       	testb  $0x1,0x2f(%rsp)
  efa447:	75 0a                	jne    efa453 <_ZN4spin4once17Once$LT$T$C$R$GT$13try_call_once17hf9aeb5962f28f483E+0x83>
  efa449:	48 8b 44 24 18       	mov    0x18(%rsp),%rax
  efa44e:	48 83 c4 48          	add    $0x48,%rsp
  efa452:	c3                   	ret
  efa453:	eb f4                	jmp    efa449 <_ZN4spin4once17Once$LT$T$C$R$GT$13try_call_once17hf9aeb5962f28f483E+0x79>
  efa455:	cc                   	int3
  efa456:	cc                   	int3
  efa457:	cc                   	int3
  efa458:	cc                   	int3
  efa459:	cc                   	int3
  efa45a:	cc                   	int3
  efa45b:	cc                   	int3
  efa45c:	cc                   	int3
  efa45d:	cc                   	int3
  efa45e:	cc                   	int3
  efa45f:	cc                   	int3

0000000000efa460 <_ZN4spin4once17Once$LT$T$C$R$GT$18try_call_once_slow17h13464324c9fdcd54E>:

    #[cold]
    fn try_call_once_slow<F: FnOnce() -> Result<T, E>, E>(&self, f: F) -> Result<&T, E> {
  efa460:	48 81 ec d8 00 00 00 	sub    $0xd8,%rsp
  efa467:	48 89 74 24 18       	mov    %rsi,0x18(%rsp)
  efa46c:	48 89 7c 24 20       	mov    %rdi,0x20(%rsp)
  efa471:	48 89 7c 24 50       	mov    %rdi,0x50(%rsp)
  efa476:	48 89 74 24 58       	mov    %rsi,0x58(%rsp)
        loop {
  efa47b:	c6 44 24 4f 00       	movb   $0x0,0x4f(%rsp)
  efa480:	c6 44 24 4f 01       	movb   $0x1,0x4f(%rsp)
  efa485:	48 8b 7c 24 20       	mov    0x20(%rsp),%rdi
            let xchg = self.status.compare_exchange(
  efa48a:	48 83 c7 04          	add    $0x4,%rdi
                Status::Incomplete,
  efa48e:	c6 44 24 34 00       	movb   $0x0,0x34(%rsp)
                Status::Running,
  efa493:	c6 44 24 35 01       	movb   $0x1,0x35(%rsp)
                Ordering::Acquire,
  efa498:	c6 44 24 36 02       	movb   $0x2,0x36(%rsp)
                Ordering::Acquire,
  efa49d:	c6 44 24 37 02       	movb   $0x2,0x37(%rsp)
            let xchg = self.status.compare_exchange(
  efa4a2:	40 8a 74 24 34       	mov    0x34(%rsp),%sil
  efa4a7:	8a 54 24 35          	mov    0x35(%rsp),%dl
  efa4ab:	8a 4c 24 36          	mov    0x36(%rsp),%cl
  efa4af:	8a 44 24 37          	mov    0x37(%rsp),%al
  efa4b3:	48 89 bc 24 a8 00 00 	mov    %rdi,0xa8(%rsp)
  efa4ba:	00 
  efa4bb:	40 88 b4 24 b2 00 00 	mov    %sil,0xb2(%rsp)
  efa4c2:	00 
  efa4c3:	88 94 24 b3 00 00 00 	mov    %dl,0xb3(%rsp)
  efa4ca:	88 8c 24 b4 00 00 00 	mov    %cl,0xb4(%rsp)
  efa4d1:	88 84 24 b5 00 00 00 	mov    %al,0xb5(%rsp)
            match self
  efa4d8:	40 0f b6 f6          	movzbl %sil,%esi
  efa4dc:	0f b6 d2             	movzbl %dl,%edx
  efa4df:	0f b6 c9             	movzbl %cl,%ecx
  efa4e2:	44 0f b6 c0          	movzbl %al,%r8d
  efa4e6:	e8 05 9a ff ff       	call   ef3ef0 <_ZN4core4sync6atomic8AtomicU816compare_exchange17hddd2cb40f3b3aa50E>
  efa4eb:	24 01                	and    $0x1,%al
  efa4ed:	88 84 24 a6 00 00 00 	mov    %al,0xa6(%rsp)
  efa4f4:	88 94 24 a7 00 00 00 	mov    %dl,0xa7(%rsp)
  efa4fb:	8a 84 24 a6 00 00 00 	mov    0xa6(%rsp),%al
  efa502:	a8 01                	test   $0x1,%al
  efa504:	75 02                	jne    efa508 <_ZN4spin4once17Once$LT$T$C$R$GT$18try_call_once_slow17h13464324c9fdcd54E+0xa8>
  efa506:	eb 27                	jmp    efa52f <_ZN4spin4once17Once$LT$T$C$R$GT$18try_call_once_slow17h13464324c9fdcd54E+0xcf>
                Err(err) => Err(unsafe { Status::new_unchecked(err) }),
  efa508:	8a 84 24 a7 00 00 00 	mov    0xa7(%rsp),%al
  efa50f:	88 84 24 b7 00 00 00 	mov    %al,0xb7(%rsp)
  efa516:	0f b6 f8             	movzbl %al,%edi
  efa519:	e8 92 13 00 00       	call   efb8b0 <_ZN4spin4once6status6Status13new_unchecked17h8918d3ebf4b52276E>
  efa51e:	88 84 24 a5 00 00 00 	mov    %al,0xa5(%rsp)
  efa525:	c6 84 24 a4 00 00 00 	movb   $0x1,0xa4(%rsp)
  efa52c:	01 
  efa52d:	eb 25                	jmp    efa554 <_ZN4spin4once17Once$LT$T$C$R$GT$18try_call_once_slow17h13464324c9fdcd54E+0xf4>
                Ok(ok) => Ok(unsafe { Status::new_unchecked(ok) }),
  efa52f:	8a 84 24 a7 00 00 00 	mov    0xa7(%rsp),%al
  efa536:	88 84 24 b6 00 00 00 	mov    %al,0xb6(%rsp)
  efa53d:	0f b6 f8             	movzbl %al,%edi
  efa540:	e8 6b 13 00 00       	call   efb8b0 <_ZN4spin4once6status6Status13new_unchecked17h8918d3ebf4b52276E>
  efa545:	88 84 24 a5 00 00 00 	mov    %al,0xa5(%rsp)
  efa54c:	c6 84 24 a4 00 00 00 	movb   $0x0,0xa4(%rsp)
  efa553:	00 
        }
  efa554:	8a 8c 24 a4 00 00 00 	mov    0xa4(%rsp),%cl
  efa55b:	8a 84 24 a5 00 00 00 	mov    0xa5(%rsp),%al
            let xchg = self.status.compare_exchange(
  efa562:	80 e1 01             	and    $0x1,%cl
  efa565:	88 4c 24 32          	mov    %cl,0x32(%rsp)
  efa569:	88 44 24 33          	mov    %al,0x33(%rsp)
            );

            match xchg {
  efa56d:	8a 44 24 32          	mov    0x32(%rsp),%al
  efa571:	24 01                	and    $0x1,%al
  efa573:	0f b6 c0             	movzbl %al,%eax
  efa576:	48 a9 01 00 00 00    	test   $0x1,%rax
  efa57c:	74 19                	je     efa597 <_ZN4spin4once17Once$LT$T$C$R$GT$18try_call_once_slow17h13464324c9fdcd54E+0x137>
  efa57e:	0f b6 44 24 33       	movzbl 0x33(%rsp),%eax
  efa583:	48 89 44 24 10       	mov    %rax,0x10(%rsp)
  efa588:	48 8b 44 24 10       	mov    0x10(%rsp),%rax
  efa58d:	48 8b 04 c5 e0 f0 ee 	mov    0xeef0e0(,%rax,8),%rax
  efa594:	00 
  efa595:	ff e0                	jmp    *%rax
  efa597:	48 8b 7c 24 18       	mov    0x18(%rsp),%rdi
  efa59c:	48 8b 44 24 20       	mov    0x20(%rsp),%rax
                Ok(_must_be_state_incomplete) => {
  efa5a1:	8a 4c 24 33          	mov    0x33(%rsp),%cl
  efa5a5:	88 4c 24 67          	mov    %cl,0x67(%rsp)

            // The compare-exchange succeeded, so we shall initialize it.

            // We use a guard (Finish) to catch panics caused by builder
            let finish = Finish {
                status: &self.status,
  efa5a9:	48 83 c0 04          	add    $0x4,%rax
  efa5ad:	48 89 44 24 08       	mov    %rax,0x8(%rsp)
            let finish = Finish {
  efa5b2:	48 89 44 24 68       	mov    %rax,0x68(%rsp)
            };
            let val = match f() {
  efa5b7:	c6 44 24 4f 00       	movb   $0x0,0x4f(%rsp)
  efa5bc:	e8 3f 02 00 00       	call   efa800 <_ZN4spin4once17Once$LT$T$C$R$GT$9call_once28_$u7b$$u7b$closure$u7d$$u7d$17hed350d9bce28ef8fE>
  efa5c1:	89 44 24 44          	mov    %eax,0x44(%rsp)
  efa5c5:	48 8b 44 24 20       	mov    0x20(%rsp),%rax
  efa5ca:	48 8b 7c 24 08       	mov    0x8(%rsp),%rdi
                Ok(val) => val,
  efa5cf:	8b 4c 24 44          	mov    0x44(%rsp),%ecx
  efa5d3:	89 4c 24 74          	mov    %ecx,0x74(%rsp)
  efa5d7:	48 89 84 24 98 00 00 	mov    %rax,0x98(%rsp)
  efa5de:	00 
  efa5df:	48 89 84 24 80 00 00 	mov    %rax,0x80(%rsp)
  efa5e6:	00 
  efa5e7:	48 89 84 24 88 00 00 	mov    %rax,0x88(%rsp)
  efa5ee:	00 
  efa5ef:	89 8c 24 94 00 00 00 	mov    %ecx,0x94(%rsp)
        intrinsics::write_via_move(dst, src)
  efa5f6:	89 08                	mov    %ecx,(%rax)
            // However, f() is expected in the general case not to panic. In that case, we
            // simply forget the guard, bypassing its destructor. We could theoretically
            // clear a flag instead, but this eliminates the call to the destructor at
            // compile time, and unconditionally poisons during an eventual panic, if
            // unwinding is enabled.
            core::mem::forget(finish);
  efa5f8:	e8 53 8d ff ff       	call   ef3350 <_ZN4core3mem6forget17h14bf3c87a5d927f0E>
  efa5fd:	48 8b 7c 24 20       	mov    0x20(%rsp),%rdi
            // closure when initializing, become visible to other threads that perform Acquire
            // loads.
            //
            // And, we also know that the changes this thread has done will not magically
            // disappear from our cache, so it does not need to be AcqRel.
            self.status.store(Status::Complete, Ordering::Release);
  efa602:	48 83 c7 04          	add    $0x4,%rdi
  efa606:	c6 44 24 4d 02       	movb   $0x2,0x4d(%rsp)
  efa60b:	c6 44 24 4e 01       	movb   $0x1,0x4e(%rsp)
  efa610:	8a 4c 24 4d          	mov    0x4d(%rsp),%cl
  efa614:	8a 44 24 4e          	mov    0x4e(%rsp),%al
  efa618:	48 89 bc 24 c8 00 00 	mov    %rdi,0xc8(%rsp)
  efa61f:	00 
  efa620:	88 8c 24 d6 00 00 00 	mov    %cl,0xd6(%rsp)
  efa627:	88 84 24 d7 00 00 00 	mov    %al,0xd7(%rsp)
            self.0.store(status as u8, ordering);
  efa62e:	0f b6 f1             	movzbl %cl,%esi
  efa631:	0f b6 d0             	movzbl %al,%edx
  efa634:	e8 27 99 ff ff       	call   ef3f60 <_ZN4core4sync6atomic8AtomicU85store17ha711aaeef7e21077E>
  efa639:	48 8b 7c 24 20       	mov    0x20(%rsp),%rdi

            // This next line is mainly an optimization.
            return unsafe { Ok(self.force_get()) };
  efa63e:	e8 dd 01 00 00       	call   efa820 <_ZN4spin4once17Once$LT$T$C$R$GT$9force_get17hdc9492d1aaea519aE>
  efa643:	48 89 44 24 28       	mov    %rax,0x28(%rsp)
        }
    }
  efa648:	f6 44 24 4f 01       	testb  $0x1,0x4f(%rsp)
  efa64d:	75 7b                	jne    efa6ca <_ZN4spin4once17Once$LT$T$C$R$GT$18try_call_once_slow17h13464324c9fdcd54E+0x26a>
  efa64f:	eb 6c                	jmp    efa6bd <_ZN4spin4once17Once$LT$T$C$R$GT$18try_call_once_slow17h13464324c9fdcd54E+0x25d>
  efa651:	0f 0b                	ud2
  efa653:	48 8b 7c 24 20       	mov    0x20(%rsp),%rdi
                Err(Status::Running) => match self.poll() {
  efa658:	e8 d3 00 00 00       	call   efa730 <_ZN4spin4once17Once$LT$T$C$R$GT$4poll17h2fc03528b2168d16E>
  efa65d:	48 89 44 24 38       	mov    %rax,0x38(%rsp)
  efa662:	48 8b 54 24 38       	mov    0x38(%rsp),%rdx
  efa667:	b8 01 00 00 00       	mov    $0x1,%eax
  efa66c:	31 c9                	xor    %ecx,%ecx
  efa66e:	48 83 fa 00          	cmp    $0x0,%rdx
  efa672:	48 0f 44 c1          	cmove  %rcx,%rax
  efa676:	48 a9 01 00 00 00    	test   $0x1,%rax
  efa67c:	75 2e                	jne    efa6ac <_ZN4spin4once17Once$LT$T$C$R$GT$18try_call_once_slow17h13464324c9fdcd54E+0x24c>
  efa67e:	e9 02 fe ff ff       	jmp    efa485 <_ZN4spin4once17Once$LT$T$C$R$GT$18try_call_once_slow17h13464324c9fdcd54E+0x25>
  efa683:	48 8b 7c 24 20       	mov    0x20(%rsp),%rdi
                        self.force_get()
  efa688:	e8 93 01 00 00       	call   efa820 <_ZN4spin4once17Once$LT$T$C$R$GT$9force_get17hdc9492d1aaea519aE>
                    return Ok(unsafe {
  efa68d:	48 89 44 24 28       	mov    %rax,0x28(%rsp)
  efa692:	eb b4                	jmp    efa648 <_ZN4spin4once17Once$LT$T$C$R$GT$18try_call_once_slow17h13464324c9fdcd54E+0x1e8>
                Err(Status::Panicked) => panic!("Once panicked"),
  efa694:	48 c7 c7 20 f1 ee 00 	mov    $0xeef120,%rdi
  efa69b:	48 c7 c2 88 f1 ee 00 	mov    $0xeef188,%rdx
  efa6a2:	be 0d 00 00 00       	mov    $0xd,%esi
  efa6a7:	e8 94 19 00 00       	call   efc040 <_ZN4core9panicking5panic17hdbca58b08003962eE>
                    Some(v) => return Ok(v),
  efa6ac:	48 8b 44 24 38       	mov    0x38(%rsp),%rax
  efa6b1:	48 89 44 24 78       	mov    %rax,0x78(%rsp)
  efa6b6:	48 89 44 24 28       	mov    %rax,0x28(%rsp)
  efa6bb:	eb 8b                	jmp    efa648 <_ZN4spin4once17Once$LT$T$C$R$GT$18try_call_once_slow17h13464324c9fdcd54E+0x1e8>
    }
  efa6bd:	48 8b 44 24 28       	mov    0x28(%rsp),%rax
  efa6c2:	48 81 c4 d8 00 00 00 	add    $0xd8,%rsp
  efa6c9:	c3                   	ret
  efa6ca:	eb f1                	jmp    efa6bd <_ZN4spin4once17Once$LT$T$C$R$GT$18try_call_once_slow17h13464324c9fdcd54E+0x25d>
  efa6cc:	cc                   	int3
  efa6cd:	cc                   	int3
  efa6ce:	cc                   	int3
  efa6cf:	cc                   	int3

0000000000efa6d0 <_ZN4spin4once17Once$LT$T$C$R$GT$3get17he83ab1ff0868c5f3E>:
        // * `MaybeUninit`/outer deref: data was initialized
        (*self.data.get()).as_ptr().read()
    }

    /// Returns a reference to the inner value if the [`Once`] has been initialized.
    pub fn get(&self) -> Option<&T> {
  efa6d0:	48 83 ec 38          	sub    $0x38,%rsp
  efa6d4:	48 89 7c 24 08       	mov    %rdi,0x8(%rsp)
  efa6d9:	48 89 7c 24 20       	mov    %rdi,0x20(%rsp)
        // SAFETY: Just as with `poll`, Acquire is safe here because we want to be able to see the
        // nonatomic stores done when initializing, once we have loaded and checked the status.
        match self.status.load(Ordering::Acquire) {
  efa6de:	48 83 c7 04          	add    $0x4,%rdi
  efa6e2:	c6 44 24 1f 02       	movb   $0x2,0x1f(%rsp)
  efa6e7:	8a 44 24 1f          	mov    0x1f(%rsp),%al
  efa6eb:	48 89 7c 24 28       	mov    %rdi,0x28(%rsp)
  efa6f0:	88 44 24 37          	mov    %al,0x37(%rsp)
            unsafe { Status::new_unchecked(self.0.load(ordering)) }
  efa6f4:	0f b6 f0             	movzbl %al,%esi
  efa6f7:	e8 34 98 ff ff       	call   ef3f30 <_ZN4core4sync6atomic8AtomicU84load17h6a69399fa204a692E>
  efa6fc:	0f b6 f8             	movzbl %al,%edi
  efa6ff:	e8 ac 11 00 00       	call   efb8b0 <_ZN4spin4once6status6Status13new_unchecked17h8918d3ebf4b52276E>
        match self.status.load(Ordering::Acquire) {
  efa704:	3c 02                	cmp    $0x2,%al
  efa706:	75 11                	jne    efa719 <_ZN4spin4once17Once$LT$T$C$R$GT$3get17he83ab1ff0868c5f3E+0x49>
  efa708:	48 8b 7c 24 08       	mov    0x8(%rsp),%rdi
            Status::Complete => Some(unsafe { self.force_get() }),
  efa70d:	e8 0e 01 00 00       	call   efa820 <_ZN4spin4once17Once$LT$T$C$R$GT$9force_get17hdc9492d1aaea519aE>
  efa712:	48 89 44 24 10       	mov    %rax,0x10(%rsp)
  efa717:	eb 09                	jmp    efa722 <_ZN4spin4once17Once$LT$T$C$R$GT$3get17he83ab1ff0868c5f3E+0x52>
            _ => None,
  efa719:	48 c7 44 24 10 00 00 	movq   $0x0,0x10(%rsp)
  efa720:	00 00 
        }
    }
  efa722:	48 8b 44 24 10       	mov    0x10(%rsp),%rax
  efa727:	48 83 c4 38          	add    $0x38,%rsp
  efa72b:	c3                   	ret
  efa72c:	cc                   	int3
  efa72d:	cc                   	int3
  efa72e:	cc                   	int3
  efa72f:	cc                   	int3

0000000000efa730 <_ZN4spin4once17Once$LT$T$C$R$GT$4poll17h2fc03528b2168d16E>:
    pub fn poll(&self) -> Option<&T> {
  efa730:	48 83 ec 38          	sub    $0x38,%rsp
  efa734:	48 89 7c 24 08       	mov    %rdi,0x8(%rsp)
  efa739:	48 89 7c 24 20       	mov    %rdi,0x20(%rsp)
  efa73e:	48 8b 7c 24 08       	mov    0x8(%rsp),%rdi
            match self.status.load(Ordering::Acquire) {
  efa743:	48 83 c7 04          	add    $0x4,%rdi
  efa747:	c6 44 24 1f 02       	movb   $0x2,0x1f(%rsp)
            unsafe { Status::new_unchecked(self.0.load(ordering)) }
  efa74c:	0f b6 74 24 1f       	movzbl 0x1f(%rsp),%esi
            match self.status.load(Ordering::Acquire) {
  efa751:	40 88 f0             	mov    %sil,%al
  efa754:	48 89 7c 24 28       	mov    %rdi,0x28(%rsp)
  efa759:	88 44 24 37          	mov    %al,0x37(%rsp)
            unsafe { Status::new_unchecked(self.0.load(ordering)) }
  efa75d:	e8 ce 97 ff ff       	call   ef3f30 <_ZN4core4sync6atomic8AtomicU84load17h6a69399fa204a692E>
  efa762:	0f b6 f8             	movzbl %al,%edi
  efa765:	e8 46 11 00 00       	call   efb8b0 <_ZN4spin4once6status6Status13new_unchecked17h8918d3ebf4b52276E>
            match self.status.load(Ordering::Acquire) {
  efa76a:	0f b6 c0             	movzbl %al,%eax
  efa76d:	48 89 04 24          	mov    %rax,(%rsp)
  efa771:	48 8b 04 24          	mov    (%rsp),%rax
  efa775:	48 8b 04 c5 00 f1 ee 	mov    0xeef100(,%rax,8),%rax
  efa77c:	00 
  efa77d:	ff e0                	jmp    *%rax
  efa77f:	0f 0b                	ud2
                Status::Incomplete => return None,
  efa781:	48 c7 44 24 10 00 00 	movq   $0x0,0x10(%rsp)
  efa788:	00 00 
  efa78a:	eb 30                	jmp    efa7bc <_ZN4spin4once17Once$LT$T$C$R$GT$4poll17h2fc03528b2168d16E+0x8c>
  efa78c:	e8 4f 97 ff ff       	call   ef3ee0 <_ZN4core4sync6atomic14spin_loop_hint17ha11445b1e1a08a27E>
                Status::Running => R::relax(), // We spin
  efa791:	eb ab                	jmp    efa73e <_ZN4spin4once17Once$LT$T$C$R$GT$4poll17h2fc03528b2168d16E+0xe>
  efa793:	48 8b 7c 24 08       	mov    0x8(%rsp),%rdi
                Status::Complete => return Some(unsafe { self.force_get() }),
  efa798:	e8 83 00 00 00       	call   efa820 <_ZN4spin4once17Once$LT$T$C$R$GT$9force_get17hdc9492d1aaea519aE>
  efa79d:	48 89 44 24 10       	mov    %rax,0x10(%rsp)
  efa7a2:	eb 18                	jmp    efa7bc <_ZN4spin4once17Once$LT$T$C$R$GT$4poll17h2fc03528b2168d16E+0x8c>
                Status::Panicked => panic!("Once previously poisoned by a panicked"),
  efa7a4:	48 c7 c7 a0 f1 ee 00 	mov    $0xeef1a0,%rdi
  efa7ab:	48 c7 c2 c8 f1 ee 00 	mov    $0xeef1c8,%rdx
  efa7b2:	be 26 00 00 00       	mov    $0x26,%esi
  efa7b7:	e8 84 18 00 00       	call   efc040 <_ZN4core9panicking5panic17hdbca58b08003962eE>
    }
  efa7bc:	48 8b 44 24 10       	mov    0x10(%rsp),%rax
  efa7c1:	48 83 c4 38          	add    $0x38,%rsp
  efa7c5:	c3                   	ret
  efa7c6:	cc                   	int3
  efa7c7:	cc                   	int3
  efa7c8:	cc                   	int3
  efa7c9:	cc                   	int3
  efa7ca:	cc                   	int3
  efa7cb:	cc                   	int3
  efa7cc:	cc                   	int3
  efa7cd:	cc                   	int3
  efa7ce:	cc                   	int3
  efa7cf:	cc                   	int3

0000000000efa7d0 <_ZN4spin4once17Once$LT$T$C$R$GT$9call_once17h2a73a6b999dfe78cE>:
    pub fn call_once<F: FnOnce() -> T>(&self, f: F) -> &T {
  efa7d0:	48 83 ec 28          	sub    $0x28,%rsp
  efa7d4:	48 89 7c 24 08       	mov    %rdi,0x8(%rsp)
  efa7d9:	48 89 74 24 10       	mov    %rsi,0x10(%rsp)
        match self.try_call_once(|| Ok::<T, core::convert::Infallible>(f())) {
  efa7de:	e8 ed fb ff ff       	call   efa3d0 <_ZN4spin4once17Once$LT$T$C$R$GT$13try_call_once17hf9aeb5962f28f483E>
  efa7e3:	48 89 04 24          	mov    %rax,(%rsp)
            Ok(x) => x,
  efa7e7:	48 8b 04 24          	mov    (%rsp),%rax
  efa7eb:	48 89 44 24 20       	mov    %rax,0x20(%rsp)
    }
  efa7f0:	48 83 c4 28          	add    $0x28,%rsp
  efa7f4:	c3                   	ret
  efa7f5:	cc                   	int3
  efa7f6:	cc                   	int3
  efa7f7:	cc                   	int3
  efa7f8:	cc                   	int3
  efa7f9:	cc                   	int3
  efa7fa:	cc                   	int3
  efa7fb:	cc                   	int3
  efa7fc:	cc                   	int3
  efa7fd:	cc                   	int3
  efa7fe:	cc                   	int3
  efa7ff:	cc                   	int3

0000000000efa800 <_ZN4spin4once17Once$LT$T$C$R$GT$9call_once28_$u7b$$u7b$closure$u7d$$u7d$17hed350d9bce28ef8fE>:
        match self.try_call_once(|| Ok::<T, core::convert::Infallible>(f())) {
  efa800:	48 83 ec 18          	sub    $0x18,%rsp
  efa804:	48 89 7c 24 10       	mov    %rdi,0x10(%rsp)
  efa809:	e8 42 fb ff ff       	call   efa350 <_ZN4spin4lazy21Lazy$LT$T$C$F$C$R$GT$5force28_$u7b$$u7b$closure$u7d$$u7d$17h1ad2bea74ab27f53E>
  efa80e:	89 44 24 0c          	mov    %eax,0xc(%rsp)
  efa812:	8b 44 24 0c          	mov    0xc(%rsp),%eax
  efa816:	48 83 c4 18          	add    $0x18,%rsp
  efa81a:	c3                   	ret
  efa81b:	cc                   	int3
  efa81c:	cc                   	int3
  efa81d:	cc                   	int3
  efa81e:	cc                   	int3
  efa81f:	cc                   	int3

0000000000efa820 <_ZN4spin4once17Once$LT$T$C$R$GT$9force_get17hdc9492d1aaea519aE>:
    unsafe fn force_get(&self) -> &T {
  efa820:	48 83 ec 18          	sub    $0x18,%rsp
  efa824:	48 89 f8             	mov    %rdi,%rax
  efa827:	48 89 04 24          	mov    %rax,(%rsp)
  efa82b:	48 89 44 24 10       	mov    %rax,0x10(%rsp)
  efa830:	48 89 44 24 08       	mov    %rax,0x8(%rsp)
    }
  efa835:	48 83 c4 18          	add    $0x18,%rsp
  efa839:	c3                   	ret
  efa83a:	cc                   	int3
  efa83b:	cc                   	int3
  efa83c:	cc                   	int3
  efa83d:	cc                   	int3
  efa83e:	cc                   	int3
  efa83f:	cc                   	int3

0000000000efa840 <_ZN4core4cell13Cell$LT$T$GT$4take17hbfdef486e27fcfabE>:
    ///
    /// assert_eq!(five, 5);
    /// assert_eq!(c.into_inner(), 0);
    /// ```
    #[stable(feature = "move_cell", since = "1.17.0")]
    pub fn take(&self) -> T {
  efa840:	48 83 ec 18          	sub    $0x18,%rsp
  efa844:	48 89 3c 24          	mov    %rdi,(%rsp)
  efa848:	48 89 7c 24 08       	mov    %rdi,0x8(%rsp)
        self.replace(Default::default())
  efa84d:	e8 3e d9 ff ff       	call   ef8190 <_ZN72_$LT$core..option..Option$LT$T$GT$$u20$as$u20$core..default..Default$GT$7default17ha17c87605f3ff276E>
  efa852:	48 8b 3c 24          	mov    (%rsp),%rdi
  efa856:	48 89 c1             	mov    %rax,%rcx
  efa859:	48 89 4c 24 10       	mov    %rcx,0x10(%rsp)
        let result = crate::intrinsics::read_via_copy(dest);
  efa85e:	48 8b 07             	mov    (%rdi),%rax
        crate::intrinsics::write_via_move(dest, src);
  efa861:	48 89 0f             	mov    %rcx,(%rdi)
    }
  efa864:	48 83 c4 18          	add    $0x18,%rsp
  efa868:	c3                   	ret
  efa869:	cc                   	int3
  efa86a:	cc                   	int3
  efa86b:	cc                   	int3
  efa86c:	cc                   	int3
  efa86d:	cc                   	int3
  efa86e:	cc                   	int3
  efa86f:	cc                   	int3

0000000000efa870 <_ZN145_$LT$core..option..Option$LT$T$GT$$u20$as$u20$core..ops..try_trait..FromResidual$LT$core..option..Option$LT$core..convert..Infallible$GT$$GT$$GT$13from_residual17hf175b32961254a07E>:
    fn from_residual(residual: Option<convert::Infallible>) -> Self {
  efa870:	48 83 ec 10          	sub    $0x10,%rsp
            None => None,
  efa874:	48 c7 04 24 00 00 00 	movq   $0x0,(%rsp)
  efa87b:	00 
    }
  efa87c:	48 8b 04 24          	mov    (%rsp),%rax
  efa880:	48 83 c4 10          	add    $0x10,%rsp
  efa884:	c3                   	ret
  efa885:	cc                   	int3
  efa886:	cc                   	int3
  efa887:	cc                   	int3
  efa888:	cc                   	int3
  efa889:	cc                   	int3
  efa88a:	cc                   	int3
  efa88b:	cc                   	int3
  efa88c:	cc                   	int3
  efa88d:	cc                   	int3
  efa88e:	cc                   	int3
  efa88f:	cc                   	int3

0000000000efa890 <_ZN45_$LT$$LP$$RP$$u20$as$u20$core..fmt..Debug$GT$3fmt17h73d398809d2626adE>:
    fn fmt(&self, f: &mut Formatter<'_>) -> Result {
  efa890:	48 83 ec 18          	sub    $0x18,%rsp
  efa894:	48 89 34 24          	mov    %rsi,(%rsp)
  efa898:	48 89 f8             	mov    %rdi,%rax
  efa89b:	48 8b 3c 24          	mov    (%rsp),%rdi
  efa89f:	48 89 44 24 08       	mov    %rax,0x8(%rsp)
  efa8a4:	48 89 7c 24 10       	mov    %rdi,0x10(%rsp)
        f.pad("()")
  efa8a9:	48 c7 c6 e0 f1 ee 00 	mov    $0xeef1e0,%rsi
  efa8b0:	ba 02 00 00 00       	mov    $0x2,%edx
  efa8b5:	e8 16 24 00 00       	call   efccd0 <_ZN4core3fmt9Formatter3pad17h404afbaf9d8dfecbE>
    }
  efa8ba:	24 01                	and    $0x1,%al
  efa8bc:	48 83 c4 18          	add    $0x18,%rsp
  efa8c0:	c3                   	ret
  efa8c1:	cc                   	int3
  efa8c2:	cc                   	int3
  efa8c3:	cc                   	int3
  efa8c4:	cc                   	int3
  efa8c5:	cc                   	int3
  efa8c6:	cc                   	int3
  efa8c7:	cc                   	int3
  efa8c8:	cc                   	int3
  efa8c9:	cc                   	int3
  efa8ca:	cc                   	int3
  efa8cb:	cc                   	int3
  efa8cc:	cc                   	int3
  efa8cd:	cc                   	int3
  efa8ce:	cc                   	int3
  efa8cf:	cc                   	int3

0000000000efa8d0 <_ZN47_$LT$$LP$$RP$$u20$as$u20$core..unit..IsUnit$GT$7is_unit17h22934e2ac0dbc46dE>:
}

impl IsUnit for () {
    fn is_unit() -> bool {
        true
    }
  efa8d0:	b0 01                	mov    $0x1,%al
  efa8d2:	24 01                	and    $0x1,%al
  efa8d4:	c3                   	ret
  efa8d5:	cc                   	int3
  efa8d6:	cc                   	int3
  efa8d7:	cc                   	int3
  efa8d8:	cc                   	int3
  efa8d9:	cc                   	int3
  efa8da:	cc                   	int3
  efa8db:	cc                   	int3
  efa8dc:	cc                   	int3
  efa8dd:	cc                   	int3
  efa8de:	cc                   	int3
  efa8df:	cc                   	int3

0000000000efa8e0 <_ZN49_$LT$usize$u20$as$u20$core..iter..range..Step$GT$17forward_unchecked17h44b440df43f49230E>:
}

macro_rules! step_unsigned_methods {
    () => {
        #[inline]
        unsafe fn forward_unchecked(start: Self, n: usize) -> Self {
  efa8e0:	48 83 ec 28          	sub    $0x28,%rsp
  efa8e4:	48 89 74 24 08       	mov    %rsi,0x8(%rsp)
  efa8e9:	48 89 7c 24 10       	mov    %rdi,0x10(%rsp)
  efa8ee:	48 89 7c 24 18       	mov    %rdi,0x18(%rsp)
  efa8f3:	48 89 74 24 20       	mov    %rsi,0x20(%rsp)
  efa8f8:	48 8b 74 24 08       	mov    0x8(%rsp),%rsi
  efa8fd:	48 8b 7c 24 10       	mov    0x10(%rsp),%rdi
                precondition_check($($arg,)*);
  efa902:	e8 d9 04 00 00       	call   efade0 <_ZN4core3num23_$LT$impl$u20$usize$GT$13unchecked_add18precondition_check17hb5bda5126172aecdE>
  efa907:	48 8b 4c 24 08       	mov    0x8(%rsp),%rcx
  efa90c:	48 8b 44 24 10       	mov    0x10(%rsp),%rax
                intrinsics::unchecked_add(self, rhs)
  efa911:	48 01 c8             	add    %rcx,%rax
            // SAFETY: the caller has to guarantee that `start + n` doesn't overflow.
            unsafe { start.unchecked_add(n as Self) }
        }
  efa914:	48 83 c4 28          	add    $0x28,%rsp
  efa918:	c3                   	ret
  efa919:	cc                   	int3
  efa91a:	cc                   	int3
  efa91b:	cc                   	int3
  efa91c:	cc                   	int3
  efa91d:	cc                   	int3
  efa91e:	cc                   	int3
  efa91f:	cc                   	int3

0000000000efa920 <_ZN4core3cmp3Ord3min17ha76ae1133fc888b9E>:
    fn min(self, other: Self) -> Self
  efa920:	48 83 ec 28          	sub    $0x28,%rsp
  efa924:	48 89 3c 24          	mov    %rdi,(%rsp)
  efa928:	48 89 74 24 08       	mov    %rsi,0x8(%rsp)
  efa92d:	48 8d 44 24 08       	lea    0x8(%rsp),%rax
  efa932:	48 89 44 24 18       	mov    %rax,0x18(%rsp)
  efa937:	48 89 e0             	mov    %rsp,%rax
  efa93a:	48 89 44 24 20       	mov    %rax,0x20(%rsp)
            fn lt(&self, other: &Self) -> bool { *self <  *other }
  efa93f:	48 8b 44 24 08       	mov    0x8(%rsp),%rax
  efa944:	48 3b 04 24          	cmp    (%rsp),%rax
        if other < self { other } else { self }
  efa948:	72 0b                	jb     efa955 <_ZN4core3cmp3Ord3min17ha76ae1133fc888b9E+0x35>
  efa94a:	48 8b 04 24          	mov    (%rsp),%rax
  efa94e:	48 89 44 24 10       	mov    %rax,0x10(%rsp)
    }
  efa953:	eb 0c                	jmp    efa961 <_ZN4core3cmp3Ord3min17ha76ae1133fc888b9E+0x41>
        if other < self { other } else { self }
  efa955:	48 8b 44 24 08       	mov    0x8(%rsp),%rax
  efa95a:	48 89 44 24 10       	mov    %rax,0x10(%rsp)
    }
  efa95f:	eb 0a                	jmp    efa96b <_ZN4core3cmp3Ord3min17ha76ae1133fc888b9E+0x4b>
  efa961:	48 8b 44 24 10       	mov    0x10(%rsp),%rax
  efa966:	48 83 c4 28          	add    $0x28,%rsp
  efa96a:	c3                   	ret
  efa96b:	eb f4                	jmp    efa961 <_ZN4core3cmp3Ord3min17ha76ae1133fc888b9E+0x41>
  efa96d:	cc                   	int3
  efa96e:	cc                   	int3
  efa96f:	cc                   	int3

0000000000efa970 <_ZN4core3fmt2rt8Argument11new_pointer17hf095b2927fccefe2E>:
    #[inline]
    pub fn new_upper_hex<T: UpperHex>(x: &T) -> Argument<'_> {
        argument_new!(T, x, <T as UpperHex>::fmt)
    }
    #[inline]
    pub fn new_pointer<T: Pointer>(x: &T) -> Argument<'_> {
  efa970:	48 83 ec 18          	sub    $0x18,%rsp
  efa974:	48 89 f8             	mov    %rdi,%rax
  efa977:	48 89 74 24 10       	mov    %rsi,0x10(%rsp)
            ty: ArgumentType::Placeholder {
  efa97c:	48 89 34 24          	mov    %rsi,(%rsp)
  efa980:	48 c7 44 24 08 f0 ae 	movq   $0xefaef0,0x8(%rsp)
  efa987:	ef 00 
        Argument {
  efa989:	48 8b 0c 24          	mov    (%rsp),%rcx
  efa98d:	48 89 0f             	mov    %rcx,(%rdi)
  efa990:	48 8b 4c 24 08       	mov    0x8(%rsp),%rcx
  efa995:	48 89 4f 08          	mov    %rcx,0x8(%rdi)
        argument_new!(T, x, <T as Pointer>::fmt)
    }
  efa999:	48 83 c4 18          	add    $0x18,%rsp
  efa99d:	c3                   	ret
  efa99e:	cc                   	int3
  efa99f:	cc                   	int3

0000000000efa9a0 <_ZN4core3fmt8builders11DebugStruct10field_with17h87cd73f0af7589cfE>:
    /// Adds a new field to the generated struct output.
    ///
    /// This method is equivalent to [`DebugStruct::field`], but formats the
    /// value using a provided closure rather than by calling [`Debug::fmt`].
    #[unstable(feature = "debug_closure_helpers", issue = "117729")]
    pub fn field_with<F>(&mut self, name: &str, value_fmt: F) -> &mut Self
  efa9a0:	48 83 ec 78          	sub    $0x78,%rsp
  efa9a4:	48 89 3c 24          	mov    %rdi,(%rsp)
  efa9a8:	48 89 7c 24 50       	mov    %rdi,0x50(%rsp)
  efa9ad:	48 89 74 24 58       	mov    %rsi,0x58(%rsp)
  efa9b2:	48 89 54 24 60       	mov    %rdx,0x60(%rsp)
  efa9b7:	48 89 4c 24 68       	mov    %rcx,0x68(%rsp)
    where
        F: FnOnce(&mut fmt::Formatter<'_>) -> fmt::Result,
    {
        self.result = self.result.and_then(|_| {
  efa9bc:	8a 47 08             	mov    0x8(%rdi),%al
  efa9bf:	41 88 c0             	mov    %al,%r8b
  efa9c2:	41 80 e0 01          	and    $0x1,%r8b
  efa9c6:	44 88 44 24 77       	mov    %r8b,0x77(%rsp)
  efa9cb:	48 89 7c 24 10       	mov    %rdi,0x10(%rsp)
  efa9d0:	48 89 74 24 18       	mov    %rsi,0x18(%rsp)
  efa9d5:	48 89 54 24 20       	mov    %rdx,0x20(%rsp)
  efa9da:	48 89 4c 24 28       	mov    %rcx,0x28(%rsp)
        match self {
  efa9df:	24 01                	and    $0x1,%al
  efa9e1:	0f b6 c0             	movzbl %al,%eax
  efa9e4:	48 a9 01 00 00 00    	test   $0x1,%rax
  efa9ea:	74 07                	je     efa9f3 <_ZN4core3fmt8builders11DebugStruct10field_with17h87cd73f0af7589cfE+0x53>
            Err(e) => Err(e),
  efa9ec:	c6 44 24 0f 01       	movb   $0x1,0xf(%rsp)
    }
  efa9f1:	eb 38                	jmp    efaa2b <_ZN4core3fmt8builders11DebugStruct10field_with17h87cd73f0af7589cfE+0x8b>
            Ok(t) => op(t),
  efa9f3:	48 8b 44 24 10       	mov    0x10(%rsp),%rax
  efa9f8:	48 89 44 24 30       	mov    %rax,0x30(%rsp)
  efa9fd:	48 8b 44 24 18       	mov    0x18(%rsp),%rax
  efaa02:	48 89 44 24 38       	mov    %rax,0x38(%rsp)
  efaa07:	48 8b 44 24 20       	mov    0x20(%rsp),%rax
  efaa0c:	48 89 44 24 40       	mov    %rax,0x40(%rsp)
  efaa11:	48 8b 44 24 28       	mov    0x28(%rsp),%rax
  efaa16:	48 89 44 24 48       	mov    %rax,0x48(%rsp)
  efaa1b:	48 8d 7c 24 30       	lea    0x30(%rsp),%rdi
  efaa20:	e8 2b 00 00 00       	call   efaa50 <_ZN4core3fmt8builders11DebugStruct10field_with28_$u7b$$u7b$closure$u7d$$u7d$17h8eb22e697cd8bd7dE>
  efaa25:	24 01                	and    $0x1,%al
  efaa27:	88 44 24 0f          	mov    %al,0xf(%rsp)
  efaa2b:	48 8b 04 24          	mov    (%rsp),%rax
  efaa2f:	8a 4c 24 0f          	mov    0xf(%rsp),%cl
  efaa33:	80 e1 01             	and    $0x1,%cl
  efaa36:	88 48 08             	mov    %cl,0x8(%rax)
                self.fmt.write_str(": ")?;
                value_fmt(self.fmt)
            }
        });

        self.has_fields = true;
  efaa39:	c6 40 09 01          	movb   $0x1,0x9(%rax)
        self
    }
  efaa3d:	48 83 c4 78          	add    $0x78,%rsp
  efaa41:	c3                   	ret
  efaa42:	cc                   	int3
  efaa43:	cc                   	int3
  efaa44:	cc                   	int3
  efaa45:	cc                   	int3
  efaa46:	cc                   	int3
  efaa47:	cc                   	int3
  efaa48:	cc                   	int3
  efaa49:	cc                   	int3
  efaa4a:	cc                   	int3
  efaa4b:	cc                   	int3
  efaa4c:	cc                   	int3
  efaa4d:	cc                   	int3
  efaa4e:	cc                   	int3
  efaa4f:	cc                   	int3

0000000000efaa50 <_ZN4core3fmt8builders11DebugStruct10field_with28_$u7b$$u7b$closure$u7d$$u7d$17h8eb22e697cd8bd7dE>:
        self.result = self.result.and_then(|_| {
  efaa50:	48 81 ec a8 00 00 00 	sub    $0xa8,%rsp
  efaa57:	48 89 7c 24 08       	mov    %rdi,0x8(%rsp)
            if self.is_pretty() {
  efaa5c:	c6 44 24 65 01       	movb   $0x1,0x65(%rsp)
  efaa61:	48 8b 07             	mov    (%rdi),%rax
  efaa64:	48 89 84 24 98 00 00 	mov    %rax,0x98(%rsp)
  efaa6b:	00 
        }
        self.result
    }

    fn is_pretty(&self) -> bool {
        self.fmt.alternate()
  efaa6c:	48 8b 00             	mov    (%rax),%rax
        self.options.flags & flags::ALTERNATE_FLAG != 0
  efaa6f:	8b 40 10             	mov    0x10(%rax),%eax
  efaa72:	25 00 00 80 00       	and    $0x800000,%eax
            if self.is_pretty() {
  efaa77:	83 f8 00             	cmp    $0x0,%eax
  efaa7a:	75 10                	jne    efaa8c <_ZN4core3fmt8builders11DebugStruct10field_with28_$u7b$$u7b$closure$u7d$$u7d$17h8eb22e697cd8bd7dE+0x3c>
  efaa7c:	48 8b 44 24 08       	mov    0x8(%rsp),%rax
                let prefix = if self.has_fields { ", " } else { " { " };
  efaa81:	48 8b 00             	mov    (%rax),%rax
  efaa84:	f6 40 09 01          	testb  $0x1,0x9(%rax)
  efaa88:	75 2d                	jne    efaab7 <_ZN4core3fmt8builders11DebugStruct10field_with28_$u7b$$u7b$closure$u7d$$u7d$17h8eb22e697cd8bd7dE+0x67>
  efaa8a:	eb 17                	jmp    efaaa3 <_ZN4core3fmt8builders11DebugStruct10field_with28_$u7b$$u7b$closure$u7d$$u7d$17h8eb22e697cd8bd7dE+0x53>
  efaa8c:	48 8b 44 24 08       	mov    0x8(%rsp),%rax
                if !self.has_fields {
  efaa91:	48 8b 00             	mov    (%rax),%rax
  efaa94:	f6 40 09 01          	testb  $0x1,0x9(%rax)
  efaa98:	0f 85 44 01 00 00    	jne    efabe2 <_ZN4core3fmt8builders11DebugStruct10field_with28_$u7b$$u7b$closure$u7d$$u7d$17h8eb22e697cd8bd7dE+0x192>
  efaa9e:	e9 08 01 00 00       	jmp    efabab <_ZN4core3fmt8builders11DebugStruct10field_with28_$u7b$$u7b$closure$u7d$$u7d$17h8eb22e697cd8bd7dE+0x15b>
                let prefix = if self.has_fields { ", " } else { " { " };
  efaaa3:	48 c7 44 24 50 e2 f1 	movq   $0xeef1e2,0x50(%rsp)
  efaaaa:	ee 00 
  efaaac:	48 c7 44 24 58 03 00 	movq   $0x3,0x58(%rsp)
  efaab3:	00 00 
  efaab5:	eb 12                	jmp    efaac9 <_ZN4core3fmt8builders11DebugStruct10field_with28_$u7b$$u7b$closure$u7d$$u7d$17h8eb22e697cd8bd7dE+0x79>
  efaab7:	48 c7 44 24 50 e5 f1 	movq   $0xeef1e5,0x50(%rsp)
  efaabe:	ee 00 
  efaac0:	48 c7 44 24 58 02 00 	movq   $0x2,0x58(%rsp)
  efaac7:	00 00 
  efaac9:	48 8b 44 24 08       	mov    0x8(%rsp),%rax
                self.fmt.write_str(prefix)?;
  efaace:	48 8b 00             	mov    (%rax),%rax
  efaad1:	48 8b 38             	mov    (%rax),%rdi
  efaad4:	48 8b 74 24 50       	mov    0x50(%rsp),%rsi
  efaad9:	48 8b 54 24 58       	mov    0x58(%rsp),%rdx
  efaade:	e8 8d 24 00 00       	call   efcf70 <_ZN4core3fmt9Formatter9write_str17hf965cee11a947509E>
  efaae3:	88 c1                	mov    %al,%cl
  efaae5:	80 e1 01             	and    $0x1,%cl
  efaae8:	88 8c 24 a1 00 00 00 	mov    %cl,0xa1(%rsp)
        match self {
  efaaef:	24 01                	and    $0x1,%al
  efaaf1:	0f b6 c0             	movzbl %al,%eax
  efaaf4:	48 a9 01 00 00 00    	test   $0x1,%rax
  efaafa:	74 0a                	je     efab06 <_ZN4core3fmt8builders11DebugStruct10field_with28_$u7b$$u7b$closure$u7d$$u7d$17h8eb22e697cd8bd7dE+0xb6>
            Err(e) => Err(From::from(e)),
  efaafc:	c6 44 24 17 01       	movb   $0x1,0x17(%rsp)
  efab01:	e9 93 00 00 00       	jmp    efab99 <_ZN4core3fmt8builders11DebugStruct10field_with28_$u7b$$u7b$closure$u7d$$u7d$17h8eb22e697cd8bd7dE+0x149>
  efab06:	48 8b 44 24 08       	mov    0x8(%rsp),%rax
                self.fmt.write_str(name)?;
  efab0b:	48 8b 08             	mov    (%rax),%rcx
  efab0e:	48 8b 39             	mov    (%rcx),%rdi
  efab11:	48 8b 70 08          	mov    0x8(%rax),%rsi
  efab15:	48 8b 50 10          	mov    0x10(%rax),%rdx
  efab19:	e8 52 24 00 00       	call   efcf70 <_ZN4core3fmt9Formatter9write_str17hf965cee11a947509E>
  efab1e:	88 c1                	mov    %al,%cl
  efab20:	80 e1 01             	and    $0x1,%cl
  efab23:	88 8c 24 a2 00 00 00 	mov    %cl,0xa2(%rsp)
        match self {
  efab2a:	24 01                	and    $0x1,%al
  efab2c:	0f b6 c0             	movzbl %al,%eax
  efab2f:	48 a9 01 00 00 00    	test   $0x1,%rax
  efab35:	74 07                	je     efab3e <_ZN4core3fmt8builders11DebugStruct10field_with28_$u7b$$u7b$closure$u7d$$u7d$17h8eb22e697cd8bd7dE+0xee>
            Err(e) => Err(From::from(e)),
  efab37:	c6 44 24 17 01       	movb   $0x1,0x17(%rsp)
  efab3c:	eb 5b                	jmp    efab99 <_ZN4core3fmt8builders11DebugStruct10field_with28_$u7b$$u7b$closure$u7d$$u7d$17h8eb22e697cd8bd7dE+0x149>
  efab3e:	48 8b 44 24 08       	mov    0x8(%rsp),%rax
                self.fmt.write_str(": ")?;
  efab43:	48 8b 00             	mov    (%rax),%rax
  efab46:	48 8b 38             	mov    (%rax),%rdi
  efab49:	48 c7 c6 e7 f1 ee 00 	mov    $0xeef1e7,%rsi
  efab50:	ba 02 00 00 00       	mov    $0x2,%edx
  efab55:	e8 16 24 00 00       	call   efcf70 <_ZN4core3fmt9Formatter9write_str17hf965cee11a947509E>
  efab5a:	88 c1                	mov    %al,%cl
  efab5c:	80 e1 01             	and    $0x1,%cl
  efab5f:	88 8c 24 a3 00 00 00 	mov    %cl,0xa3(%rsp)
        match self {
  efab66:	24 01                	and    $0x1,%al
  efab68:	0f b6 c0             	movzbl %al,%eax
  efab6b:	48 a9 01 00 00 00    	test   $0x1,%rax
  efab71:	74 07                	je     efab7a <_ZN4core3fmt8builders11DebugStruct10field_with28_$u7b$$u7b$closure$u7d$$u7d$17h8eb22e697cd8bd7dE+0x12a>
            Err(e) => Err(From::from(e)),
  efab73:	c6 44 24 17 01       	movb   $0x1,0x17(%rsp)
  efab78:	eb 1f                	jmp    efab99 <_ZN4core3fmt8builders11DebugStruct10field_with28_$u7b$$u7b$closure$u7d$$u7d$17h8eb22e697cd8bd7dE+0x149>
  efab7a:	48 8b 44 24 08       	mov    0x8(%rsp),%rax
                value_fmt(self.fmt)
  efab7f:	48 8b 78 18          	mov    0x18(%rax),%rdi
  efab83:	48 8b 00             	mov    (%rax),%rax
  efab86:	48 8b 30             	mov    (%rax),%rsi
  efab89:	e8 52 04 00 00       	call   efafe0 <_ZN54_$LT$$BP$const$u20$T$u20$as$u20$core..fmt..Pointer$GT$3fmt28_$u7b$$u7b$closure$u7d$$u7d$17hb80b05329639c5ffE>
  efab8e:	24 01                	and    $0x1,%al
  efab90:	88 44 24 17          	mov    %al,0x17(%rsp)
        });
  efab94:	e9 4d 01 00 00       	jmp    eface6 <_ZN4core3fmt8builders11DebugStruct10field_with28_$u7b$$u7b$closure$u7d$$u7d$17h8eb22e697cd8bd7dE+0x296>
  efab99:	eb 00                	jmp    efab9b <_ZN4core3fmt8builders11DebugStruct10field_with28_$u7b$$u7b$closure$u7d$$u7d$17h8eb22e697cd8bd7dE+0x14b>
  efab9b:	f6 44 24 65 01       	testb  $0x1,0x65(%rsp)
  efaba0:	0f 85 53 01 00 00    	jne    efacf9 <_ZN4core3fmt8builders11DebugStruct10field_with28_$u7b$$u7b$closure$u7d$$u7d$17h8eb22e697cd8bd7dE+0x2a9>
  efaba6:	e9 3b 01 00 00       	jmp    eface6 <_ZN4core3fmt8builders11DebugStruct10field_with28_$u7b$$u7b$closure$u7d$$u7d$17h8eb22e697cd8bd7dE+0x296>
  efabab:	48 8b 44 24 08       	mov    0x8(%rsp),%rax
                    self.fmt.write_str(" {\n")?;
  efabb0:	48 8b 00             	mov    (%rax),%rax
  efabb3:	48 8b 38             	mov    (%rax),%rdi
  efabb6:	48 c7 c6 e9 f1 ee 00 	mov    $0xeef1e9,%rsi
  efabbd:	ba 03 00 00 00       	mov    $0x3,%edx
  efabc2:	e8 a9 23 00 00       	call   efcf70 <_ZN4core3fmt9Formatter9write_str17hf965cee11a947509E>
  efabc7:	88 c1                	mov    %al,%cl
  efabc9:	80 e1 01             	and    $0x1,%cl
  efabcc:	88 8c 24 a4 00 00 00 	mov    %cl,0xa4(%rsp)
        match self {
  efabd3:	24 01                	and    $0x1,%al
  efabd5:	0f b6 c0             	movzbl %al,%eax
  efabd8:	48 a9 01 00 00 00    	test   $0x1,%rax
  efabde:	75 61                	jne    efac41 <_ZN4core3fmt8builders11DebugStruct10field_with28_$u7b$$u7b$closure$u7d$$u7d$17h8eb22e697cd8bd7dE+0x1f1>
  efabe0:	eb 69                	jmp    efac4b <_ZN4core3fmt8builders11DebugStruct10field_with28_$u7b$$u7b$closure$u7d$$u7d$17h8eb22e697cd8bd7dE+0x1fb>
  efabe2:	48 8b 44 24 08       	mov    0x8(%rsp),%rax
                let mut slot = None;
  efabe7:	48 c7 44 24 18 00 00 	movq   $0x0,0x18(%rsp)
  efabee:	00 00 
        PadAdapterState { on_newline: true }
  efabf0:	c6 44 24 37 01       	movb   $0x1,0x37(%rsp)
                let mut writer = PadAdapter::wrap(self.fmt, &mut slot, &mut state);
  efabf5:	48 8b 00             	mov    (%rax),%rax
  efabf8:	48 8b 30             	mov    (%rax),%rsi
  efabfb:	48 8d 7c 24 38       	lea    0x38(%rsp),%rdi
  efac00:	48 8d 54 24 18       	lea    0x18(%rsp),%rdx
  efac05:	48 8d 4c 24 37       	lea    0x37(%rsp),%rcx
  efac0a:	e8 f1 15 00 00       	call   efc200 <_ZN4core3fmt8builders10PadAdapter4wrap17ha72ab7c4e477f246E>
  efac0f:	48 8b 44 24 08       	mov    0x8(%rsp),%rax
                writer.write_str(name)?;
  efac14:	48 8b 70 08          	mov    0x8(%rax),%rsi
  efac18:	48 8b 50 10          	mov    0x10(%rax),%rdx
  efac1c:	48 8d 7c 24 38       	lea    0x38(%rsp),%rdi
  efac21:	e8 4a 23 00 00       	call   efcf70 <_ZN4core3fmt9Formatter9write_str17hf965cee11a947509E>
  efac26:	88 c1                	mov    %al,%cl
  efac28:	80 e1 01             	and    $0x1,%cl
  efac2b:	88 8c 24 a5 00 00 00 	mov    %cl,0xa5(%rsp)
  efac32:	24 01                	and    $0x1,%al
  efac34:	0f b6 c0             	movzbl %al,%eax
  efac37:	48 a9 01 00 00 00    	test   $0x1,%rax
  efac3d:	75 0e                	jne    efac4d <_ZN4core3fmt8builders11DebugStruct10field_with28_$u7b$$u7b$closure$u7d$$u7d$17h8eb22e697cd8bd7dE+0x1fd>
  efac3f:	eb 16                	jmp    efac57 <_ZN4core3fmt8builders11DebugStruct10field_with28_$u7b$$u7b$closure$u7d$$u7d$17h8eb22e697cd8bd7dE+0x207>
            Err(e) => Err(From::from(e)),
  efac41:	c6 44 24 17 01       	movb   $0x1,0x17(%rsp)
  efac46:	e9 50 ff ff ff       	jmp    efab9b <_ZN4core3fmt8builders11DebugStruct10field_with28_$u7b$$u7b$closure$u7d$$u7d$17h8eb22e697cd8bd7dE+0x14b>
                if !self.has_fields {
  efac4b:	eb 95                	jmp    efabe2 <_ZN4core3fmt8builders11DebugStruct10field_with28_$u7b$$u7b$closure$u7d$$u7d$17h8eb22e697cd8bd7dE+0x192>
  efac4d:	c6 44 24 17 01       	movb   $0x1,0x17(%rsp)
  efac52:	e9 9d 00 00 00       	jmp    efacf4 <_ZN4core3fmt8builders11DebugStruct10field_with28_$u7b$$u7b$closure$u7d$$u7d$17h8eb22e697cd8bd7dE+0x2a4>
                writer.write_str(": ")?;
  efac57:	48 c7 c6 e7 f1 ee 00 	mov    $0xeef1e7,%rsi
  efac5e:	48 8d 7c 24 38       	lea    0x38(%rsp),%rdi
  efac63:	ba 02 00 00 00       	mov    $0x2,%edx
  efac68:	e8 03 23 00 00       	call   efcf70 <_ZN4core3fmt9Formatter9write_str17hf965cee11a947509E>
  efac6d:	88 c1                	mov    %al,%cl
  efac6f:	80 e1 01             	and    $0x1,%cl
  efac72:	88 8c 24 a6 00 00 00 	mov    %cl,0xa6(%rsp)
        match self {
  efac79:	24 01                	and    $0x1,%al
  efac7b:	0f b6 c0             	movzbl %al,%eax
  efac7e:	48 a9 01 00 00 00    	test   $0x1,%rax
  efac84:	74 07                	je     efac8d <_ZN4core3fmt8builders11DebugStruct10field_with28_$u7b$$u7b$closure$u7d$$u7d$17h8eb22e697cd8bd7dE+0x23d>
            Err(e) => Err(From::from(e)),
  efac86:	c6 44 24 17 01       	movb   $0x1,0x17(%rsp)
  efac8b:	eb 67                	jmp    efacf4 <_ZN4core3fmt8builders11DebugStruct10field_with28_$u7b$$u7b$closure$u7d$$u7d$17h8eb22e697cd8bd7dE+0x2a4>
  efac8d:	48 8b 44 24 08       	mov    0x8(%rsp),%rax
                value_fmt(&mut writer)?;
  efac92:	c6 44 24 65 00       	movb   $0x0,0x65(%rsp)
  efac97:	48 8b 78 18          	mov    0x18(%rax),%rdi
  efac9b:	48 8d 74 24 38       	lea    0x38(%rsp),%rsi
  efaca0:	e8 3b 03 00 00       	call   efafe0 <_ZN54_$LT$$BP$const$u20$T$u20$as$u20$core..fmt..Pointer$GT$3fmt28_$u7b$$u7b$closure$u7d$$u7d$17hb80b05329639c5ffE>
  efaca5:	88 c1                	mov    %al,%cl
  efaca7:	80 e1 01             	and    $0x1,%cl
  efacaa:	88 8c 24 a7 00 00 00 	mov    %cl,0xa7(%rsp)
        match self {
  efacb1:	24 01                	and    $0x1,%al
  efacb3:	0f b6 c0             	movzbl %al,%eax
  efacb6:	48 a9 01 00 00 00    	test   $0x1,%rax
  efacbc:	74 07                	je     efacc5 <_ZN4core3fmt8builders11DebugStruct10field_with28_$u7b$$u7b$closure$u7d$$u7d$17h8eb22e697cd8bd7dE+0x275>
            Err(e) => Err(From::from(e)),
  efacbe:	c6 44 24 17 01       	movb   $0x1,0x17(%rsp)
  efacc3:	eb 2f                	jmp    efacf4 <_ZN4core3fmt8builders11DebugStruct10field_with28_$u7b$$u7b$closure$u7d$$u7d$17h8eb22e697cd8bd7dE+0x2a4>
                writer.write_str(",\n")
  efacc5:	48 c7 c6 ec f1 ee 00 	mov    $0xeef1ec,%rsi
  efaccc:	48 8d 7c 24 38       	lea    0x38(%rsp),%rdi
  efacd1:	ba 02 00 00 00       	mov    $0x2,%edx
  efacd6:	e8 95 22 00 00       	call   efcf70 <_ZN4core3fmt9Formatter9write_str17hf965cee11a947509E>
  efacdb:	24 01                	and    $0x1,%al
  efacdd:	88 44 24 17          	mov    %al,0x17(%rsp)
            if self.is_pretty() {
  eface1:	e9 ae fe ff ff       	jmp    efab94 <_ZN4core3fmt8builders11DebugStruct10field_with28_$u7b$$u7b$closure$u7d$$u7d$17h8eb22e697cd8bd7dE+0x144>
        });
  eface6:	8a 44 24 17          	mov    0x17(%rsp),%al
  efacea:	24 01                	and    $0x1,%al
  efacec:	48 81 c4 a8 00 00 00 	add    $0xa8,%rsp
  efacf3:	c3                   	ret
  efacf4:	e9 a2 fe ff ff       	jmp    efab9b <_ZN4core3fmt8builders11DebugStruct10field_with28_$u7b$$u7b$closure$u7d$$u7d$17h8eb22e697cd8bd7dE+0x14b>
  efacf9:	eb eb                	jmp    eface6 <_ZN4core3fmt8builders11DebugStruct10field_with28_$u7b$$u7b$closure$u7d$$u7d$17h8eb22e697cd8bd7dE+0x296>
  efacfb:	cc                   	int3
  efacfc:	cc                   	int3
  efacfd:	cc                   	int3
  efacfe:	cc                   	int3
  efacff:	cc                   	int3

0000000000efad00 <_ZN4core3fmt9Arguments6new_v117hec31f5346f9bf813E>:
    pub const fn new_v1<const P: usize, const A: usize>(
  efad00:	48 83 ec 10          	sub    $0x10,%rsp
  efad04:	48 89 f8             	mov    %rdi,%rax
  efad07:	48 89 34 24          	mov    %rsi,(%rsp)
  efad0b:	48 89 54 24 08       	mov    %rdx,0x8(%rsp)
        Arguments { pieces, fmt: None, args }
  efad10:	48 89 37             	mov    %rsi,(%rdi)
  efad13:	48 c7 47 08 01 00 00 	movq   $0x1,0x8(%rdi)
  efad1a:	00 
  efad1b:	48 8b 35 96 55 30 ff 	mov    -0xcfaa6a(%rip),%rsi        # 2002b8 <_ZN63_$LT$common_std..error..RcError$u20$as$u20$core..fmt..Debug$GT$3fmt17h5af9ecfea329b2e5E-0xcf0988>
  efad22:	48 8b 0d 97 55 30 ff 	mov    -0xcfaa69(%rip),%rcx        # 2002c0 <_ZN63_$LT$common_std..error..RcError$u20$as$u20$core..fmt..Debug$GT$3fmt17h5af9ecfea329b2e5E-0xcf0980>
  efad29:	48 89 77 20          	mov    %rsi,0x20(%rdi)
  efad2d:	48 89 4f 28          	mov    %rcx,0x28(%rdi)
  efad31:	48 89 57 10          	mov    %rdx,0x10(%rdi)
  efad35:	48 c7 47 18 01 00 00 	movq   $0x1,0x18(%rdi)
  efad3c:	00 
    }
  efad3d:	48 83 c4 10          	add    $0x10,%rsp
  efad41:	c3                   	ret
  efad42:	cc                   	int3
  efad43:	cc                   	int3
  efad44:	cc                   	int3
  efad45:	cc                   	int3
  efad46:	cc                   	int3
  efad47:	cc                   	int3
  efad48:	cc                   	int3
  efad49:	cc                   	int3
  efad4a:	cc                   	int3
  efad4b:	cc                   	int3
  efad4c:	cc                   	int3
  efad4d:	cc                   	int3
  efad4e:	cc                   	int3
  efad4f:	cc                   	int3

0000000000efad50 <_ZN4core3fmt9Arguments6new_v117hff58774b59901d1bE>:
    pub const fn new_v1<const P: usize, const A: usize>(
  efad50:	48 83 ec 10          	sub    $0x10,%rsp
  efad54:	48 89 f8             	mov    %rdi,%rax
  efad57:	48 89 34 24          	mov    %rsi,(%rsp)
  efad5b:	48 89 54 24 08       	mov    %rdx,0x8(%rsp)
        Arguments { pieces, fmt: None, args }
  efad60:	48 89 37             	mov    %rsi,(%rdi)
  efad63:	48 c7 47 08 03 00 00 	movq   $0x3,0x8(%rdi)
  efad6a:	00 
  efad6b:	48 8b 35 46 55 30 ff 	mov    -0xcfaaba(%rip),%rsi        # 2002b8 <_ZN63_$LT$common_std..error..RcError$u20$as$u20$core..fmt..Debug$GT$3fmt17h5af9ecfea329b2e5E-0xcf0988>
  efad72:	48 8b 0d 47 55 30 ff 	mov    -0xcfaab9(%rip),%rcx        # 2002c0 <_ZN63_$LT$common_std..error..RcError$u20$as$u20$core..fmt..Debug$GT$3fmt17h5af9ecfea329b2e5E-0xcf0980>
  efad79:	48 89 77 20          	mov    %rsi,0x20(%rdi)
  efad7d:	48 89 4f 28          	mov    %rcx,0x28(%rdi)
  efad81:	48 89 57 10          	mov    %rdx,0x10(%rdi)
  efad85:	48 c7 47 18 02 00 00 	movq   $0x2,0x18(%rdi)
  efad8c:	00 
    }
  efad8d:	48 83 c4 10          	add    $0x10,%rsp
  efad91:	c3                   	ret
  efad92:	cc                   	int3
  efad93:	cc                   	int3
  efad94:	cc                   	int3
  efad95:	cc                   	int3
  efad96:	cc                   	int3
  efad97:	cc                   	int3
  efad98:	cc                   	int3
  efad99:	cc                   	int3
  efad9a:	cc                   	int3
  efad9b:	cc                   	int3
  efad9c:	cc                   	int3
  efad9d:	cc                   	int3
  efad9e:	cc                   	int3
  efad9f:	cc                   	int3

0000000000efada0 <_ZN4core3fmt9Arguments9new_const17ha6eaf14010da406eE>:
    pub const fn new_const<const N: usize>(pieces: &'a [&'static str; N]) -> Self {
  efada0:	50                   	push   %rax
  efada1:	48 89 f8             	mov    %rdi,%rax
  efada4:	48 89 34 24          	mov    %rsi,(%rsp)
        Arguments { pieces, fmt: None, args: &[] }
  efada8:	48 89 37             	mov    %rsi,(%rdi)
  efadab:	48 c7 47 08 01 00 00 	movq   $0x1,0x8(%rdi)
  efadb2:	00 
  efadb3:	48 8b 15 fe 54 30 ff 	mov    -0xcfab02(%rip),%rdx        # 2002b8 <_ZN63_$LT$common_std..error..RcError$u20$as$u20$core..fmt..Debug$GT$3fmt17h5af9ecfea329b2e5E-0xcf0988>
  efadba:	48 8b 0d ff 54 30 ff 	mov    -0xcfab01(%rip),%rcx        # 2002c0 <_ZN63_$LT$common_std..error..RcError$u20$as$u20$core..fmt..Debug$GT$3fmt17h5af9ecfea329b2e5E-0xcf0980>
  efadc1:	48 89 57 20          	mov    %rdx,0x20(%rdi)
  efadc5:	48 89 4f 28          	mov    %rcx,0x28(%rdi)
  efadc9:	b9 08 00 00 00       	mov    $0x8,%ecx
  efadce:	48 89 4f 10          	mov    %rcx,0x10(%rdi)
  efadd2:	48 c7 47 18 00 00 00 	movq   $0x0,0x18(%rdi)
  efadd9:	00 
    }
  efadda:	59                   	pop    %rcx
  efaddb:	c3                   	ret
  efaddc:	cc                   	int3
  efaddd:	cc                   	int3
  efadde:	cc                   	int3
  efaddf:	cc                   	int3

0000000000efade0 <_ZN4core3num23_$LT$impl$u20$usize$GT$13unchecked_add18precondition_check17hb5bda5126172aecdE>:
            const fn precondition_check($($name:$ty),*) {
  efade0:	48 83 ec 18          	sub    $0x18,%rsp
  efade4:	48 89 7c 24 08       	mov    %rdi,0x8(%rsp)
  efade9:	48 89 74 24 10       	mov    %rsi,0x10(%rsp)
            let (a, b) = intrinsics::add_with_overflow(self as $ActualT, rhs as $ActualT);
  efadee:	48 01 f7             	add    %rsi,%rdi
  efadf1:	0f 92 c0             	setb   %al
                ) => !lhs.overflowing_add(rhs).1,
  efadf4:	72 05                	jb     efadfb <_ZN4core3num23_$LT$impl$u20$usize$GT$13unchecked_add18precondition_check17hb5bda5126172aecdE+0x1b>
            }
  efadf6:	48 83 c4 18          	add    $0x18,%rsp
  efadfa:	c3                   	ret
                    ::core::panicking::panic_nounwind(concat!("unsafe precondition(s) violated: ", $message,
  efadfb:	48 c7 c7 ee f1 ee 00 	mov    $0xeef1ee,%rdi
  efae02:	be ba 00 00 00       	mov    $0xba,%esi
  efae07:	e8 84 12 00 00       	call   efc090 <_ZN4core9panicking14panic_nounwind17h73726ac9567abe6cE>
  efae0c:	cc                   	int3
  efae0d:	cc                   	int3
  efae0e:	cc                   	int3
  efae0f:	cc                   	int3

0000000000efae10 <_ZN4core3ptr7mut_ptr31_$LT$impl$u20$$BP$mut$u20$T$GT$7is_null17h1d768c33d0a22ab4E>:
    pub const fn is_null(self) -> bool {
  efae10:	50                   	push   %rax
  efae11:	48 89 3c 24          	mov    %rdi,(%rsp)
  efae15:	48 83 ff 00          	cmp    $0x0,%rdi
  efae19:	0f 94 c0             	sete   %al
    }
  efae1c:	24 01                	and    $0x1,%al
  efae1e:	59                   	pop    %rcx
  efae1f:	c3                   	ret

0000000000efae20 <_ZN4core3ptr7mut_ptr31_$LT$impl$u20$$BP$mut$u20$T$GT$7is_null17hd816237041b748a7E>:
    pub const fn is_null(self) -> bool {
  efae20:	50                   	push   %rax
  efae21:	48 89 3c 24          	mov    %rdi,(%rsp)
  efae25:	48 83 ff 00          	cmp    $0x0,%rdi
  efae29:	0f 94 c0             	sete   %al
    }
  efae2c:	24 01                	and    $0x1,%al
  efae2e:	59                   	pop    %rcx
  efae2f:	c3                   	ret

0000000000efae30 <_ZN4core3ptr8non_null16NonNull$LT$T$GT$13new_unchecked17hc4b389cd85f073a0E>:
    pub const unsafe fn new_unchecked(ptr: *mut T) -> Self {
  efae30:	48 83 ec 18          	sub    $0x18,%rsp
  efae34:	48 89 7c 24 08       	mov    %rdi,0x8(%rsp)
  efae39:	48 89 7c 24 10       	mov    %rdi,0x10(%rsp)
  efae3e:	48 8b 7c 24 08       	mov    0x8(%rsp),%rdi
                precondition_check($($arg,)*);
  efae43:	e8 18 00 00 00       	call   efae60 <_ZN4core3ptr8non_null16NonNull$LT$T$GT$13new_unchecked18precondition_check17h6ad5ef0ac96065acE>
  efae48:	48 8b 44 24 08       	mov    0x8(%rsp),%rax
    }
  efae4d:	48 83 c4 18          	add    $0x18,%rsp
  efae51:	c3                   	ret
  efae52:	cc                   	int3
  efae53:	cc                   	int3
  efae54:	cc                   	int3
  efae55:	cc                   	int3
  efae56:	cc                   	int3
  efae57:	cc                   	int3
  efae58:	cc                   	int3
  efae59:	cc                   	int3
  efae5a:	cc                   	int3
  efae5b:	cc                   	int3
  efae5c:	cc                   	int3
  efae5d:	cc                   	int3
  efae5e:	cc                   	int3
  efae5f:	cc                   	int3

0000000000efae60 <_ZN4core3ptr8non_null16NonNull$LT$T$GT$13new_unchecked18precondition_check17h6ad5ef0ac96065acE>:
            const fn precondition_check($($name:$ty),*) {
  efae60:	50                   	push   %rax
  efae61:	48 89 3c 24          	mov    %rdi,(%rsp)
                (ptr: *mut () = ptr as *mut ()) => !ptr.is_null()
  efae65:	48 83 ff 00          	cmp    $0x0,%rdi
  efae69:	75 11                	jne    efae7c <_ZN4core3ptr8non_null16NonNull$LT$T$GT$13new_unchecked18precondition_check17h6ad5ef0ac96065acE+0x1c>
                    ::core::panicking::panic_nounwind(concat!("unsafe precondition(s) violated: ", $message,
  efae6b:	48 c7 c7 a8 f2 ee 00 	mov    $0xeef2a8,%rdi
  efae72:	be d2 00 00 00       	mov    $0xd2,%esi
  efae77:	e8 14 12 00 00       	call   efc090 <_ZN4core9panicking14panic_nounwind17h73726ac9567abe6cE>
            }
  efae7c:	58                   	pop    %rax
  efae7d:	c3                   	ret
  efae7e:	cc                   	int3
  efae7f:	cc                   	int3

0000000000efae80 <_ZN4core4iter5range101_$LT$impl$u20$core..iter..traits..iterator..Iterator$u20$for$u20$core..ops..range..Range$LT$A$GT$$GT$4next17h479b948ab7270358E>:
#[stable(feature = "rust1", since = "1.0.0")]
impl<A: Step> Iterator for ops::Range<A> {
    type Item = A;

    #[inline]
    fn next(&mut self) -> Option<A> {
  efae80:	50                   	push   %rax
  efae81:	48 89 3c 24          	mov    %rdi,(%rsp)
        self.spec_next()
  efae85:	e8 06 02 00 00       	call   efb090 <_ZN89_$LT$core..ops..range..Range$LT$T$GT$$u20$as$u20$core..iter..range..RangeIteratorImpl$GT$9spec_next17h13bac114cae3e44aE>
    }
  efae8a:	59                   	pop    %rcx
  efae8b:	c3                   	ret
  efae8c:	cc                   	int3
  efae8d:	cc                   	int3
  efae8e:	cc                   	int3
  efae8f:	cc                   	int3

0000000000efae90 <_ZN4core6option15Option$LT$T$GT$7is_none17hc3c6cb6627395c93E>:
    pub const fn is_none(&self) -> bool {
  efae90:	50                   	push   %rax
  efae91:	48 89 3c 24          	mov    %rdi,(%rsp)
        matches!(*self, Some(_))
  efae95:	48 8b 17             	mov    (%rdi),%rdx
  efae98:	b8 01 00 00 00       	mov    $0x1,%eax
  efae9d:	31 c9                	xor    %ecx,%ecx
  efae9f:	48 83 fa 00          	cmp    $0x0,%rdx
  efaea3:	48 0f 44 c1          	cmove  %rcx,%rax
  efaea7:	48 83 f8 01          	cmp    $0x1,%rax
  efaeab:	0f 94 c0             	sete   %al
        !self.is_some()
  efaeae:	34 ff                	xor    $0xff,%al
    }
  efaeb0:	24 01                	and    $0x1,%al
  efaeb2:	59                   	pop    %rcx
  efaeb3:	c3                   	ret
  efaeb4:	cc                   	int3
  efaeb5:	cc                   	int3
  efaeb6:	cc                   	int3
  efaeb7:	cc                   	int3
  efaeb8:	cc                   	int3
  efaeb9:	cc                   	int3
  efaeba:	cc                   	int3
  efaebb:	cc                   	int3
  efaebc:	cc                   	int3
  efaebd:	cc                   	int3
  efaebe:	cc                   	int3
  efaebf:	cc                   	int3

0000000000efaec0 <_ZN4core6option15Option$LT$T$GT$7is_some17h563599457c3e27c2E>:
    pub const fn is_some(&self) -> bool {
  efaec0:	50                   	push   %rax
  efaec1:	48 89 3c 24          	mov    %rdi,(%rsp)
        matches!(*self, Some(_))
  efaec5:	48 8b 17             	mov    (%rdi),%rdx
  efaec8:	b8 01 00 00 00       	mov    $0x1,%eax
  efaecd:	31 c9                	xor    %ecx,%ecx
  efaecf:	48 83 fa 00          	cmp    $0x0,%rdx
  efaed3:	48 0f 44 c1          	cmove  %rcx,%rax
  efaed7:	48 83 f8 01          	cmp    $0x1,%rax
  efaedb:	0f 94 c0             	sete   %al
    }
  efaede:	24 01                	and    $0x1,%al
  efaee0:	59                   	pop    %rcx
  efaee1:	c3                   	ret
  efaee2:	cc                   	int3
  efaee3:	cc                   	int3
  efaee4:	cc                   	int3
  efaee5:	cc                   	int3
  efaee6:	cc                   	int3
  efaee7:	cc                   	int3
  efaee8:	cc                   	int3
  efaee9:	cc                   	int3
  efaeea:	cc                   	int3
  efaeeb:	cc                   	int3
  efaeec:	cc                   	int3
  efaeed:	cc                   	int3
  efaeee:	cc                   	int3
  efaeef:	cc                   	int3

0000000000efaef0 <_ZN52_$LT$$BP$mut$u20$T$u20$as$u20$core..fmt..Pointer$GT$3fmt17h65d9a717edc63d8bE>:
    fn fmt(&self, f: &mut Formatter<'_>) -> Result {
  efaef0:	48 83 ec 18          	sub    $0x18,%rsp
  efaef4:	48 89 7c 24 08       	mov    %rdi,0x8(%rsp)
  efaef9:	48 89 74 24 10       	mov    %rsi,0x10(%rsp)
        Pointer::fmt(&(*self as *const T), f)
  efaefe:	48 8b 07             	mov    (%rdi),%rax
  efaf01:	48 89 04 24          	mov    %rax,(%rsp)
  efaf05:	48 89 e7             	mov    %rsp,%rdi
  efaf08:	e8 13 00 00 00       	call   efaf20 <_ZN54_$LT$$BP$const$u20$T$u20$as$u20$core..fmt..Pointer$GT$3fmt17ha684bc5db0ee673eE>
    }
  efaf0d:	24 01                	and    $0x1,%al
  efaf0f:	48 83 c4 18          	add    $0x18,%rsp
  efaf13:	c3                   	ret
  efaf14:	cc                   	int3
  efaf15:	cc                   	int3
  efaf16:	cc                   	int3
  efaf17:	cc                   	int3
  efaf18:	cc                   	int3
  efaf19:	cc                   	int3
  efaf1a:	cc                   	int3
  efaf1b:	cc                   	int3
  efaf1c:	cc                   	int3
  efaf1d:	cc                   	int3
  efaf1e:	cc                   	int3
  efaf1f:	cc                   	int3

0000000000efaf20 <_ZN54_$LT$$BP$const$u20$T$u20$as$u20$core..fmt..Pointer$GT$3fmt17ha684bc5db0ee673eE>:
    fn fmt(&self, f: &mut Formatter<'_>) -> Result {
  efaf20:	48 83 ec 58          	sub    $0x58,%rsp
  efaf24:	48 89 74 24 08       	mov    %rsi,0x8(%rsp)
  efaf29:	48 89 7c 24 10       	mov    %rdi,0x10(%rsp)
  efaf2e:	48 89 7c 24 38       	mov    %rdi,0x38(%rsp)
  efaf33:	48 89 74 24 40       	mov    %rsi,0x40(%rsp)
        if <<T as core::ptr::Pointee>::Metadata as core::unit::IsUnit>::is_unit() {
  efaf38:	e8 93 f9 ff ff       	call   efa8d0 <_ZN47_$LT$$LP$$RP$$u20$as$u20$core..unit..IsUnit$GT$7is_unit17h22934e2ac0dbc46dE>
  efaf3d:	a8 01                	test   $0x1,%al
  efaf3f:	75 73                	jne    efafb4 <_ZN54_$LT$$BP$const$u20$T$u20$as$u20$core..fmt..Pointer$GT$3fmt17ha684bc5db0ee673eE+0x94>
  efaf41:	48 8b 74 24 08       	mov    0x8(%rsp),%rsi
            f.debug_struct("Pointer")
  efaf46:	48 c7 c2 7a f3 ee 00 	mov    $0xeef37a,%rdx
  efaf4d:	48 8d 7c 24 20       	lea    0x20(%rsp),%rdi
  efaf52:	b9 07 00 00 00       	mov    $0x7,%ecx
  efaf57:	e8 34 20 00 00       	call   efcf90 <_ZN4core3fmt9Formatter12debug_struct17hf56ef2c0cb1087a9E>
  efaf5c:	48 8b 4c 24 10       	mov    0x10(%rsp),%rcx
  efaf61:	48 c7 c6 f8 d3 d2 00 	mov    $0xd2d3f8,%rsi
  efaf68:	48 8d 7c 24 20       	lea    0x20(%rsp),%rdi
  efaf6d:	ba 04 00 00 00       	mov    $0x4,%edx
  efaf72:	e8 29 fa ff ff       	call   efa9a0 <_ZN4core3fmt8builders11DebugStruct10field_with17h87cd73f0af7589cfE>
  efaf77:	48 89 c7             	mov    %rax,%rdi
  efaf7a:	48 8b 44 24 10       	mov    0x10(%rsp),%rax
                .field("metadata", &core::ptr::metadata(*self))
  efaf7f:	48 8b 00             	mov    (%rax),%rax
  efaf82:	48 89 44 24 48       	mov    %rax,0x48(%rsp)
            f.debug_struct("Pointer")
  efaf87:	48 c7 c6 04 03 20 00 	mov    $0x200304,%rsi
  efaf8e:	49 c7 c0 88 f3 ee 00 	mov    $0xeef388,%r8
  efaf95:	ba 08 00 00 00       	mov    $0x8,%edx
  efaf9a:	48 8d 4c 24 37       	lea    0x37(%rsp),%rcx
  efaf9f:	e8 6c 15 00 00       	call   efc510 <_ZN4core3fmt8builders11DebugStruct5field17h02f163e801bd2abcE>
  efafa4:	48 89 c7             	mov    %rax,%rdi
  efafa7:	e8 f4 16 00 00       	call   efc6a0 <_ZN4core3fmt8builders11DebugStruct6finish17h701f82355ae946ffE>
  efafac:	24 01                	and    $0x1,%al
  efafae:	88 44 24 1f          	mov    %al,0x1f(%rsp)
        if <<T as core::ptr::Pointee>::Metadata as core::unit::IsUnit>::is_unit() {
  efafb2:	eb 1d                	jmp    efafd1 <_ZN54_$LT$$BP$const$u20$T$u20$as$u20$core..fmt..Pointer$GT$3fmt17ha684bc5db0ee673eE+0xb1>
  efafb4:	48 8b 74 24 08       	mov    0x8(%rsp),%rsi
  efafb9:	48 8b 44 24 10       	mov    0x10(%rsp),%rax
            pointer_fmt_inner(self.expose_provenance(), f)
  efafbe:	48 8b 38             	mov    (%rax),%rdi
  efafc1:	48 89 7c 24 50       	mov    %rdi,0x50(%rsp)
  efafc6:	e8 d5 20 00 00       	call   efd0a0 <_ZN4core3fmt17pointer_fmt_inner17hcdf85cdc78cc0298E>
  efafcb:	24 01                	and    $0x1,%al
  efafcd:	88 44 24 1f          	mov    %al,0x1f(%rsp)
    }
  efafd1:	8a 44 24 1f          	mov    0x1f(%rsp),%al
  efafd5:	24 01                	and    $0x1,%al
  efafd7:	48 83 c4 58          	add    $0x58,%rsp
  efafdb:	c3                   	ret
  efafdc:	cc                   	int3
  efafdd:	cc                   	int3
  efafde:	cc                   	int3
  efafdf:	cc                   	int3

0000000000efafe0 <_ZN54_$LT$$BP$const$u20$T$u20$as$u20$core..fmt..Pointer$GT$3fmt28_$u7b$$u7b$closure$u7d$$u7d$17hb80b05329639c5ffE>:
                .field_with("addr", |f| pointer_fmt_inner(self.expose_provenance(), f))
  efafe0:	48 83 ec 18          	sub    $0x18,%rsp
  efafe4:	48 89 3c 24          	mov    %rdi,(%rsp)
  efafe8:	48 89 74 24 08       	mov    %rsi,0x8(%rsp)
  efafed:	48 8b 3f             	mov    (%rdi),%rdi
  efaff0:	48 89 7c 24 10       	mov    %rdi,0x10(%rsp)
  efaff5:	e8 a6 20 00 00       	call   efd0a0 <_ZN4core3fmt17pointer_fmt_inner17hcdf85cdc78cc0298E>
  efaffa:	24 01                	and    $0x1,%al
  efaffc:	48 83 c4 18          	add    $0x18,%rsp
  efb000:	c3                   	ret
  efb001:	cc                   	int3
  efb002:	cc                   	int3
  efb003:	cc                   	int3
  efb004:	cc                   	int3
  efb005:	cc                   	int3
  efb006:	cc                   	int3
  efb007:	cc                   	int3
  efb008:	cc                   	int3
  efb009:	cc                   	int3
  efb00a:	cc                   	int3
  efb00b:	cc                   	int3
  efb00c:	cc                   	int3
  efb00d:	cc                   	int3
  efb00e:	cc                   	int3
  efb00f:	cc                   	int3

0000000000efb010 <_ZN63_$LT$I$u20$as$u20$core..iter..traits..collect..IntoIterator$GT$9into_iter17h250305abd2272865E>:
impl<I: Iterator> IntoIterator for I {
    type Item = I::Item;
    type IntoIter = I;

    #[inline]
    fn into_iter(self) -> I {
  efb010:	48 83 ec 10          	sub    $0x10,%rsp
  efb014:	48 89 f2             	mov    %rsi,%rdx
  efb017:	48 89 f8             	mov    %rdi,%rax
  efb01a:	48 89 04 24          	mov    %rax,(%rsp)
  efb01e:	48 89 54 24 08       	mov    %rdx,0x8(%rsp)
        self
    }
  efb023:	48 83 c4 10          	add    $0x10,%rsp
  efb027:	c3                   	ret
  efb028:	cc                   	int3
  efb029:	cc                   	int3
  efb02a:	cc                   	int3
  efb02b:	cc                   	int3
  efb02c:	cc                   	int3
  efb02d:	cc                   	int3
  efb02e:	cc                   	int3
  efb02f:	cc                   	int3

0000000000efb030 <_ZN63_$LT$I$u20$as$u20$core..iter..traits..collect..IntoIterator$GT$9into_iter17hcd1e3a7c50317b0eE>:
    fn into_iter(self) -> I {
  efb030:	50                   	push   %rax
  efb031:	48 89 f8             	mov    %rdi,%rax
  efb034:	48 89 04 24          	mov    %rax,(%rsp)
    }
  efb038:	59                   	pop    %rcx
  efb039:	c3                   	ret
  efb03a:	cc                   	int3
  efb03b:	cc                   	int3
  efb03c:	cc                   	int3
  efb03d:	cc                   	int3
  efb03e:	cc                   	int3
  efb03f:	cc                   	int3

0000000000efb040 <_ZN75_$LT$core..option..Option$LT$T$GT$$u20$as$u20$core..ops..try_trait..Try$GT$6branch17h9afaa1d79cd9ea46E>:
    fn branch(self) -> ControlFlow<Self::Residual, Self::Output> {
  efb040:	48 83 ec 18          	sub    $0x18,%rsp
  efb044:	48 89 3c 24          	mov    %rdi,(%rsp)
        match self {
  efb048:	48 8b 14 24          	mov    (%rsp),%rdx
  efb04c:	b8 01 00 00 00       	mov    $0x1,%eax
  efb051:	31 c9                	xor    %ecx,%ecx
  efb053:	48 83 fa 00          	cmp    $0x0,%rdx
  efb057:	48 0f 44 c1          	cmove  %rcx,%rax
  efb05b:	48 a9 01 00 00 00    	test   $0x1,%rax
  efb061:	74 10                	je     efb073 <_ZN75_$LT$core..option..Option$LT$T$GT$$u20$as$u20$core..ops..try_trait..Try$GT$6branch17h9afaa1d79cd9ea46E+0x33>
            Some(v) => ControlFlow::Continue(v),
  efb063:	48 8b 04 24          	mov    (%rsp),%rax
  efb067:	48 89 44 24 10       	mov    %rax,0x10(%rsp)
  efb06c:	48 89 44 24 08       	mov    %rax,0x8(%rsp)
    }
  efb071:	eb 09                	jmp    efb07c <_ZN75_$LT$core..option..Option$LT$T$GT$$u20$as$u20$core..ops..try_trait..Try$GT$6branch17h9afaa1d79cd9ea46E+0x3c>
            None => ControlFlow::Break(None),
  efb073:	48 c7 44 24 08 00 00 	movq   $0x0,0x8(%rsp)
  efb07a:	00 00 
    }
  efb07c:	48 8b 44 24 08       	mov    0x8(%rsp),%rax
  efb081:	48 83 c4 18          	add    $0x18,%rsp
  efb085:	c3                   	ret
  efb086:	cc                   	int3
  efb087:	cc                   	int3
  efb088:	cc                   	int3
  efb089:	cc                   	int3
  efb08a:	cc                   	int3
  efb08b:	cc                   	int3
  efb08c:	cc                   	int3
  efb08d:	cc                   	int3
  efb08e:	cc                   	int3
  efb08f:	cc                   	int3

0000000000efb090 <_ZN89_$LT$core..ops..range..Range$LT$T$GT$$u20$as$u20$core..iter..range..RangeIteratorImpl$GT$9spec_next17h13bac114cae3e44aE>:
    fn spec_next(&mut self) -> Option<T> {
  efb090:	48 83 ec 48          	sub    $0x48,%rsp
  efb094:	48 89 7c 24 10       	mov    %rdi,0x10(%rsp)
  efb099:	48 89 7c 24 28       	mov    %rdi,0x28(%rsp)
        if self.start < self.end {
  efb09e:	48 89 f8             	mov    %rdi,%rax
  efb0a1:	48 83 c0 08          	add    $0x8,%rax
  efb0a5:	48 89 7c 24 38       	mov    %rdi,0x38(%rsp)
  efb0aa:	48 89 44 24 40       	mov    %rax,0x40(%rsp)
            fn lt(&self, other: &Self) -> bool { *self <  *other }
  efb0af:	48 8b 07             	mov    (%rdi),%rax
  efb0b2:	48 3b 47 08          	cmp    0x8(%rdi),%rax
  efb0b6:	72 0b                	jb     efb0c3 <_ZN89_$LT$core..ops..range..Range$LT$T$GT$$u20$as$u20$core..iter..range..RangeIteratorImpl$GT$9spec_next17h13bac114cae3e44aE+0x33>
            None
  efb0b8:	48 c7 44 24 18 00 00 	movq   $0x0,0x18(%rsp)
  efb0bf:	00 00 
        if self.start < self.end {
  efb0c1:	eb 3a                	jmp    efb0fd <_ZN89_$LT$core..ops..range..Range$LT$T$GT$$u20$as$u20$core..iter..range..RangeIteratorImpl$GT$9spec_next17h13bac114cae3e44aE+0x6d>
  efb0c3:	48 8b 44 24 10       	mov    0x10(%rsp),%rax
            let old = self.start;
  efb0c8:	48 8b 38             	mov    (%rax),%rdi
  efb0cb:	48 89 7c 24 08       	mov    %rdi,0x8(%rsp)
  efb0d0:	48 89 7c 24 30       	mov    %rdi,0x30(%rsp)
  efb0d5:	be 01 00 00 00       	mov    $0x1,%esi
            self.start = unsafe { Step::forward_unchecked(old, 1) };
  efb0da:	e8 01 f8 ff ff       	call   efa8e0 <_ZN49_$LT$usize$u20$as$u20$core..iter..range..Step$GT$17forward_unchecked17h44b440df43f49230E>
  efb0df:	48 8b 4c 24 10       	mov    0x10(%rsp),%rcx
  efb0e4:	48 89 c2             	mov    %rax,%rdx
  efb0e7:	48 8b 44 24 08       	mov    0x8(%rsp),%rax
  efb0ec:	48 89 11             	mov    %rdx,(%rcx)
            Some(old)
  efb0ef:	48 89 44 24 20       	mov    %rax,0x20(%rsp)
  efb0f4:	48 c7 44 24 18 01 00 	movq   $0x1,0x18(%rsp)
  efb0fb:	00 00 
    }
  efb0fd:	48 8b 44 24 18       	mov    0x18(%rsp),%rax
  efb102:	48 8b 54 24 20       	mov    0x20(%rsp),%rdx
  efb107:	48 83 c4 48          	add    $0x48,%rsp
  efb10b:	c3                   	ret
  efb10c:	cc                   	int3
  efb10d:	cc                   	int3
  efb10e:	cc                   	int3
  efb10f:	cc                   	int3

0000000000efb110 <_ZN4talc9ptr_utils10align_down17h52207273376761fdE>:

pub fn align_down(ptr: *mut u8) -> *mut u8 {
  efb110:	48 83 ec 30          	sub    $0x30,%rsp
  efb114:	48 89 3c 24          	mov    %rdi,(%rsp)
    ptr.wrapping_sub(ptr as usize % ALIGN)
  efb118:	48 89 f9             	mov    %rdi,%rcx
  efb11b:	48 83 e1 07          	and    $0x7,%rcx
  efb11f:	48 89 7c 24 08       	mov    %rdi,0x8(%rsp)
  efb124:	48 89 4c 24 10       	mov    %rcx,0x10(%rsp)
        self.wrapping_offset((count as isize).wrapping_neg())
  efb129:	48 89 4c 24 18       	mov    %rcx,0x18(%rsp)
  efb12e:	31 c0                	xor    %eax,%eax
  efb130:	48 29 c8             	sub    %rcx,%rax
  efb133:	48 89 44 24 20       	mov    %rax,0x20(%rsp)
        unsafe { intrinsics::arith_offset(self, count) as *mut T }
  efb138:	48 01 c7             	add    %rax,%rdi
  efb13b:	48 89 7c 24 28       	mov    %rdi,0x28(%rsp)
  efb140:	48 8b 44 24 28       	mov    0x28(%rsp),%rax
}
  efb145:	48 83 c4 30          	add    $0x30,%rsp
  efb149:	c3                   	ret
  efb14a:	cc                   	int3
  efb14b:	cc                   	int3
  efb14c:	cc                   	int3
  efb14d:	cc                   	int3
  efb14e:	cc                   	int3
  efb14f:	cc                   	int3

0000000000efb150 <_ZN4talc9ptr_utils18align_up_overflows17h71221258a7c9345aE>:
pub fn align_up_overflows(ptr: *mut u8) -> bool {
  efb150:	48 83 ec 18          	sub    $0x18,%rsp
  efb154:	48 89 7c 24 10       	mov    %rdi,0x10(%rsp)
    ALIGN - 1 > usize::MAX - ptr as usize
  efb159:	48 c7 c0 ff ff ff ff 	mov    $0xffffffffffffffff,%rax
  efb160:	48 29 f8             	sub    %rdi,%rax
  efb163:	48 89 44 24 08       	mov    %rax,0x8(%rsp)
  efb168:	48 c7 c0 ff ff ff ff 	mov    $0xffffffffffffffff,%rax
  efb16f:	48 39 f8             	cmp    %rdi,%rax
  efb172:	72 17                	jb     efb18b <_ZN4talc9ptr_utils18align_up_overflows17h71221258a7c9345aE+0x3b>
  efb174:	48 8b 4c 24 08       	mov    0x8(%rsp),%rcx
  efb179:	b8 07 00 00 00       	mov    $0x7,%eax
  efb17e:	48 39 c8             	cmp    %rcx,%rax
  efb181:	0f 97 c0             	seta   %al
}
  efb184:	24 01                	and    $0x1,%al
  efb186:	48 83 c4 18          	add    $0x18,%rsp
  efb18a:	c3                   	ret
    ALIGN - 1 > usize::MAX - ptr as usize
  efb18b:	48 c7 c7 08 f4 ee 00 	mov    $0xeef408,%rdi
  efb192:	e8 c9 24 00 00       	call   efd660 <_ZN4core9panicking11panic_const24panic_const_sub_overflow17h38d790166b4890c1E>
  efb197:	cc                   	int3
  efb198:	cc                   	int3
  efb199:	cc                   	int3
  efb19a:	cc                   	int3
  efb19b:	cc                   	int3
  efb19c:	cc                   	int3
  efb19d:	cc                   	int3
  efb19e:	cc                   	int3
  efb19f:	cc                   	int3

0000000000efb1a0 <_ZN4talc9ptr_utils8align_up17h423642f2ddace20eE>:
pub fn align_up(ptr: *mut u8) -> *mut u8 {
  efb1a0:	48 83 ec 68          	sub    $0x68,%rsp
  efb1a4:	48 89 7c 24 08       	mov    %rdi,0x8(%rsp)
  efb1a9:	48 89 7c 24 10       	mov    %rdi,0x10(%rsp)
    debug_assert!(!align_up_overflows(ptr));
  efb1ae:	e8 9d ff ff ff       	call   efb150 <_ZN4talc9ptr_utils18align_up_overflows17h71221258a7c9345aE>
  efb1b3:	a8 01                	test   $0x1,%al
  efb1b5:	75 61                	jne    efb218 <_ZN4talc9ptr_utils8align_up17h423642f2ddace20eE+0x78>
  efb1b7:	48 8b 44 24 08       	mov    0x8(%rsp),%rax
  efb1bc:	48 89 44 24 20       	mov    %rax,0x20(%rsp)
  efb1c1:	48 c7 44 24 28 07 00 	movq   $0x7,0x28(%rsp)
  efb1c8:	00 00 
        self.wrapping_offset(count as isize)
  efb1ca:	48 c7 44 24 30 07 00 	movq   $0x7,0x30(%rsp)
  efb1d1:	00 00 
        unsafe { intrinsics::arith_offset(self, count) as *mut T }
  efb1d3:	48 83 c0 07          	add    $0x7,%rax
  efb1d7:	48 89 44 24 38       	mov    %rax,0x38(%rsp)
  efb1dc:	48 8b 44 24 38       	mov    0x38(%rsp),%rax

    let offset_ptr = ptr.wrapping_add(ALIGN - 1);
  efb1e1:	48 89 44 24 18       	mov    %rax,0x18(%rsp)
    offset_ptr.wrapping_sub(offset_ptr as usize % ALIGN)
  efb1e6:	48 89 c2             	mov    %rax,%rdx
  efb1e9:	48 83 e2 07          	and    $0x7,%rdx
  efb1ed:	48 89 44 24 40       	mov    %rax,0x40(%rsp)
  efb1f2:	48 89 54 24 48       	mov    %rdx,0x48(%rsp)
        self.wrapping_offset((count as isize).wrapping_neg())
  efb1f7:	48 89 54 24 50       	mov    %rdx,0x50(%rsp)
  efb1fc:	31 c9                	xor    %ecx,%ecx
  efb1fe:	48 29 d1             	sub    %rdx,%rcx
  efb201:	48 89 4c 24 58       	mov    %rcx,0x58(%rsp)
        unsafe { intrinsics::arith_offset(self, count) as *mut T }
  efb206:	48 01 c8             	add    %rcx,%rax
  efb209:	48 89 44 24 60       	mov    %rax,0x60(%rsp)
  efb20e:	48 8b 44 24 60       	mov    0x60(%rsp),%rax
}
  efb213:	48 83 c4 68          	add    $0x68,%rsp
  efb217:	c3                   	ret
    debug_assert!(!align_up_overflows(ptr));
  efb218:	48 c7 c7 20 f4 ee 00 	mov    $0xeef420,%rdi
  efb21f:	48 c7 c2 50 f4 ee 00 	mov    $0xeef450,%rdx
  efb226:	be 2a 00 00 00       	mov    $0x2a,%esi
  efb22b:	e8 10 0e 00 00       	call   efc040 <_ZN4core9panicking5panic17hdbca58b08003962eE>

0000000000efb230 <_ZN4talc4talc5llist9LlistNode8next_ptr17h85523cc7cbe7ace3E>:
    pub next_of_prev: *mut Option<NonNull<LlistNode>>,
}

impl LlistNode {
    #[inline]
    pub fn next_ptr(ptr: *mut Self) -> *mut Option<NonNull<LlistNode>> {
  efb230:	48 83 ec 10          	sub    $0x10,%rsp
  efb234:	48 89 f8             	mov    %rdi,%rax
  efb237:	48 89 04 24          	mov    %rax,(%rsp)
  efb23b:	48 89 44 24 08       	mov    %rax,0x8(%rsp)
        ptr.cast() /* .cast::<u8>().wrapping_add(core::mem::offset_of!(LlistNode, next)) */
    }
  efb240:	48 83 c4 10          	add    $0x10,%rsp
  efb244:	c3                   	ret
  efb245:	cc                   	int3
  efb246:	cc                   	int3
  efb247:	cc                   	int3
  efb248:	cc                   	int3
  efb249:	cc                   	int3
  efb24a:	cc                   	int3
  efb24b:	cc                   	int3
  efb24c:	cc                   	int3
  efb24d:	cc                   	int3
  efb24e:	cc                   	int3
  efb24f:	cc                   	int3

0000000000efb250 <_ZN4talc4talc5llist9LlistNode6insert17hf85820f16cf02914E>:
    /// may cause unexpected linkages.
    ///
    /// # Safety
    /// * `node` must be `ptr::write`-able.
    /// * `next_of_prev` must be dereferencable and valid.
    pub unsafe fn insert(
  efb250:	48 83 ec 68          	sub    $0x68,%rsp
  efb254:	48 89 74 24 10       	mov    %rsi,0x10(%rsp)
  efb259:	48 89 7c 24 18       	mov    %rdi,0x18(%rsp)
  efb25e:	48 89 54 24 20       	mov    %rdx,0x20(%rsp)
  efb263:	48 89 7c 24 30       	mov    %rdi,0x30(%rsp)
  efb268:	48 89 74 24 38       	mov    %rsi,0x38(%rsp)
        node: *mut Self,
        next_of_prev: *mut Option<NonNull<LlistNode>>,
        next: Option<NonNull<LlistNode>>,
    ) {
        debug_assert!(!node.is_null());
  efb26d:	e8 9e fb ff ff       	call   efae10 <_ZN4core3ptr7mut_ptr31_$LT$impl$u20$$BP$mut$u20$T$GT$7is_null17h1d768c33d0a22ab4E>
  efb272:	a8 01                	test   $0x1,%al
  efb274:	75 10                	jne    efb286 <_ZN4talc4talc5llist9LlistNode6insert17hf85820f16cf02914E+0x36>
  efb276:	48 8b 7c 24 10       	mov    0x10(%rsp),%rdi
        debug_assert!(!next_of_prev.is_null());
  efb27b:	e8 a0 fb ff ff       	call   efae20 <_ZN4core3ptr7mut_ptr31_$LT$impl$u20$$BP$mut$u20$T$GT$7is_null17hd816237041b748a7E>
  efb280:	a8 01                	test   $0x1,%al
  efb282:	75 77                	jne    efb2fb <_ZN4talc4talc5llist9LlistNode6insert17hf85820f16cf02914E+0xab>
  efb284:	eb 18                	jmp    efb29e <_ZN4talc4talc5llist9LlistNode6insert17hf85820f16cf02914E+0x4e>
        debug_assert!(!node.is_null());
  efb286:	48 c7 c7 08 f5 ee 00 	mov    $0xeef508,%rdi
  efb28d:	48 c7 c2 30 f5 ee 00 	mov    $0xeef530,%rdx
  efb294:	be 21 00 00 00       	mov    $0x21,%esi
  efb299:	e8 a2 0d 00 00       	call   efc040 <_ZN4core9panicking5panic17hdbca58b08003962eE>
  efb29e:	48 8b 44 24 10       	mov    0x10(%rsp),%rax
  efb2a3:	48 8b 7c 24 18       	mov    0x18(%rsp),%rdi

        node.write(Self { next_of_prev, next });
  efb2a8:	48 8b 4c 24 20       	mov    0x20(%rsp),%rcx
  efb2ad:	48 89 7c 24 48       	mov    %rdi,0x48(%rsp)
  efb2b2:	48 89 4c 24 50       	mov    %rcx,0x50(%rsp)
  efb2b7:	48 89 44 24 58       	mov    %rax,0x58(%rsp)
  efb2bc:	48 89 0f             	mov    %rcx,(%rdi)
  efb2bf:	48 89 47 08          	mov    %rax,0x8(%rdi)

        *next_of_prev = Some(NonNull::new_unchecked(node));
  efb2c3:	e8 68 fb ff ff       	call   efae30 <_ZN4core3ptr8non_null16NonNull$LT$T$GT$13new_unchecked17hc4b389cd85f073a0E>
  efb2c8:	48 89 c1             	mov    %rax,%rcx
  efb2cb:	48 8b 44 24 10       	mov    0x10(%rsp),%rax
  efb2d0:	48 89 4c 24 28       	mov    %rcx,0x28(%rsp)
  efb2d5:	48 8b 4c 24 28       	mov    0x28(%rsp),%rcx
  efb2da:	48 89 08             	mov    %rcx,(%rax)

        if let Some(next) = next {
  efb2dd:	48 8b 54 24 20       	mov    0x20(%rsp),%rdx
  efb2e2:	b8 01 00 00 00       	mov    $0x1,%eax
  efb2e7:	31 c9                	xor    %ecx,%ecx
  efb2e9:	48 83 fa 00          	cmp    $0x0,%rdx
  efb2ed:	48 0f 44 c1          	cmove  %rcx,%rax
  efb2f1:	48 a9 01 00 00 00    	test   $0x1,%rax
  efb2f7:	75 1a                	jne    efb313 <_ZN4talc4talc5llist9LlistNode6insert17hf85820f16cf02914E+0xc3>
  efb2f9:	eb 42                	jmp    efb33d <_ZN4talc4talc5llist9LlistNode6insert17hf85820f16cf02914E+0xed>
        debug_assert!(!next_of_prev.is_null());
  efb2fb:	48 c7 c7 68 f4 ee 00 	mov    $0xeef468,%rdi
  efb302:	48 c7 c2 f0 f4 ee 00 	mov    $0xeef4f0,%rdx
  efb309:	be 29 00 00 00       	mov    $0x29,%esi
  efb30e:	e8 2d 0d 00 00       	call   efc040 <_ZN4core9panicking5panic17hdbca58b08003962eE>
  efb313:	48 8b 7c 24 18       	mov    0x18(%rsp),%rdi
        if let Some(next) = next {
  efb318:	48 8b 44 24 20       	mov    0x20(%rsp),%rax
  efb31d:	48 89 44 24 08       	mov    %rax,0x8(%rsp)
  efb322:	48 89 44 24 40       	mov    %rax,0x40(%rsp)
            (*next.as_ptr()).next_of_prev = Self::next_ptr(node);
  efb327:	e8 04 ff ff ff       	call   efb230 <_ZN4talc4talc5llist9LlistNode8next_ptr17h85523cc7cbe7ace3E>
  efb32c:	48 89 c1             	mov    %rax,%rcx
  efb32f:	48 8b 44 24 08       	mov    0x8(%rsp),%rax
  efb334:	48 89 44 24 60       	mov    %rax,0x60(%rsp)
  efb339:	48 89 48 08          	mov    %rcx,0x8(%rax)
        }
    }
  efb33d:	48 83 c4 68          	add    $0x68,%rsp
  efb341:	c3                   	ret
  efb342:	cc                   	int3
  efb343:	cc                   	int3
  efb344:	cc                   	int3
  efb345:	cc                   	int3
  efb346:	cc                   	int3
  efb347:	cc                   	int3
  efb348:	cc                   	int3
  efb349:	cc                   	int3
  efb34a:	cc                   	int3
  efb34b:	cc                   	int3
  efb34c:	cc                   	int3
  efb34d:	cc                   	int3
  efb34e:	cc                   	int3
  efb34f:	cc                   	int3

0000000000efb350 <_ZN4talc4talc5llist9LlistNode6remove17h2407c0cc69bd9789E>:
    ///
    /// Note that this does not modify `node`; it should be considered invalid.
    ///
    /// # Safety
    /// * `self` must be dereferencable and valid.
    pub unsafe fn remove(node: *mut Self) {
  efb350:	48 83 ec 48          	sub    $0x48,%rsp
  efb354:	48 89 7c 24 10       	mov    %rdi,0x10(%rsp)
  efb359:	48 89 7c 24 20       	mov    %rdi,0x20(%rsp)
        debug_assert!(!node.is_null());
  efb35e:	e8 ad fa ff ff       	call   efae10 <_ZN4core3ptr7mut_ptr31_$LT$impl$u20$$BP$mut$u20$T$GT$7is_null17h1d768c33d0a22ab4E>
  efb363:	a8 01                	test   $0x1,%al
  efb365:	75 2b                	jne    efb392 <_ZN4talc4talc5llist9LlistNode6remove17h2407c0cc69bd9789E+0x42>
  efb367:	48 8b 4c 24 10       	mov    0x10(%rsp),%rcx
  efb36c:	48 89 4c 24 38       	mov    %rcx,0x38(%rsp)
        crate::intrinsics::read_via_copy(src)
  efb371:	48 8b 01             	mov    (%rcx),%rax
  efb374:	48 8b 79 08          	mov    0x8(%rcx),%rdi
  efb378:	48 89 7c 24 08       	mov    %rdi,0x8(%rsp)
        let LlistNode { next, next_of_prev } = node.read();
  efb37d:	48 89 44 24 18       	mov    %rax,0x18(%rsp)
  efb382:	48 89 7c 24 28       	mov    %rdi,0x28(%rsp)

        debug_assert!(!next_of_prev.is_null());
  efb387:	e8 94 fa ff ff       	call   efae20 <_ZN4core3ptr7mut_ptr31_$LT$impl$u20$$BP$mut$u20$T$GT$7is_null17hd816237041b748a7E>
  efb38c:	a8 01                	test   $0x1,%al
  efb38e:	75 45                	jne    efb3d5 <_ZN4talc4talc5llist9LlistNode6remove17h2407c0cc69bd9789E+0x85>
  efb390:	eb 18                	jmp    efb3aa <_ZN4talc4talc5llist9LlistNode6remove17h2407c0cc69bd9789E+0x5a>
        debug_assert!(!node.is_null());
  efb392:	48 c7 c7 08 f5 ee 00 	mov    $0xeef508,%rdi
  efb399:	48 c7 c2 60 f5 ee 00 	mov    $0xeef560,%rdx
  efb3a0:	be 21 00 00 00       	mov    $0x21,%esi
  efb3a5:	e8 96 0c 00 00       	call   efc040 <_ZN4core9panicking5panic17hdbca58b08003962eE>
  efb3aa:	48 8b 44 24 08       	mov    0x8(%rsp),%rax
        *next_of_prev = next;
  efb3af:	48 8b 4c 24 18       	mov    0x18(%rsp),%rcx
  efb3b4:	48 89 08             	mov    %rcx,(%rax)

        if let Some(next) = next {
  efb3b7:	48 8b 54 24 18       	mov    0x18(%rsp),%rdx
  efb3bc:	b8 01 00 00 00       	mov    $0x1,%eax
  efb3c1:	31 c9                	xor    %ecx,%ecx
  efb3c3:	48 83 fa 00          	cmp    $0x0,%rdx
  efb3c7:	48 0f 44 c1          	cmove  %rcx,%rax
  efb3cb:	48 a9 01 00 00 00    	test   $0x1,%rax
  efb3d1:	75 1a                	jne    efb3ed <_ZN4talc4talc5llist9LlistNode6remove17h2407c0cc69bd9789E+0x9d>
  efb3d3:	eb 30                	jmp    efb405 <_ZN4talc4talc5llist9LlistNode6remove17h2407c0cc69bd9789E+0xb5>
        debug_assert!(!next_of_prev.is_null());
  efb3d5:	48 c7 c7 68 f4 ee 00 	mov    $0xeef468,%rdi
  efb3dc:	48 c7 c2 48 f5 ee 00 	mov    $0xeef548,%rdx
  efb3e3:	be 29 00 00 00       	mov    $0x29,%esi
  efb3e8:	e8 53 0c 00 00       	call   efc040 <_ZN4core9panicking5panic17hdbca58b08003962eE>
  efb3ed:	48 8b 4c 24 08       	mov    0x8(%rsp),%rcx
        if let Some(next) = next {
  efb3f2:	48 8b 44 24 18       	mov    0x18(%rsp),%rax
  efb3f7:	48 89 44 24 30       	mov    %rax,0x30(%rsp)
  efb3fc:	48 89 44 24 40       	mov    %rax,0x40(%rsp)
            (*next.as_ptr()).next_of_prev = next_of_prev;
  efb401:	48 89 48 08          	mov    %rcx,0x8(%rax)
        }
    }
  efb405:	48 83 c4 48          	add    $0x48,%rsp
  efb409:	c3                   	ret
  efb40a:	cc                   	int3
  efb40b:	cc                   	int3
  efb40c:	cc                   	int3
  efb40d:	cc                   	int3
  efb40e:	cc                   	int3
  efb40f:	cc                   	int3

0000000000efb410 <_ZN4talc4talc5llist9LlistNode8iter_mut17h8c2d6784e1daf838E>:
    /// Creates an iterator over the circular linked list, exclusive of
    /// the sentinel.
    /// # Safety
    /// `start`'s linked list must remain in a valid state during iteration.
    /// Modifying `LlistNode`s already returned by the iterator is okay.
    pub unsafe fn iter_mut(first: Option<NonNull<Self>>) -> IterMut {
  efb410:	50                   	push   %rax
  efb411:	48 89 3c 24          	mov    %rdi,(%rsp)
        IterMut::new(first)
  efb415:	e8 06 00 00 00       	call   efb420 <_ZN4talc4talc5llist7IterMut3new17hb23febd5d6cc9617E>
    }
  efb41a:	59                   	pop    %rcx
  efb41b:	c3                   	ret
  efb41c:	cc                   	int3
  efb41d:	cc                   	int3
  efb41e:	cc                   	int3
  efb41f:	cc                   	int3

0000000000efb420 <_ZN4talc4talc5llist7IterMut3new17hb23febd5d6cc9617E>:
#[must_use = "iterators are lazy and do nothing unless consumed"]
pub struct IterMut(Option<NonNull<LlistNode>>);

impl IterMut {
    /// Create a new iterator over the linked list from `first`.
    pub unsafe fn new(first: Option<NonNull<LlistNode>>) -> Self {
  efb420:	50                   	push   %rax
  efb421:	48 89 f8             	mov    %rdi,%rax
  efb424:	48 89 04 24          	mov    %rax,(%rsp)
        Self(first)
    }
  efb428:	59                   	pop    %rcx
  efb429:	c3                   	ret
  efb42a:	cc                   	int3
  efb42b:	cc                   	int3
  efb42c:	cc                   	int3
  efb42d:	cc                   	int3
  efb42e:	cc                   	int3
  efb42f:	cc                   	int3

0000000000efb430 <_ZN85_$LT$talc..talc..llist..IterMut$u20$as$u20$core..iter..traits..iterator..Iterator$GT$4next17he2db1a1b54388b9cE>:
}

impl Iterator for IterMut {
    type Item = NonNull<LlistNode>;

    fn next(&mut self) -> Option<Self::Item> {
  efb430:	48 83 ec 38          	sub    $0x38,%rsp
  efb434:	48 89 3c 24          	mov    %rdi,(%rsp)
  efb438:	48 89 7c 24 18       	mov    %rdi,0x18(%rsp)
        let current = self.0?;
  efb43d:	48 8b 3f             	mov    (%rdi),%rdi
  efb440:	e8 fb fb ff ff       	call   efb040 <_ZN75_$LT$core..option..Option$LT$T$GT$$u20$as$u20$core..ops..try_trait..Try$GT$6branch17h9afaa1d79cd9ea46E>
  efb445:	48 89 44 24 10       	mov    %rax,0x10(%rsp)
  efb44a:	48 8b 54 24 10       	mov    0x10(%rsp),%rdx
  efb44f:	31 c0                	xor    %eax,%eax
  efb451:	b9 01 00 00 00       	mov    $0x1,%ecx
  efb456:	48 83 fa 00          	cmp    $0x0,%rdx
  efb45a:	48 0f 44 c1          	cmove  %rcx,%rax
  efb45e:	48 a9 01 00 00 00    	test   $0x1,%rax
  efb464:	74 0c                	je     efb472 <_ZN85_$LT$talc..talc..llist..IterMut$u20$as$u20$core..iter..traits..iterator..Iterator$GT$4next17he2db1a1b54388b9cE+0x42>
  efb466:	e8 05 f4 ff ff       	call   efa870 <_ZN145_$LT$core..option..Option$LT$T$GT$$u20$as$u20$core..ops..try_trait..FromResidual$LT$core..option..Option$LT$core..convert..Infallible$GT$$GT$$GT$13from_residual17hf175b32961254a07E>
  efb46b:	48 89 44 24 08       	mov    %rax,0x8(%rsp)
  efb470:	eb 1e                	jmp    efb490 <_ZN85_$LT$talc..talc..llist..IterMut$u20$as$u20$core..iter..traits..iterator..Iterator$GT$4next17he2db1a1b54388b9cE+0x60>
  efb472:	48 8b 0c 24          	mov    (%rsp),%rcx
  efb476:	48 8b 44 24 10       	mov    0x10(%rsp),%rax
  efb47b:	48 89 44 24 28       	mov    %rax,0x28(%rsp)
  efb480:	48 89 44 24 30       	mov    %rax,0x30(%rsp)
        self.0 = unsafe { (*current.as_ptr()).next };
  efb485:	48 8b 10             	mov    (%rax),%rdx
  efb488:	48 89 11             	mov    %rdx,(%rcx)
        Some(current)
  efb48b:	48 89 44 24 08       	mov    %rax,0x8(%rsp)
    }
  efb490:	48 8b 44 24 08       	mov    0x8(%rsp),%rax
  efb495:	48 83 c4 38          	add    $0x38,%rsp
  efb499:	c3                   	ret
  efb49a:	cc                   	int3
  efb49b:	cc                   	int3
  efb49c:	cc                   	int3
  efb49d:	cc                   	int3
  efb49e:	cc                   	int3
  efb49f:	cc                   	int3

0000000000efb4a0 <_ZN4talc4talc3tag3Tag5write17hc98167a297e6fdc5E>:
    pub const ALLOCATED_FLAG: usize = 1 << 0; // pointers are always aligned to 4 bytes at least
    pub const IS_ABOVE_FREE_FLAG: usize = 1 << 1; // pointers are always aligned to 4 bytes at least

    const BASE: usize = !(Self::ALLOCATED_FLAG | Self::IS_ABOVE_FREE_FLAG);

    pub unsafe fn write(chunk_tag: *mut Tag, chunk_base: *mut u8, is_above_free: bool) {
  efb4a0:	48 81 ec 88 00 00 00 	sub    $0x88,%rsp
  efb4a7:	48 89 34 24          	mov    %rsi,(%rsp)
  efb4ab:	48 89 7c 24 08       	mov    %rdi,0x8(%rsp)
  efb4b0:	88 d0                	mov    %dl,%al
  efb4b2:	88 44 24 17          	mov    %al,0x17(%rsp)
  efb4b6:	48 89 7c 24 20       	mov    %rdi,0x20(%rsp)
  efb4bb:	48 89 74 24 28       	mov    %rsi,0x28(%rsp)
  efb4c0:	24 01                	and    $0x1,%al
  efb4c2:	88 44 24 37          	mov    %al,0x37(%rsp)
        debug_assert!(chunk_base as usize & !Self::BASE == 0);
  efb4c6:	48 83 e6 03          	and    $0x3,%rsi
  efb4ca:	48 83 fe 00          	cmp    $0x0,%rsi
  efb4ce:	75 0a                	jne    efb4da <_ZN4talc4talc3tag3Tag5write17hc98167a297e6fdc5E+0x3a>
  efb4d0:	8a 44 24 17          	mov    0x17(%rsp),%al

        chunk_tag.write(if is_above_free {
  efb4d4:	a8 01                	test   $0x1,%al
  efb4d6:	75 4a                	jne    efb522 <_ZN4talc4talc3tag3Tag5write17hc98167a297e6fdc5E+0x82>
  efb4d8:	eb 18                	jmp    efb4f2 <_ZN4talc4talc3tag3Tag5write17hc98167a297e6fdc5E+0x52>
        debug_assert!(chunk_base as usize & !Self::BASE == 0);
  efb4da:	48 c7 c7 78 f5 ee 00 	mov    $0xeef578,%rdi
  efb4e1:	48 c7 c2 10 f6 ee 00 	mov    $0xeef610,%rdx
  efb4e8:	be 38 00 00 00       	mov    $0x38,%esi
  efb4ed:	e8 4e 0b 00 00       	call   efc040 <_ZN4core9panicking5panic17hdbca58b08003962eE>
  efb4f2:	48 8b 04 24          	mov    (%rsp),%rax
  efb4f6:	48 89 44 24 58       	mov    %rax,0x58(%rsp)
  efb4fb:	48 c7 44 24 60 01 00 	movq   $0x1,0x60(%rsp)
  efb502:	00 00 
        self.wrapping_offset(count as isize)
  efb504:	48 c7 44 24 68 01 00 	movq   $0x1,0x68(%rsp)
  efb50b:	00 00 
        unsafe { intrinsics::arith_offset(self, count) as *mut T }
  efb50d:	48 83 c0 01          	add    $0x1,%rax
  efb511:	48 89 44 24 70       	mov    %rax,0x70(%rsp)
  efb516:	48 8b 44 24 70       	mov    0x70(%rsp),%rax
            Self(chunk_base.wrapping_add(Self::IS_ABOVE_FREE_FLAG | Self::ALLOCATED_FLAG))
        } else {
            Self(chunk_base.wrapping_add(Self::ALLOCATED_FLAG))
  efb51b:	48 89 44 24 18       	mov    %rax,0x18(%rsp)
        chunk_tag.write(if is_above_free {
  efb520:	eb 2e                	jmp    efb550 <_ZN4talc4talc3tag3Tag5write17hc98167a297e6fdc5E+0xb0>
  efb522:	48 8b 04 24          	mov    (%rsp),%rax
  efb526:	48 89 44 24 38       	mov    %rax,0x38(%rsp)
  efb52b:	48 c7 44 24 40 03 00 	movq   $0x3,0x40(%rsp)
  efb532:	00 00 
        self.wrapping_offset(count as isize)
  efb534:	48 c7 44 24 48 03 00 	movq   $0x3,0x48(%rsp)
  efb53b:	00 00 
        unsafe { intrinsics::arith_offset(self, count) as *mut T }
  efb53d:	48 83 c0 03          	add    $0x3,%rax
  efb541:	48 89 44 24 50       	mov    %rax,0x50(%rsp)
  efb546:	48 8b 44 24 50       	mov    0x50(%rsp),%rax
            Self(chunk_base.wrapping_add(Self::IS_ABOVE_FREE_FLAG | Self::ALLOCATED_FLAG))
  efb54b:	48 89 44 24 18       	mov    %rax,0x18(%rsp)
  efb550:	48 8b 44 24 08       	mov    0x8(%rsp),%rax
        chunk_tag.write(if is_above_free {
  efb555:	48 8b 4c 24 18       	mov    0x18(%rsp),%rcx
  efb55a:	48 89 44 24 78       	mov    %rax,0x78(%rsp)
  efb55f:	48 89 8c 24 80 00 00 	mov    %rcx,0x80(%rsp)
  efb566:	00 
        intrinsics::write_via_move(dst, src)
  efb567:	48 89 08             	mov    %rcx,(%rax)
        })
    }
  efb56a:	48 81 c4 88 00 00 00 	add    $0x88,%rsp
  efb571:	c3                   	ret
  efb572:	cc                   	int3
  efb573:	cc                   	int3
  efb574:	cc                   	int3
  efb575:	cc                   	int3
  efb576:	cc                   	int3
  efb577:	cc                   	int3
  efb578:	cc                   	int3
  efb579:	cc                   	int3
  efb57a:	cc                   	int3
  efb57b:	cc                   	int3
  efb57c:	cc                   	int3
  efb57d:	cc                   	int3
  efb57e:	cc                   	int3
  efb57f:	cc                   	int3

0000000000efb580 <_ZN4talc4talc3tag3Tag10chunk_base17h942cd88ef9d4badbE>:

    pub fn chunk_base(self) -> *mut u8 {
  efb580:	48 83 ec 30          	sub    $0x30,%rsp
  efb584:	48 89 3c 24          	mov    %rdi,(%rsp)
        self.0.wrapping_sub(self.0 as usize % ALIGN)
  efb588:	48 89 f9             	mov    %rdi,%rcx
  efb58b:	48 83 e1 07          	and    $0x7,%rcx
  efb58f:	48 89 7c 24 08       	mov    %rdi,0x8(%rsp)
  efb594:	48 89 4c 24 10       	mov    %rcx,0x10(%rsp)
        self.wrapping_offset((count as isize).wrapping_neg())
  efb599:	48 89 4c 24 18       	mov    %rcx,0x18(%rsp)
  efb59e:	31 c0                	xor    %eax,%eax
  efb5a0:	48 29 c8             	sub    %rcx,%rax
  efb5a3:	48 89 44 24 20       	mov    %rax,0x20(%rsp)
        unsafe { intrinsics::arith_offset(self, count) as *mut T }
  efb5a8:	48 01 c7             	add    %rax,%rdi
  efb5ab:	48 89 7c 24 28       	mov    %rdi,0x28(%rsp)
  efb5b0:	48 8b 44 24 28       	mov    0x28(%rsp),%rax
    }
  efb5b5:	48 83 c4 30          	add    $0x30,%rsp
  efb5b9:	c3                   	ret
  efb5ba:	cc                   	int3
  efb5bb:	cc                   	int3
  efb5bc:	cc                   	int3
  efb5bd:	cc                   	int3
  efb5be:	cc                   	int3
  efb5bf:	cc                   	int3

0000000000efb5c0 <_ZN4talc4talc3tag3Tag13is_above_free17hcd8d0ceae9a7f4b2E>:

    pub fn is_above_free(self) -> bool {
  efb5c0:	50                   	push   %rax
  efb5c1:	48 89 3c 24          	mov    %rdi,(%rsp)
        self.0 as usize & Self::IS_ABOVE_FREE_FLAG != 0
  efb5c5:	48 83 e7 02          	and    $0x2,%rdi
  efb5c9:	48 83 ff 00          	cmp    $0x0,%rdi
  efb5cd:	0f 95 c0             	setne  %al
    }
  efb5d0:	24 01                	and    $0x1,%al
  efb5d2:	59                   	pop    %rcx
  efb5d3:	c3                   	ret
  efb5d4:	cc                   	int3
  efb5d5:	cc                   	int3
  efb5d6:	cc                   	int3
  efb5d7:	cc                   	int3
  efb5d8:	cc                   	int3
  efb5d9:	cc                   	int3
  efb5da:	cc                   	int3
  efb5db:	cc                   	int3
  efb5dc:	cc                   	int3
  efb5dd:	cc                   	int3
  efb5de:	cc                   	int3
  efb5df:	cc                   	int3

0000000000efb5e0 <_ZN4talc4talc3tag3Tag12is_allocated17hcdd013e1df481431E>:

    pub fn is_allocated(self) -> bool {
  efb5e0:	50                   	push   %rax
  efb5e1:	48 89 3c 24          	mov    %rdi,(%rsp)
        self.0 as usize & Self::ALLOCATED_FLAG != 0
  efb5e5:	48 83 e7 01          	and    $0x1,%rdi
  efb5e9:	48 83 ff 00          	cmp    $0x0,%rdi
  efb5ed:	0f 95 c0             	setne  %al
    }
  efb5f0:	24 01                	and    $0x1,%al
  efb5f2:	59                   	pop    %rcx
  efb5f3:	c3                   	ret
  efb5f4:	cc                   	int3
  efb5f5:	cc                   	int3
  efb5f6:	cc                   	int3
  efb5f7:	cc                   	int3
  efb5f8:	cc                   	int3
  efb5f9:	cc                   	int3
  efb5fa:	cc                   	int3
  efb5fb:	cc                   	int3
  efb5fc:	cc                   	int3
  efb5fd:	cc                   	int3
  efb5fe:	cc                   	int3
  efb5ff:	cc                   	int3

0000000000efb600 <_ZN4talc4talc3tag3Tag14set_above_free17h7650adf9f9dc38c1E>:

    pub unsafe fn set_above_free(ptr: *mut Self) {
  efb600:	48 83 ec 58          	sub    $0x58,%rsp
  efb604:	48 89 7c 24 08       	mov    %rdi,0x8(%rsp)
  efb609:	48 89 7c 24 18       	mov    %rdi,0x18(%rsp)
  efb60e:	48 89 7c 24 40       	mov    %rdi,0x40(%rsp)
        crate::intrinsics::read_via_copy(src)
  efb613:	48 8b 07             	mov    (%rdi),%rax
        let mut tag = ptr.read();
  efb616:	48 89 44 24 10       	mov    %rax,0x10(%rsp)
        debug_assert!(!tag.is_above_free());
  efb61b:	48 8b 7c 24 10       	mov    0x10(%rsp),%rdi
  efb620:	e8 9b ff ff ff       	call   efb5c0 <_ZN4talc4talc3tag3Tag13is_above_free17hcd8d0ceae9a7f4b2E>
  efb625:	a8 01                	test   $0x1,%al
  efb627:	75 3f                	jne    efb668 <_ZN4talc4talc3tag3Tag14set_above_free17h7650adf9f9dc38c1E+0x68>
        tag = Self(tag.0.wrapping_add(Self::IS_ABOVE_FREE_FLAG));
  efb629:	48 8b 44 24 10       	mov    0x10(%rsp),%rax
  efb62e:	48 89 44 24 20       	mov    %rax,0x20(%rsp)
  efb633:	48 c7 44 24 28 02 00 	movq   $0x2,0x28(%rsp)
  efb63a:	00 00 
        self.wrapping_offset(count as isize)
  efb63c:	48 c7 44 24 30 02 00 	movq   $0x2,0x30(%rsp)
  efb643:	00 00 
        unsafe { intrinsics::arith_offset(self, count) as *mut T }
  efb645:	48 83 c0 02          	add    $0x2,%rax
  efb649:	48 89 44 24 38       	mov    %rax,0x38(%rsp)
  efb64e:	48 8b 44 24 38       	mov    0x38(%rsp),%rax
  efb653:	48 89 44 24 10       	mov    %rax,0x10(%rsp)
        debug_assert!(tag.is_above_free());
  efb658:	48 8b 7c 24 10       	mov    0x10(%rsp),%rdi
  efb65d:	e8 5e ff ff ff       	call   efb5c0 <_ZN4talc4talc3tag3Tag13is_above_free17hcd8d0ceae9a7f4b2E>
  efb662:	a8 01                	test   $0x1,%al
  efb664:	75 32                	jne    efb698 <_ZN4talc4talc3tag3Tag14set_above_free17h7650adf9f9dc38c1E+0x98>
  efb666:	eb 18                	jmp    efb680 <_ZN4talc4talc3tag3Tag14set_above_free17h7650adf9f9dc38c1E+0x80>
        debug_assert!(!tag.is_above_free());
  efb668:	48 c7 c7 68 f6 ee 00 	mov    $0xeef668,%rdi
  efb66f:	48 c7 c2 90 f6 ee 00 	mov    $0xeef690,%rdx
  efb676:	be 26 00 00 00       	mov    $0x26,%esi
  efb67b:	e8 c0 09 00 00       	call   efc040 <_ZN4core9panicking5panic17hdbca58b08003962eE>
        debug_assert!(tag.is_above_free());
  efb680:	48 c7 c7 28 f6 ee 00 	mov    $0xeef628,%rdi
  efb687:	48 c7 c2 50 f6 ee 00 	mov    $0xeef650,%rdx
  efb68e:	be 25 00 00 00       	mov    $0x25,%esi
  efb693:	e8 a8 09 00 00       	call   efc040 <_ZN4core9panicking5panic17hdbca58b08003962eE>
  efb698:	48 8b 44 24 08       	mov    0x8(%rsp),%rax
        ptr.write(tag);
  efb69d:	48 8b 4c 24 10       	mov    0x10(%rsp),%rcx
  efb6a2:	48 89 44 24 48       	mov    %rax,0x48(%rsp)
  efb6a7:	48 89 4c 24 50       	mov    %rcx,0x50(%rsp)
        intrinsics::write_via_move(dst, src)
  efb6ac:	48 89 08             	mov    %rcx,(%rax)
    }
  efb6af:	48 83 c4 58          	add    $0x58,%rsp
  efb6b3:	c3                   	ret
  efb6b4:	cc                   	int3
  efb6b5:	cc                   	int3
  efb6b6:	cc                   	int3
  efb6b7:	cc                   	int3
  efb6b8:	cc                   	int3
  efb6b9:	cc                   	int3
  efb6ba:	cc                   	int3
  efb6bb:	cc                   	int3
  efb6bc:	cc                   	int3
  efb6bd:	cc                   	int3
  efb6be:	cc                   	int3
  efb6bf:	cc                   	int3

0000000000efb6c0 <_ZN4talc4talc3tag3Tag16clear_above_free17hfc74b67f73daee0dE>:

    pub unsafe fn clear_above_free(ptr: *mut Self) {
  efb6c0:	48 83 ec 58          	sub    $0x58,%rsp
  efb6c4:	48 89 3c 24          	mov    %rdi,(%rsp)
  efb6c8:	48 89 7c 24 10       	mov    %rdi,0x10(%rsp)
  efb6cd:	48 89 7c 24 40       	mov    %rdi,0x40(%rsp)
        crate::intrinsics::read_via_copy(src)
  efb6d2:	48 8b 07             	mov    (%rdi),%rax
        let mut tag = ptr.read();
  efb6d5:	48 89 44 24 08       	mov    %rax,0x8(%rsp)
        debug_assert!(tag.is_above_free());
  efb6da:	48 8b 7c 24 08       	mov    0x8(%rsp),%rdi
  efb6df:	e8 dc fe ff ff       	call   efb5c0 <_ZN4talc4talc3tag3Tag13is_above_free17hcd8d0ceae9a7f4b2E>
  efb6e4:	a8 01                	test   $0x1,%al
  efb6e6:	75 18                	jne    efb700 <_ZN4talc4talc3tag3Tag16clear_above_free17hfc74b67f73daee0dE+0x40>
  efb6e8:	48 c7 c7 28 f6 ee 00 	mov    $0xeef628,%rdi
  efb6ef:	48 c7 c2 a8 f6 ee 00 	mov    $0xeef6a8,%rdx
  efb6f6:	be 25 00 00 00       	mov    $0x25,%esi
  efb6fb:	e8 40 09 00 00       	call   efc040 <_ZN4core9panicking5panic17hdbca58b08003962eE>
        tag = Self(tag.0.wrapping_sub(Self::IS_ABOVE_FREE_FLAG));
  efb700:	48 8b 44 24 08       	mov    0x8(%rsp),%rax
  efb705:	48 89 44 24 18       	mov    %rax,0x18(%rsp)
  efb70a:	48 c7 44 24 20 02 00 	movq   $0x2,0x20(%rsp)
  efb711:	00 00 
        self.wrapping_offset((count as isize).wrapping_neg())
  efb713:	48 c7 44 24 28 02 00 	movq   $0x2,0x28(%rsp)
  efb71a:	00 00 
  efb71c:	48 c7 44 24 30 fe ff 	movq   $0xfffffffffffffffe,0x30(%rsp)
  efb723:	ff ff 
        unsafe { intrinsics::arith_offset(self, count) as *mut T }
  efb725:	48 83 c0 fe          	add    $0xfffffffffffffffe,%rax
  efb729:	48 89 44 24 38       	mov    %rax,0x38(%rsp)
  efb72e:	48 8b 44 24 38       	mov    0x38(%rsp),%rax
  efb733:	48 89 44 24 08       	mov    %rax,0x8(%rsp)
        debug_assert!(!tag.is_above_free());
  efb738:	48 8b 7c 24 08       	mov    0x8(%rsp),%rdi
  efb73d:	e8 7e fe ff ff       	call   efb5c0 <_ZN4talc4talc3tag3Tag13is_above_free17hcd8d0ceae9a7f4b2E>
  efb742:	a8 01                	test   $0x1,%al
  efb744:	75 1b                	jne    efb761 <_ZN4talc4talc3tag3Tag16clear_above_free17hfc74b67f73daee0dE+0xa1>
  efb746:	48 8b 04 24          	mov    (%rsp),%rax
        ptr.write(tag);
  efb74a:	48 8b 4c 24 08       	mov    0x8(%rsp),%rcx
  efb74f:	48 89 44 24 48       	mov    %rax,0x48(%rsp)
  efb754:	48 89 4c 24 50       	mov    %rcx,0x50(%rsp)
        intrinsics::write_via_move(dst, src)
  efb759:	48 89 08             	mov    %rcx,(%rax)
    }
  efb75c:	48 83 c4 58          	add    $0x58,%rsp
  efb760:	c3                   	ret
        debug_assert!(!tag.is_above_free());
  efb761:	48 c7 c7 68 f6 ee 00 	mov    $0xeef668,%rdi
  efb768:	48 c7 c2 c0 f6 ee 00 	mov    $0xeef6c0,%rdx
  efb76f:	be 26 00 00 00       	mov    $0x26,%esi
  efb774:	e8 c7 08 00 00       	call   efc040 <_ZN4core9panicking5panic17hdbca58b08003962eE>
  efb779:	cc                   	int3
  efb77a:	cc                   	int3
  efb77b:	cc                   	int3
  efb77c:	cc                   	int3
  efb77d:	cc                   	int3
  efb77e:	cc                   	int3
  efb77f:	cc                   	int3

0000000000efb780 <_ZN4core4sync6atomic12atomic_store17h72839f94d588f606E>:
unsafe fn atomic_store<T: Copy>(dst: *mut T, val: T, order: Ordering) {
  efb780:	48 81 ec 98 00 00 00 	sub    $0x98,%rsp
  efb787:	48 89 3c 24          	mov    %rdi,(%rsp)
  efb78b:	88 d0                	mov    %dl,%al
  efb78d:	40 88 f1             	mov    %sil,%cl
  efb790:	88 4c 24 0f          	mov    %cl,0xf(%rsp)
  efb794:	48 89 7c 24 78       	mov    %rdi,0x78(%rsp)
  efb799:	88 8c 24 86 00 00 00 	mov    %cl,0x86(%rsp)
  efb7a0:	88 84 24 87 00 00 00 	mov    %al,0x87(%rsp)
    pub const fn new_const<const N: usize>(pieces: &'a [&'static str; N]) -> Self {
  efb7a7:	48 c7 84 24 88 00 00 	movq   $0xeef738,0x88(%rsp)
  efb7ae:	00 38 f7 ee 00 
  efb7b3:	48 c7 84 24 90 00 00 	movq   $0xeef778,0x90(%rsp)
  efb7ba:	00 78 f7 ee 00 
        match order {
  efb7bf:	0f b6 c0             	movzbl %al,%eax
  efb7c2:	48 89 44 24 10       	mov    %rax,0x10(%rsp)
  efb7c7:	48 8b 44 24 10       	mov    0x10(%rsp),%rax
  efb7cc:	48 8b 04 c5 d8 f6 ee 	mov    0xeef6d8(,%rax,8),%rax
  efb7d3:	00 
  efb7d4:	ff e0                	jmp    *%rax
  efb7d6:	0f 0b                	ud2
  efb7d8:	48 8b 04 24          	mov    (%rsp),%rax
  efb7dc:	8a 4c 24 0f          	mov    0xf(%rsp),%cl
            Relaxed => intrinsics::atomic_store_relaxed(dst, val),
  efb7e0:	88 08                	mov    %cl,(%rax)
  efb7e2:	e9 b5 00 00 00       	jmp    efb89c <_ZN4core4sync6atomic12atomic_store17h72839f94d588f606E+0x11c>
  efb7e7:	48 8b 04 24          	mov    (%rsp),%rax
  efb7eb:	8a 4c 24 0f          	mov    0xf(%rsp),%cl
            Release => intrinsics::atomic_store_release(dst, val),
  efb7ef:	88 08                	mov    %cl,(%rax)
  efb7f1:	e9 a6 00 00 00       	jmp    efb89c <_ZN4core4sync6atomic12atomic_store17h72839f94d588f606E+0x11c>
        Arguments { pieces, fmt: None, args: &[] }
  efb7f6:	48 c7 44 24 18 78 f7 	movq   $0xeef778,0x18(%rsp)
  efb7fd:	ee 00 
  efb7ff:	48 c7 44 24 20 01 00 	movq   $0x1,0x20(%rsp)
  efb806:	00 00 
  efb808:	48 8b 0d a9 4a 30 ff 	mov    -0xcfb557(%rip),%rcx        # 2002b8 <_ZN63_$LT$common_std..error..RcError$u20$as$u20$core..fmt..Debug$GT$3fmt17h5af9ecfea329b2e5E-0xcf0988>
  efb80f:	48 8b 05 aa 4a 30 ff 	mov    -0xcfb556(%rip),%rax        # 2002c0 <_ZN63_$LT$common_std..error..RcError$u20$as$u20$core..fmt..Debug$GT$3fmt17h5af9ecfea329b2e5E-0xcf0980>
  efb816:	48 89 4c 24 38       	mov    %rcx,0x38(%rsp)
  efb81b:	48 89 44 24 40       	mov    %rax,0x40(%rsp)
  efb820:	b8 08 00 00 00       	mov    $0x8,%eax
  efb825:	48 89 44 24 28       	mov    %rax,0x28(%rsp)
  efb82a:	48 c7 44 24 30 00 00 	movq   $0x0,0x30(%rsp)
  efb831:	00 00 
            Acquire => panic!("there is no such thing as an acquire store"),
  efb833:	48 c7 c6 00 f8 ee 00 	mov    $0xeef800,%rsi
  efb83a:	48 8d 7c 24 18       	lea    0x18(%rsp),%rdi
  efb83f:	e8 7c 07 00 00       	call   efbfc0 <_ZN4core9panicking9panic_fmt17h2982420c32d2353cE>
  efb844:	48 c7 44 24 48 38 f7 	movq   $0xeef738,0x48(%rsp)
  efb84b:	ee 00 
  efb84d:	48 c7 44 24 50 01 00 	movq   $0x1,0x50(%rsp)
  efb854:	00 00 
  efb856:	48 8b 0d 5b 4a 30 ff 	mov    -0xcfb5a5(%rip),%rcx        # 2002b8 <_ZN63_$LT$common_std..error..RcError$u20$as$u20$core..fmt..Debug$GT$3fmt17h5af9ecfea329b2e5E-0xcf0988>
  efb85d:	48 8b 05 5c 4a 30 ff 	mov    -0xcfb5a4(%rip),%rax        # 2002c0 <_ZN63_$LT$common_std..error..RcError$u20$as$u20$core..fmt..Debug$GT$3fmt17h5af9ecfea329b2e5E-0xcf0980>
  efb864:	48 89 4c 24 68       	mov    %rcx,0x68(%rsp)
  efb869:	48 89 44 24 70       	mov    %rax,0x70(%rsp)
  efb86e:	b8 08 00 00 00       	mov    $0x8,%eax
  efb873:	48 89 44 24 58       	mov    %rax,0x58(%rsp)
  efb878:	48 c7 44 24 60 00 00 	movq   $0x0,0x60(%rsp)
  efb87f:	00 00 
            AcqRel => panic!("there is no such thing as an acquire-release store"),
  efb881:	48 c7 c6 18 f8 ee 00 	mov    $0xeef818,%rsi
  efb888:	48 8d 7c 24 48       	lea    0x48(%rsp),%rdi
  efb88d:	e8 2e 07 00 00       	call   efbfc0 <_ZN4core9panicking9panic_fmt17h2982420c32d2353cE>
  efb892:	48 8b 0c 24          	mov    (%rsp),%rcx
  efb896:	8a 44 24 0f          	mov    0xf(%rsp),%al
            SeqCst => intrinsics::atomic_store_seqcst(dst, val),
  efb89a:	86 01                	xchg   %al,(%rcx)
}
  efb89c:	48 81 c4 98 00 00 00 	add    $0x98,%rsp
  efb8a3:	c3                   	ret
  efb8a4:	cc                   	int3
  efb8a5:	cc                   	int3
  efb8a6:	cc                   	int3
  efb8a7:	cc                   	int3
  efb8a8:	cc                   	int3
  efb8a9:	cc                   	int3
  efb8aa:	cc                   	int3
  efb8ab:	cc                   	int3
  efb8ac:	cc                   	int3
  efb8ad:	cc                   	int3
  efb8ae:	cc                   	int3
  efb8af:	cc                   	int3

0000000000efb8b0 <_ZN4spin4once6status6Status13new_unchecked17h8918d3ebf4b52276E>:
        unsafe fn new_unchecked(inner: u8) -> Self {
  efb8b0:	48 83 ec 01          	sub    $0x1,%rsp
  efb8b4:	40 88 f8             	mov    %dil,%al
  efb8b7:	88 04 24             	mov    %al,(%rsp)
        }
  efb8ba:	48 83 c4 01          	add    $0x1,%rsp
  efb8be:	c3                   	ret
  efb8bf:	cc                   	int3

0000000000efb8c0 <_ZN4core3fmt5Write9write_fmt17h33e6328452543a76E>:
  efb8c0:	55                   	push   %rbp
  efb8c1:	48 89 e5             	mov    %rsp,%rbp
  efb8c4:	48 89 f2             	mov    %rsi,%rdx
  efb8c7:	48 8d 35 ea 33 00 00 	lea    0x33ea(%rip),%rsi        # efecb8 <memcpy+0x1038>
  efb8ce:	5d                   	pop    %rbp
  efb8cf:	ff 25 53 36 00 00    	jmp    *0x3653(%rip)        # efef28 <memcpy+0x12a8>
  efb8d5:	cc                   	int3
  efb8d6:	cc                   	int3
  efb8d7:	cc                   	int3
  efb8d8:	cc                   	int3
  efb8d9:	cc                   	int3
  efb8da:	cc                   	int3
  efb8db:	cc                   	int3
  efb8dc:	cc                   	int3
  efb8dd:	cc                   	int3
  efb8de:	cc                   	int3
  efb8df:	cc                   	int3

0000000000efb8e0 <_ZN4core3ptr42drop_in_place$LT$alloc..string..String$GT$17h032618f92bc4a4a8E>:
  efb8e0:	55                   	push   %rbp
  efb8e1:	48 89 e5             	mov    %rsp,%rbp
  efb8e4:	48 8b 37             	mov    (%rdi),%rsi
  efb8e7:	48 85 f6             	test   %rsi,%rsi
  efb8ea:	74 10                	je     efb8fc <_ZN4core3ptr42drop_in_place$LT$alloc..string..String$GT$17h032618f92bc4a4a8E+0x1c>
  efb8ec:	48 8b 7f 08          	mov    0x8(%rdi),%rdi
  efb8f0:	ba 01 00 00 00       	mov    $0x1,%edx
  efb8f5:	5d                   	pop    %rbp
  efb8f6:	ff 25 dc 35 00 00    	jmp    *0x35dc(%rip)        # efeed8 <memcpy+0x1258>
  efb8fc:	5d                   	pop    %rbp
  efb8fd:	c3                   	ret
  efb8fe:	cc                   	int3
  efb8ff:	cc                   	int3

0000000000efb900 <_ZN53_$LT$core..fmt..Error$u20$as$u20$core..fmt..Debug$GT$3fmt17h9c4c25c7ac4d55afE>:
  efb900:	55                   	push   %rbp
  efb901:	48 89 e5             	mov    %rsp,%rbp
  efb904:	48 89 f7             	mov    %rsi,%rdi
  efb907:	48 8d 35 22 3f ff ff 	lea    -0xc0de(%rip),%rsi        # eef830 <_ZN63_$LT$common_std..error..RcError$u20$as$u20$core..fmt..Debug$GT$3fmt17h5af9ecfea329b2e5E-0x1410>
  efb90e:	ba 05 00 00 00       	mov    $0x5,%edx
  efb913:	5d                   	pop    %rbp
  efb914:	ff 25 ce 35 00 00    	jmp    *0x35ce(%rip)        # efeee8 <memcpy+0x1268>
  efb91a:	cc                   	int3
  efb91b:	cc                   	int3
  efb91c:	cc                   	int3
  efb91d:	cc                   	int3
  efb91e:	cc                   	int3
  efb91f:	cc                   	int3

0000000000efb920 <_ZN5alloc7raw_vec17capacity_overflow17hd40d50bce43da1c0E>:
  efb920:	55                   	push   %rbp
  efb921:	48 89 e5             	mov    %rsp,%rbp
  efb924:	48 83 ec 30          	sub    $0x30,%rsp
  efb928:	48 89 fe             	mov    %rdi,%rsi
  efb92b:	48 8d 05 b6 33 00 00 	lea    0x33b6(%rip),%rax        # efece8 <memcpy+0x1068>
  efb932:	48 89 45 d0          	mov    %rax,-0x30(%rbp)
  efb936:	48 c7 45 d8 01 00 00 	movq   $0x1,-0x28(%rbp)
  efb93d:	00 
  efb93e:	48 c7 45 f0 00 00 00 	movq   $0x0,-0x10(%rbp)
  efb945:	00 
  efb946:	48 c7 45 e0 08 00 00 	movq   $0x8,-0x20(%rbp)
  efb94d:	00 
  efb94e:	48 c7 45 e8 00 00 00 	movq   $0x0,-0x18(%rbp)
  efb955:	00 
  efb956:	48 8d 7d d0          	lea    -0x30(%rbp),%rdi
  efb95a:	ff 15 a8 35 00 00    	call   *0x35a8(%rip)        # efef08 <memcpy+0x1288>

0000000000efb960 <_ZN5alloc7raw_vec20RawVecInner$LT$A$GT$7reserve21do_reserve_and_handle17haf5deaa872bc03a7E>:
  efb960:	55                   	push   %rbp
  efb961:	48 89 e5             	mov    %rsp,%rbp
  efb964:	41 56                	push   %r14
  efb966:	53                   	push   %rbx
  efb967:	48 83 ec 30          	sub    $0x30,%rsp
  efb96b:	48 01 d6             	add    %rdx,%rsi
  efb96e:	72 71                	jb     efb9e1 <_ZN5alloc7raw_vec20RawVecInner$LT$A$GT$7reserve21do_reserve_and_handle17haf5deaa872bc03a7E+0x81>
  efb970:	48 89 fb             	mov    %rdi,%rbx
  efb973:	48 8b 07             	mov    (%rdi),%rax
  efb976:	48 8d 0c 00          	lea    (%rax,%rax,1),%rcx
  efb97a:	48 39 ce             	cmp    %rcx,%rsi
  efb97d:	48 0f 47 ce          	cmova  %rsi,%rcx
  efb981:	48 83 f9 09          	cmp    $0x9,%rcx
  efb985:	41 be 08 00 00 00    	mov    $0x8,%r14d
  efb98b:	4c 0f 43 f1          	cmovae %rcx,%r14
  efb98f:	4d 85 f6             	test   %r14,%r14
  efb992:	78 4d                	js     efb9e1 <_ZN5alloc7raw_vec20RawVecInner$LT$A$GT$7reserve21do_reserve_and_handle17haf5deaa872bc03a7E+0x81>
  efb994:	48 85 c0             	test   %rax,%rax
  efb997:	75 04                	jne    efb99d <_ZN5alloc7raw_vec20RawVecInner$LT$A$GT$7reserve21do_reserve_and_handle17haf5deaa872bc03a7E+0x3d>
  efb999:	31 c0                	xor    %eax,%eax
  efb99b:	eb 11                	jmp    efb9ae <_ZN5alloc7raw_vec20RawVecInner$LT$A$GT$7reserve21do_reserve_and_handle17haf5deaa872bc03a7E+0x4e>
  efb99d:	48 8b 4b 08          	mov    0x8(%rbx),%rcx
  efb9a1:	48 89 4d c0          	mov    %rcx,-0x40(%rbp)
  efb9a5:	48 89 45 d0          	mov    %rax,-0x30(%rbp)
  efb9a9:	b8 01 00 00 00       	mov    $0x1,%eax
  efb9ae:	48 89 45 c8          	mov    %rax,-0x38(%rbp)
  efb9b2:	48 8d 7d d8          	lea    -0x28(%rbp),%rdi
  efb9b6:	48 8d 4d c0          	lea    -0x40(%rbp),%rcx
  efb9ba:	be 01 00 00 00       	mov    $0x1,%esi
  efb9bf:	4c 89 f2             	mov    %r14,%rdx
  efb9c2:	e8 49 00 00 00       	call   efba10 <_ZN5alloc7raw_vec11finish_grow17hd11acaf56340910dE>
  efb9c7:	83 7d d8 01          	cmpl   $0x1,-0x28(%rbp)
  efb9cb:	74 23                	je     efb9f0 <_ZN5alloc7raw_vec20RawVecInner$LT$A$GT$7reserve21do_reserve_and_handle17haf5deaa872bc03a7E+0x90>
  efb9cd:	48 8b 45 e0          	mov    -0x20(%rbp),%rax
  efb9d1:	48 89 43 08          	mov    %rax,0x8(%rbx)
  efb9d5:	4c 89 33             	mov    %r14,(%rbx)
  efb9d8:	48 83 c4 30          	add    $0x30,%rsp
  efb9dc:	5b                   	pop    %rbx
  efb9dd:	41 5e                	pop    %r14
  efb9df:	5d                   	pop    %rbp
  efb9e0:	c3                   	ret
  efb9e1:	31 ff                	xor    %edi,%edi
  efb9e3:	48 8d 15 0e 33 00 00 	lea    0x330e(%rip),%rdx        # efecf8 <memcpy+0x1078>
  efb9ea:	ff 15 50 35 00 00    	call   *0x3550(%rip)        # efef40 <memcpy+0x12c0>
  efb9f0:	48 8b 7d e0          	mov    -0x20(%rbp),%rdi
  efb9f4:	48 8b 75 e8          	mov    -0x18(%rbp),%rsi
  efb9f8:	48 8d 15 f9 32 00 00 	lea    0x32f9(%rip),%rdx        # efecf8 <memcpy+0x1078>
  efb9ff:	ff 15 3b 35 00 00    	call   *0x353b(%rip)        # efef40 <memcpy+0x12c0>
  efba05:	cc                   	int3
  efba06:	cc                   	int3
  efba07:	cc                   	int3
  efba08:	cc                   	int3
  efba09:	cc                   	int3
  efba0a:	cc                   	int3
  efba0b:	cc                   	int3
  efba0c:	cc                   	int3
  efba0d:	cc                   	int3
  efba0e:	cc                   	int3
  efba0f:	cc                   	int3

0000000000efba10 <_ZN5alloc7raw_vec11finish_grow17hd11acaf56340910dE>:
  efba10:	55                   	push   %rbp
  efba11:	48 89 e5             	mov    %rsp,%rbp
  efba14:	41 57                	push   %r15
  efba16:	41 56                	push   %r14
  efba18:	53                   	push   %rbx
  efba19:	50                   	push   %rax
  efba1a:	48 89 d3             	mov    %rdx,%rbx
  efba1d:	49 89 f7             	mov    %rsi,%r15
  efba20:	49 89 fe             	mov    %rdi,%r14
  efba23:	48 83 79 08 00       	cmpq   $0x0,0x8(%rcx)
  efba28:	74 1a                	je     efba44 <_ZN5alloc7raw_vec11finish_grow17hd11acaf56340910dE+0x34>
  efba2a:	48 8b 71 10          	mov    0x10(%rcx),%rsi
  efba2e:	48 85 f6             	test   %rsi,%rsi
  efba31:	74 11                	je     efba44 <_ZN5alloc7raw_vec11finish_grow17hd11acaf56340910dE+0x34>
  efba33:	48 8b 39             	mov    (%rcx),%rdi
  efba36:	4c 89 fa             	mov    %r15,%rdx
  efba39:	48 89 d9             	mov    %rbx,%rcx
  efba3c:	ff 15 9e 34 00 00    	call   *0x349e(%rip)        # efeee0 <memcpy+0x1260>
  efba42:	eb 20                	jmp    efba64 <_ZN5alloc7raw_vec11finish_grow17hd11acaf56340910dE+0x54>
  efba44:	48 85 db             	test   %rbx,%rbx
  efba47:	74 18                	je     efba61 <_ZN5alloc7raw_vec11finish_grow17hd11acaf56340910dE+0x51>
  efba49:	48 8b 05 a0 34 00 00 	mov    0x34a0(%rip),%rax        # efeef0 <memcpy+0x1270>
  efba50:	0f b6 00             	movzbl (%rax),%eax
  efba53:	48 89 df             	mov    %rbx,%rdi
  efba56:	4c 89 fe             	mov    %r15,%rsi
  efba59:	ff 15 71 34 00 00    	call   *0x3471(%rip)        # efeed0 <memcpy+0x1250>
  efba5f:	eb 03                	jmp    efba64 <_ZN5alloc7raw_vec11finish_grow17hd11acaf56340910dE+0x54>
  efba61:	4c 89 f8             	mov    %r15,%rax
  efba64:	31 c9                	xor    %ecx,%ecx
  efba66:	48 85 c0             	test   %rax,%rax
  efba69:	4c 0f 45 f8          	cmovne %rax,%r15
  efba6d:	0f 94 c1             	sete   %cl
  efba70:	4d 89 7e 08          	mov    %r15,0x8(%r14)
  efba74:	49 89 5e 10          	mov    %rbx,0x10(%r14)
  efba78:	49 89 0e             	mov    %rcx,(%r14)
  efba7b:	48 83 c4 08          	add    $0x8,%rsp
  efba7f:	5b                   	pop    %rbx
  efba80:	41 5e                	pop    %r14
  efba82:	41 5f                	pop    %r15
  efba84:	5d                   	pop    %rbp
  efba85:	c3                   	ret

0000000000efba86 <_ZN5alloc7raw_vec12handle_error17hec7cc67861cb8aadE>:
  efba86:	55                   	push   %rbp
  efba87:	48 89 e5             	mov    %rsp,%rbp
  efba8a:	48 85 ff             	test   %rdi,%rdi
  efba8d:	75 08                	jne    efba97 <_ZN5alloc7raw_vec12handle_error17hec7cc67861cb8aadE+0x11>
  efba8f:	48 89 d7             	mov    %rdx,%rdi
  efba92:	e8 89 fe ff ff       	call   efb920 <_ZN5alloc7raw_vec17capacity_overflow17hd40d50bce43da1c0E>
  efba97:	ff 15 5b 34 00 00    	call   *0x345b(%rip)        # efeef8 <memcpy+0x1278>

0000000000efba9d <_ZN5alloc5alloc18handle_alloc_error17h6c4520e7ee4e2909E>:
  efba9d:	55                   	push   %rbp
  efba9e:	48 89 e5             	mov    %rsp,%rbp
  efbaa1:	48 89 f8             	mov    %rdi,%rax
  efbaa4:	48 89 f7             	mov    %rsi,%rdi
  efbaa7:	48 89 c6             	mov    %rax,%rsi
  efbaaa:	ff 15 60 34 00 00    	call   *0x3460(%rip)        # efef10 <memcpy+0x1290>

0000000000efbab0 <_ZN5alloc3fmt6format12format_inner17h8c3ecbf083793263E>:
  efbab0:	55                   	push   %rbp
  efbab1:	48 89 e5             	mov    %rsp,%rbp
  efbab4:	41 57                	push   %r15
  efbab6:	41 56                	push   %r14
  efbab8:	41 54                	push   %r12
  efbaba:	53                   	push   %rbx
  efbabb:	48 83 ec 20          	sub    $0x20,%rsp
  efbabf:	49 89 f6             	mov    %rsi,%r14
  efbac2:	48 89 fb             	mov    %rdi,%rbx
  efbac5:	48 8b 56 08          	mov    0x8(%rsi),%rdx
  efbac9:	48 85 d2             	test   %rdx,%rdx
  efbacc:	74 15                	je     efbae3 <_ZN5alloc3fmt6format12format_inner17h8c3ecbf083793263E+0x33>
  efbace:	49 8b 06             	mov    (%r14),%rax
  efbad1:	89 d1                	mov    %edx,%ecx
  efbad3:	83 e1 03             	and    $0x3,%ecx
  efbad6:	48 83 fa 04          	cmp    $0x4,%rdx
  efbada:	73 17                	jae    efbaf3 <_ZN5alloc3fmt6format12format_inner17h8c3ecbf083793263E+0x43>
  efbadc:	45 31 ff             	xor    %r15d,%r15d
  efbadf:	31 f6                	xor    %esi,%esi
  efbae1:	eb 39                	jmp    efbb1c <_ZN5alloc3fmt6format12format_inner17h8c3ecbf083793263E+0x6c>
  efbae3:	49 83 7e 18 00       	cmpq   $0x0,0x18(%r14)
  efbae8:	0f 84 b2 00 00 00    	je     efbba0 <_ZN5alloc3fmt6format12format_inner17h8c3ecbf083793263E+0xf0>
  efbaee:	45 31 ff             	xor    %r15d,%r15d
  efbaf1:	eb 6e                	jmp    efbb61 <_ZN5alloc3fmt6format12format_inner17h8c3ecbf083793263E+0xb1>
  efbaf3:	48 83 e2 fc          	and    $0xfffffffffffffffc,%rdx
  efbaf7:	48 8d 78 38          	lea    0x38(%rax),%rdi
  efbafb:	45 31 ff             	xor    %r15d,%r15d
  efbafe:	31 f6                	xor    %esi,%esi
  efbb00:	4c 03 7f d0          	add    -0x30(%rdi),%r15
  efbb04:	4c 03 7f e0          	add    -0x20(%rdi),%r15
  efbb08:	4c 03 7f f0          	add    -0x10(%rdi),%r15
  efbb0c:	4c 03 3f             	add    (%rdi),%r15
  efbb0f:	48 83 c6 04          	add    $0x4,%rsi
  efbb13:	48 83 c7 40          	add    $0x40,%rdi
  efbb17:	48 39 f2             	cmp    %rsi,%rdx
  efbb1a:	75 e4                	jne    efbb00 <_ZN5alloc3fmt6format12format_inner17h8c3ecbf083793263E+0x50>
  efbb1c:	48 85 c9             	test   %rcx,%rcx
  efbb1f:	74 2c                	je     efbb4d <_ZN5alloc3fmt6format12format_inner17h8c3ecbf083793263E+0x9d>
  efbb21:	48 c1 e6 04          	shl    $0x4,%rsi
  efbb25:	48 8d 14 06          	lea    (%rsi,%rax,1),%rdx
  efbb29:	48 83 c2 08          	add    $0x8,%rdx
  efbb2d:	c1 e1 04             	shl    $0x4,%ecx
  efbb30:	31 f6                	xor    %esi,%esi
  efbb32:	66 66 66 66 66 2e 0f 	data16 data16 data16 data16 cs nopw 0x0(%rax,%rax,1)
  efbb39:	1f 84 00 00 00 00 00 
  efbb40:	4c 03 3c 32          	add    (%rdx,%rsi,1),%r15
  efbb44:	48 83 c6 10          	add    $0x10,%rsi
  efbb48:	48 39 f1             	cmp    %rsi,%rcx
  efbb4b:	75 f3                	jne    efbb40 <_ZN5alloc3fmt6format12format_inner17h8c3ecbf083793263E+0x90>
  efbb4d:	49 83 7e 18 00       	cmpq   $0x0,0x18(%r14)
  efbb52:	74 1c                	je     efbb70 <_ZN5alloc3fmt6format12format_inner17h8c3ecbf083793263E+0xc0>
  efbb54:	49 83 ff 0f          	cmp    $0xf,%r15
  efbb58:	77 07                	ja     efbb61 <_ZN5alloc3fmt6format12format_inner17h8c3ecbf083793263E+0xb1>
  efbb5a:	48 83 78 08 00       	cmpq   $0x0,0x8(%rax)
  efbb5f:	74 3f                	je     efbba0 <_ZN5alloc3fmt6format12format_inner17h8c3ecbf083793263E+0xf0>
  efbb61:	31 c0                	xor    %eax,%eax
  efbb63:	4d 85 ff             	test   %r15,%r15
  efbb66:	49 0f 4f c7          	cmovg  %r15,%rax
  efbb6a:	48 01 c0             	add    %rax,%rax
  efbb6d:	49 89 c7             	mov    %rax,%r15
  efbb70:	4d 85 ff             	test   %r15,%r15
  efbb73:	0f 88 a2 00 00 00    	js     efbc1b <_ZN5alloc3fmt6format12format_inner17h8c3ecbf083793263E+0x16b>
  efbb79:	74 25                	je     efbba0 <_ZN5alloc3fmt6format12format_inner17h8c3ecbf083793263E+0xf0>
  efbb7b:	48 8b 05 6e 33 00 00 	mov    0x336e(%rip),%rax        # efeef0 <memcpy+0x1270>
  efbb82:	0f b6 00             	movzbl (%rax),%eax
  efbb85:	41 bc 01 00 00 00    	mov    $0x1,%r12d
  efbb8b:	be 01 00 00 00       	mov    $0x1,%esi
  efbb90:	4c 89 ff             	mov    %r15,%rdi
  efbb93:	ff 15 37 33 00 00    	call   *0x3337(%rip)        # efeed0 <memcpy+0x1250>
  efbb99:	48 85 c0             	test   %rax,%rax
  efbb9c:	75 0a                	jne    efbba8 <_ZN5alloc3fmt6format12format_inner17h8c3ecbf083793263E+0xf8>
  efbb9e:	eb 7e                	jmp    efbc1e <_ZN5alloc3fmt6format12format_inner17h8c3ecbf083793263E+0x16e>
  efbba0:	b8 01 00 00 00       	mov    $0x1,%eax
  efbba5:	45 31 ff             	xor    %r15d,%r15d
  efbba8:	4c 89 7d c0          	mov    %r15,-0x40(%rbp)
  efbbac:	48 89 45 c8          	mov    %rax,-0x38(%rbp)
  efbbb0:	48 c7 45 d0 00 00 00 	movq   $0x0,-0x30(%rbp)
  efbbb7:	00 
  efbbb8:	48 8d 35 f9 30 00 00 	lea    0x30f9(%rip),%rsi        # efecb8 <memcpy+0x1038>
  efbbbf:	48 8d 7d c0          	lea    -0x40(%rbp),%rdi
  efbbc3:	4c 89 f2             	mov    %r14,%rdx
  efbbc6:	ff 15 5c 33 00 00    	call   *0x335c(%rip)        # efef28 <memcpy+0x12a8>
  efbbcc:	84 c0                	test   %al,%al
  efbbce:	75 27                	jne    efbbf7 <_ZN5alloc3fmt6format12format_inner17h8c3ecbf083793263E+0x147>
  efbbd0:	48 8b 45 d0          	mov    -0x30(%rbp),%rax
  efbbd4:	48 89 43 10          	mov    %rax,0x10(%rbx)
  efbbd8:	48 8b 45 c0          	mov    -0x40(%rbp),%rax
  efbbdc:	48 8b 4d c8          	mov    -0x38(%rbp),%rcx
  efbbe0:	48 89 4b 08          	mov    %rcx,0x8(%rbx)
  efbbe4:	48 89 03             	mov    %rax,(%rbx)
  efbbe7:	48 89 d8             	mov    %rbx,%rax
  efbbea:	48 83 c4 20          	add    $0x20,%rsp
  efbbee:	5b                   	pop    %rbx
  efbbef:	41 5c                	pop    %r12
  efbbf1:	41 5e                	pop    %r14
  efbbf3:	41 5f                	pop    %r15
  efbbf5:	5d                   	pop    %rbp
  efbbf6:	c3                   	ret
  efbbf7:	48 8d 3d 83 3c ff ff 	lea    -0xc37d(%rip),%rdi        # eef881 <_ZN63_$LT$common_std..error..RcError$u20$as$u20$core..fmt..Debug$GT$3fmt17h5af9ecfea329b2e5E-0x13bf>
  efbbfe:	48 8d 0d 23 31 00 00 	lea    0x3123(%rip),%rcx        # efed28 <memcpy+0x10a8>
  efbc05:	4c 8d 05 3c 31 00 00 	lea    0x313c(%rip),%r8        # efed48 <memcpy+0x10c8>
  efbc0c:	48 8d 55 df          	lea    -0x21(%rbp),%rdx
  efbc10:	be 56 00 00 00       	mov    $0x56,%esi
  efbc15:	ff 15 e5 32 00 00    	call   *0x32e5(%rip)        # efef00 <memcpy+0x1280>
  efbc1b:	45 31 e4             	xor    %r12d,%r12d
  efbc1e:	48 8d 15 eb 30 00 00 	lea    0x30eb(%rip),%rdx        # efed10 <memcpy+0x1090>
  efbc25:	4c 89 e7             	mov    %r12,%rdi
  efbc28:	4c 89 fe             	mov    %r15,%rsi
  efbc2b:	ff 15 0f 33 00 00    	call   *0x330f(%rip)        # efef40 <memcpy+0x12c0>
  efbc31:	cc                   	int3
  efbc32:	cc                   	int3
  efbc33:	cc                   	int3
  efbc34:	cc                   	int3
  efbc35:	cc                   	int3
  efbc36:	cc                   	int3
  efbc37:	cc                   	int3
  efbc38:	cc                   	int3
  efbc39:	cc                   	int3
  efbc3a:	cc                   	int3
  efbc3b:	cc                   	int3
  efbc3c:	cc                   	int3
  efbc3d:	cc                   	int3
  efbc3e:	cc                   	int3
  efbc3f:	cc                   	int3

0000000000efbc40 <_ZN58_$LT$alloc..string..String$u20$as$u20$core..fmt..Write$GT$9write_str17h4abe04abe4e04e5cE>:
  efbc40:	55                   	push   %rbp
  efbc41:	48 89 e5             	mov    %rsp,%rbp
  efbc44:	41 57                	push   %r15
  efbc46:	41 56                	push   %r14
  efbc48:	41 54                	push   %r12
  efbc4a:	53                   	push   %rbx
  efbc4b:	48 89 d3             	mov    %rdx,%rbx
  efbc4e:	49 89 fe             	mov    %rdi,%r14
  efbc51:	48 8b 07             	mov    (%rdi),%rax
  efbc54:	4c 8b 7f 10          	mov    0x10(%rdi),%r15
  efbc58:	4c 29 f8             	sub    %r15,%rax
  efbc5b:	48 39 c2             	cmp    %rax,%rdx
  efbc5e:	77 22                	ja     efbc82 <_ZN58_$LT$alloc..string..String$u20$as$u20$core..fmt..Write$GT$9write_str17h4abe04abe4e04e5cE+0x42>
  efbc60:	49 8b 7e 08          	mov    0x8(%r14),%rdi
  efbc64:	4c 01 ff             	add    %r15,%rdi
  efbc67:	48 89 da             	mov    %rbx,%rdx
  efbc6a:	ff 15 c0 32 00 00    	call   *0x32c0(%rip)        # efef30 <memcpy+0x12b0>
  efbc70:	49 01 df             	add    %rbx,%r15
  efbc73:	4d 89 7e 10          	mov    %r15,0x10(%r14)
  efbc77:	31 c0                	xor    %eax,%eax
  efbc79:	5b                   	pop    %rbx
  efbc7a:	41 5c                	pop    %r12
  efbc7c:	41 5e                	pop    %r14
  efbc7e:	41 5f                	pop    %r15
  efbc80:	5d                   	pop    %rbp
  efbc81:	c3                   	ret
  efbc82:	4c 89 f7             	mov    %r14,%rdi
  efbc85:	49 89 f4             	mov    %rsi,%r12
  efbc88:	4c 89 fe             	mov    %r15,%rsi
  efbc8b:	48 89 da             	mov    %rbx,%rdx
  efbc8e:	e8 cd fc ff ff       	call   efb960 <_ZN5alloc7raw_vec20RawVecInner$LT$A$GT$7reserve21do_reserve_and_handle17haf5deaa872bc03a7E>
  efbc93:	4c 89 e6             	mov    %r12,%rsi
  efbc96:	4d 8b 7e 10          	mov    0x10(%r14),%r15
  efbc9a:	eb c4                	jmp    efbc60 <_ZN58_$LT$alloc..string..String$u20$as$u20$core..fmt..Write$GT$9write_str17h4abe04abe4e04e5cE+0x20>
  efbc9c:	cc                   	int3
  efbc9d:	cc                   	int3
  efbc9e:	cc                   	int3
  efbc9f:	cc                   	int3

0000000000efbca0 <_ZN58_$LT$alloc..string..String$u20$as$u20$core..fmt..Write$GT$10write_char17h25f7ba93489eb295E>:
  efbca0:	55                   	push   %rbp
  efbca1:	48 89 e5             	mov    %rsp,%rbp
  efbca4:	41 57                	push   %r15
  efbca6:	41 56                	push   %r14
  efbca8:	41 54                	push   %r12
  efbcaa:	53                   	push   %rbx
  efbcab:	48 8b 5f 10          	mov    0x10(%rdi),%rbx
  efbcaf:	41 be 01 00 00 00    	mov    $0x1,%r14d
  efbcb5:	81 fe 80 00 00 00    	cmp    $0x80,%esi
  efbcbb:	72 1e                	jb     efbcdb <_ZN58_$LT$alloc..string..String$u20$as$u20$core..fmt..Write$GT$10write_char17h25f7ba93489eb295E+0x3b>
  efbcbd:	41 be 02 00 00 00    	mov    $0x2,%r14d
  efbcc3:	81 fe 00 08 00 00    	cmp    $0x800,%esi
  efbcc9:	72 10                	jb     efbcdb <_ZN58_$LT$alloc..string..String$u20$as$u20$core..fmt..Write$GT$10write_char17h25f7ba93489eb295E+0x3b>
  efbccb:	81 fe 00 00 01 00    	cmp    $0x10000,%esi
  efbcd1:	41 be 04 00 00 00    	mov    $0x4,%r14d
  efbcd7:	49 83 de 00          	sbb    $0x0,%r14
  efbcdb:	48 8b 0f             	mov    (%rdi),%rcx
  efbcde:	48 29 d9             	sub    %rbx,%rcx
  efbce1:	48 89 d8             	mov    %rbx,%rax
  efbce4:	49 39 ce             	cmp    %rcx,%r14
  efbce7:	77 15                	ja     efbcfe <_ZN58_$LT$alloc..string..String$u20$as$u20$core..fmt..Write$GT$10write_char17h25f7ba93489eb295E+0x5e>
  efbce9:	48 8b 4f 08          	mov    0x8(%rdi),%rcx
  efbced:	81 fe 80 00 00 00    	cmp    $0x80,%esi
  efbcf3:	73 30                	jae    efbd25 <_ZN58_$LT$alloc..string..String$u20$as$u20$core..fmt..Write$GT$10write_char17h25f7ba93489eb295E+0x85>
  efbcf5:	40 88 34 01          	mov    %sil,(%rcx,%rax,1)
  efbcf9:	e9 ac 00 00 00       	jmp    efbdaa <_ZN58_$LT$alloc..string..String$u20$as$u20$core..fmt..Write$GT$10write_char17h25f7ba93489eb295E+0x10a>
  efbcfe:	49 89 ff             	mov    %rdi,%r15
  efbd01:	41 89 f4             	mov    %esi,%r12d
  efbd04:	48 89 de             	mov    %rbx,%rsi
  efbd07:	4c 89 f2             	mov    %r14,%rdx
  efbd0a:	e8 51 fc ff ff       	call   efb960 <_ZN5alloc7raw_vec20RawVecInner$LT$A$GT$7reserve21do_reserve_and_handle17haf5deaa872bc03a7E>
  efbd0f:	44 89 e6             	mov    %r12d,%esi
  efbd12:	4c 89 ff             	mov    %r15,%rdi
  efbd15:	49 8b 47 10          	mov    0x10(%r15),%rax
  efbd19:	48 8b 4f 08          	mov    0x8(%rdi),%rcx
  efbd1d:	81 fe 80 00 00 00    	cmp    $0x80,%esi
  efbd23:	72 d0                	jb     efbcf5 <_ZN58_$LT$alloc..string..String$u20$as$u20$core..fmt..Write$GT$10write_char17h25f7ba93489eb295E+0x55>
  efbd25:	89 f2                	mov    %esi,%edx
  efbd27:	81 fe 00 08 00 00    	cmp    $0x800,%esi
  efbd2d:	73 18                	jae    efbd47 <_ZN58_$LT$alloc..string..String$u20$as$u20$core..fmt..Write$GT$10write_char17h25f7ba93489eb295E+0xa7>
  efbd2f:	c1 ea 06             	shr    $0x6,%edx
  efbd32:	80 ca c0             	or     $0xc0,%dl
  efbd35:	88 14 01             	mov    %dl,(%rcx,%rax,1)
  efbd38:	40 80 e6 3f          	and    $0x3f,%sil
  efbd3c:	40 80 ce 80          	or     $0x80,%sil
  efbd40:	40 88 74 01 01       	mov    %sil,0x1(%rcx,%rax,1)
  efbd45:	eb 63                	jmp    efbdaa <_ZN58_$LT$alloc..string..String$u20$as$u20$core..fmt..Write$GT$10write_char17h25f7ba93489eb295E+0x10a>
  efbd47:	81 fe 00 00 01 00    	cmp    $0x10000,%esi
  efbd4d:	73 27                	jae    efbd76 <_ZN58_$LT$alloc..string..String$u20$as$u20$core..fmt..Write$GT$10write_char17h25f7ba93489eb295E+0xd6>
  efbd4f:	c1 ea 0c             	shr    $0xc,%edx
  efbd52:	80 ca e0             	or     $0xe0,%dl
  efbd55:	88 14 01             	mov    %dl,(%rcx,%rax,1)
  efbd58:	89 f2                	mov    %esi,%edx
  efbd5a:	c1 ea 06             	shr    $0x6,%edx
  efbd5d:	80 e2 3f             	and    $0x3f,%dl
  efbd60:	80 ca 80             	or     $0x80,%dl
  efbd63:	88 54 01 01          	mov    %dl,0x1(%rcx,%rax,1)
  efbd67:	40 80 e6 3f          	and    $0x3f,%sil
  efbd6b:	40 80 ce 80          	or     $0x80,%sil
  efbd6f:	40 88 74 01 02       	mov    %sil,0x2(%rcx,%rax,1)
  efbd74:	eb 34                	jmp    efbdaa <_ZN58_$LT$alloc..string..String$u20$as$u20$core..fmt..Write$GT$10write_char17h25f7ba93489eb295E+0x10a>
  efbd76:	c1 ea 12             	shr    $0x12,%edx
  efbd79:	80 ca f0             	or     $0xf0,%dl
  efbd7c:	88 14 01             	mov    %dl,(%rcx,%rax,1)
  efbd7f:	89 f2                	mov    %esi,%edx
  efbd81:	c1 ea 0c             	shr    $0xc,%edx
  efbd84:	80 e2 3f             	and    $0x3f,%dl
  efbd87:	80 ca 80             	or     $0x80,%dl
  efbd8a:	88 54 01 01          	mov    %dl,0x1(%rcx,%rax,1)
  efbd8e:	89 f2                	mov    %esi,%edx
  efbd90:	c1 ea 06             	shr    $0x6,%edx
  efbd93:	80 e2 3f             	and    $0x3f,%dl
  efbd96:	80 ca 80             	or     $0x80,%dl
  efbd99:	88 54 01 02          	mov    %dl,0x2(%rcx,%rax,1)
  efbd9d:	40 80 e6 3f          	and    $0x3f,%sil
  efbda1:	40 80 ce 80          	or     $0x80,%sil
  efbda5:	40 88 74 01 03       	mov    %sil,0x3(%rcx,%rax,1)
  efbdaa:	49 01 de             	add    %rbx,%r14
  efbdad:	4c 89 77 10          	mov    %r14,0x10(%rdi)
  efbdb1:	31 c0                	xor    %eax,%eax
  efbdb3:	5b                   	pop    %rbx
  efbdb4:	41 5c                	pop    %r12
  efbdb6:	41 5e                	pop    %r14
  efbdb8:	41 5f                	pop    %r15
  efbdba:	5d                   	pop    %rbp
  efbdbb:	c3                   	ret
  efbdbc:	cc                   	int3
  efbdbd:	cc                   	int3
  efbdbe:	cc                   	int3
  efbdbf:	cc                   	int3

0000000000efbdc0 <_ZN4core3num9int_log1030panic_for_nonpositive_argument17h40544dbef09500deE>:
  efbdc0:	55                   	push   %rbp
  efbdc1:	48 89 e5             	mov    %rsp,%rbp
  efbdc4:	48 83 ec 30          	sub    $0x30,%rsp
  efbdc8:	48 89 fe             	mov    %rdi,%rsi
  efbdcb:	48 8d 05 8e 2f 00 00 	lea    0x2f8e(%rip),%rax        # efed60 <memcpy+0x10e0>
  efbdd2:	48 89 45 d0          	mov    %rax,-0x30(%rbp)
  efbdd6:	48 c7 45 d8 01 00 00 	movq   $0x1,-0x28(%rbp)
  efbddd:	00 
  efbdde:	48 c7 45 f0 00 00 00 	movq   $0x0,-0x10(%rbp)
  efbde5:	00 
  efbde6:	48 c7 45 e0 08 00 00 	movq   $0x8,-0x20(%rbp)
  efbded:	00 
  efbdee:	48 c7 45 e8 00 00 00 	movq   $0x0,-0x18(%rbp)
  efbdf5:	00 
  efbdf6:	48 8d 7d d0          	lea    -0x30(%rbp),%rdi
  efbdfa:	ff 15 08 31 00 00    	call   *0x3108(%rip)        # efef08 <memcpy+0x1288>

0000000000efbe00 <_ZN68_$LT$core..ptr..alignment..Alignment$u20$as$u20$core..fmt..Debug$GT$3fmt17heb8cc7d4cef126a2E>:
  efbe00:	55                   	push   %rbp
  efbe01:	48 89 e5             	mov    %rsp,%rbp
  efbe04:	48 83 ec 60          	sub    $0x60,%rsp
  efbe08:	48 8b 07             	mov    (%rdi),%rax
  efbe0b:	48 89 45 f0          	mov    %rax,-0x10(%rbp)
  efbe0f:	f3 48 0f bc c0       	tzcnt  %rax,%rax
  efbe14:	89 45 fc             	mov    %eax,-0x4(%rbp)
  efbe17:	48 8d 45 f0          	lea    -0x10(%rbp),%rax
  efbe1b:	48 89 45 d0          	mov    %rax,-0x30(%rbp)
  efbe1f:	48 8d 05 1a 17 00 00 	lea    0x171a(%rip),%rax        # efd540 <_ZN73_$LT$core..num..nonzero..NonZero$LT$T$GT$$u20$as$u20$core..fmt..Debug$GT$3fmt17hbfc288894e22a63aE>
  efbe26:	48 89 45 d8          	mov    %rax,-0x28(%rbp)
  efbe2a:	48 8d 45 fc          	lea    -0x4(%rbp),%rax
  efbe2e:	48 89 45 e0          	mov    %rax,-0x20(%rbp)
  efbe32:	48 8d 05 67 1a 00 00 	lea    0x1a67(%rip),%rax        # efd8a0 <_ZN4core3fmt3num50_$LT$impl$u20$core..fmt..Debug$u20$for$u20$u32$GT$3fmt17he232b7d295b99e85E>
  efbe39:	48 89 45 e8          	mov    %rax,-0x18(%rbp)
  efbe3d:	48 8d 05 7c 2f 00 00 	lea    0x2f7c(%rip),%rax        # efedc0 <memcpy+0x1140>
  efbe44:	48 89 45 a0          	mov    %rax,-0x60(%rbp)
  efbe48:	48 c7 45 a8 03 00 00 	movq   $0x3,-0x58(%rbp)
  efbe4f:	00 
  efbe50:	48 c7 45 c0 00 00 00 	movq   $0x0,-0x40(%rbp)
  efbe57:	00 
  efbe58:	48 8d 45 d0          	lea    -0x30(%rbp),%rax
  efbe5c:	48 89 45 b0          	mov    %rax,-0x50(%rbp)
  efbe60:	48 c7 45 b8 02 00 00 	movq   $0x2,-0x48(%rbp)
  efbe67:	00 
  efbe68:	48 8b 3e             	mov    (%rsi),%rdi
  efbe6b:	48 8b 76 08          	mov    0x8(%rsi),%rsi
  efbe6f:	48 8d 55 a0          	lea    -0x60(%rbp),%rdx
  efbe73:	ff 15 af 30 00 00    	call   *0x30af(%rip)        # efef28 <memcpy+0x12a8>
  efbe79:	48 83 c4 60          	add    $0x60,%rsp
  efbe7d:	5d                   	pop    %rbp
  efbe7e:	c3                   	ret
  efbe7f:	cc                   	int3

0000000000efbe80 <_ZN4core6option13unwrap_failed17h11d2601d11e4d7b2E>:
  efbe80:	55                   	push   %rbp
  efbe81:	48 89 e5             	mov    %rsp,%rbp
  efbe84:	48 89 fa             	mov    %rdi,%rdx
  efbe87:	48 8d 3d 5e 3b ff ff 	lea    -0xc4a2(%rip),%rdi        # eef9ec <_ZN63_$LT$common_std..error..RcError$u20$as$u20$core..fmt..Debug$GT$3fmt17h5af9ecfea329b2e5E-0x1254>
  efbe8e:	be 2b 00 00 00       	mov    $0x2b,%esi
  efbe93:	ff 15 9f 30 00 00    	call   *0x309f(%rip)        # efef38 <memcpy+0x12b8>
  efbe99:	cc                   	int3
  efbe9a:	cc                   	int3
  efbe9b:	cc                   	int3
  efbe9c:	cc                   	int3
  efbe9d:	cc                   	int3
  efbe9e:	cc                   	int3
  efbe9f:	cc                   	int3

0000000000efbea0 <_ZN73_$LT$core..panic..panic_info..PanicInfo$u20$as$u20$core..fmt..Display$GT$3fmt17h3cc0e77459900d8fE>:
  efbea0:	55                   	push   %rbp
  efbea1:	48 89 e5             	mov    %rsp,%rbp
  efbea4:	41 57                	push   %r15
  efbea6:	41 56                	push   %r14
  efbea8:	41 55                	push   %r13
  efbeaa:	41 54                	push   %r12
  efbeac:	53                   	push   %rbx
  efbead:	48 83 ec 68          	sub    $0x68,%rsp
  efbeb1:	49 89 ff             	mov    %rdi,%r15
  efbeb4:	48 8b 1e             	mov    (%rsi),%rbx
  efbeb7:	4c 8b 76 08          	mov    0x8(%rsi),%r14
  efbebb:	4d 8b 6e 18          	mov    0x18(%r14),%r13
  efbebf:	48 8d 35 51 3b ff ff 	lea    -0xc4af(%rip),%rsi        # eefa17 <_ZN63_$LT$common_std..error..RcError$u20$as$u20$core..fmt..Debug$GT$3fmt17h5af9ecfea329b2e5E-0x1229>
  efbec6:	ba 0c 00 00 00       	mov    $0xc,%edx
  efbecb:	48 89 df             	mov    %rbx,%rdi
  efbece:	41 ff d5             	call   *%r13
  efbed1:	41 b4 01             	mov    $0x1,%r12b
  efbed4:	84 c0                	test   %al,%al
  efbed6:	0f 85 d2 00 00 00    	jne    efbfae <_ZN73_$LT$core..panic..panic_info..PanicInfo$u20$as$u20$core..fmt..Display$GT$3fmt17h3cc0e77459900d8fE+0x10e>
  efbedc:	49 8b 47 08          	mov    0x8(%r15),%rax
  efbee0:	48 8d 48 10          	lea    0x10(%rax),%rcx
  efbee4:	48 89 45 a8          	mov    %rax,-0x58(%rbp)
  efbee8:	48 83 c0 14          	add    $0x14,%rax
  efbeec:	48 8d 15 1d 1d 00 00 	lea    0x1d1d(%rip),%rdx        # efdc10 <_ZN44_$LT$$RF$T$u20$as$u20$core..fmt..Display$GT$3fmt17h01ab827f995bcdafE>
  efbef3:	48 89 55 b0          	mov    %rdx,-0x50(%rbp)
  efbef7:	48 89 4d b8          	mov    %rcx,-0x48(%rbp)
  efbefb:	48 8b 0d 66 30 00 00 	mov    0x3066(%rip),%rcx        # efef68 <memcpy+0x12e8>
  efbf02:	48 89 4d c0          	mov    %rcx,-0x40(%rbp)
  efbf06:	48 89 45 c8          	mov    %rax,-0x38(%rbp)
  efbf0a:	48 89 4d d0          	mov    %rcx,-0x30(%rbp)
  efbf0e:	48 8d 05 db 2e 00 00 	lea    0x2edb(%rip),%rax        # efedf0 <memcpy+0x1170>
  efbf15:	48 89 85 78 ff ff ff 	mov    %rax,-0x88(%rbp)
  efbf1c:	48 c7 45 80 03 00 00 	movq   $0x3,-0x80(%rbp)
  efbf23:	00 
  efbf24:	48 c7 45 98 00 00 00 	movq   $0x0,-0x68(%rbp)
  efbf2b:	00 
  efbf2c:	48 8d 45 a8          	lea    -0x58(%rbp),%rax
  efbf30:	48 89 45 88          	mov    %rax,-0x78(%rbp)
  efbf34:	48 c7 45 90 03 00 00 	movq   $0x3,-0x70(%rbp)
  efbf3b:	00 
  efbf3c:	48 8d 95 78 ff ff ff 	lea    -0x88(%rbp),%rdx
  efbf43:	48 89 df             	mov    %rbx,%rdi
  efbf46:	4c 89 f6             	mov    %r14,%rsi
  efbf49:	ff 15 d9 2f 00 00    	call   *0x2fd9(%rip)        # efef28 <memcpy+0x12a8>
  efbf4f:	84 c0                	test   %al,%al
  efbf51:	75 5b                	jne    efbfae <_ZN73_$LT$core..panic..panic_info..PanicInfo$u20$as$u20$core..fmt..Display$GT$3fmt17h3cc0e77459900d8fE+0x10e>
  efbf53:	48 8d 35 c9 3a ff ff 	lea    -0xc537(%rip),%rsi        # eefa23 <_ZN63_$LT$common_std..error..RcError$u20$as$u20$core..fmt..Debug$GT$3fmt17h5af9ecfea329b2e5E-0x121d>
  efbf5a:	ba 02 00 00 00       	mov    $0x2,%edx
  efbf5f:	48 89 df             	mov    %rbx,%rdi
  efbf62:	41 ff d5             	call   *%r13
  efbf65:	84 c0                	test   %al,%al
  efbf67:	75 45                	jne    efbfae <_ZN73_$LT$core..panic..panic_info..PanicInfo$u20$as$u20$core..fmt..Display$GT$3fmt17h3cc0e77459900d8fE+0x10e>
  efbf69:	49 8b 07             	mov    (%r15),%rax
  efbf6c:	48 8b 48 28          	mov    0x28(%rax),%rcx
  efbf70:	48 89 4d d0          	mov    %rcx,-0x30(%rbp)
  efbf74:	48 8b 48 20          	mov    0x20(%rax),%rcx
  efbf78:	48 89 4d c8          	mov    %rcx,-0x38(%rbp)
  efbf7c:	48 8b 48 18          	mov    0x18(%rax),%rcx
  efbf80:	48 89 4d c0          	mov    %rcx,-0x40(%rbp)
  efbf84:	48 8b 48 10          	mov    0x10(%rax),%rcx
  efbf88:	48 89 4d b8          	mov    %rcx,-0x48(%rbp)
  efbf8c:	48 8b 08             	mov    (%rax),%rcx
  efbf8f:	48 8b 40 08          	mov    0x8(%rax),%rax
  efbf93:	48 89 45 b0          	mov    %rax,-0x50(%rbp)
  efbf97:	48 89 4d a8          	mov    %rcx,-0x58(%rbp)
  efbf9b:	48 8d 55 a8          	lea    -0x58(%rbp),%rdx
  efbf9f:	48 89 df             	mov    %rbx,%rdi
  efbfa2:	4c 89 f6             	mov    %r14,%rsi
  efbfa5:	ff 15 7d 2f 00 00    	call   *0x2f7d(%rip)        # efef28 <memcpy+0x12a8>
  efbfab:	41 89 c4             	mov    %eax,%r12d
  efbfae:	44 89 e0             	mov    %r12d,%eax
  efbfb1:	48 83 c4 68          	add    $0x68,%rsp
  efbfb5:	5b                   	pop    %rbx
  efbfb6:	41 5c                	pop    %r12
  efbfb8:	41 5d                	pop    %r13
  efbfba:	41 5e                	pop    %r14
  efbfbc:	41 5f                	pop    %r15
  efbfbe:	5d                   	pop    %rbp
  efbfbf:	c3                   	ret

0000000000efbfc0 <_ZN4core9panicking9panic_fmt17h2982420c32d2353cE>:
  efbfc0:	55                   	push   %rbp
  efbfc1:	48 89 e5             	mov    %rsp,%rbp
  efbfc4:	48 83 ec 20          	sub    $0x20,%rsp
  efbfc8:	48 89 7d e8          	mov    %rdi,-0x18(%rbp)
  efbfcc:	48 89 75 f0          	mov    %rsi,-0x10(%rbp)
  efbfd0:	66 c7 45 f8 01 00    	movw   $0x1,-0x8(%rbp)
  efbfd6:	48 8d 7d e8          	lea    -0x18(%rbp),%rdi
  efbfda:	ff 15 e8 2e 00 00    	call   *0x2ee8(%rip)        # efeec8 <memcpy+0x1248>

0000000000efbfe0 <_ZN4core9panicking18panic_nounwind_fmt17h300118f7837b405aE>:
  efbfe0:	55                   	push   %rbp
  efbfe1:	48 89 e5             	mov    %rsp,%rbp
  efbfe4:	48 83 ec 50          	sub    $0x50,%rsp
  efbfe8:	48 8b 47 28          	mov    0x28(%rdi),%rax
  efbfec:	48 89 45 e0          	mov    %rax,-0x20(%rbp)
  efbff0:	48 8b 47 20          	mov    0x20(%rdi),%rax
  efbff4:	48 89 45 d8          	mov    %rax,-0x28(%rbp)
  efbff8:	48 8b 47 18          	mov    0x18(%rdi),%rax
  efbffc:	48 89 45 d0          	mov    %rax,-0x30(%rbp)
  efc000:	48 8b 47 10          	mov    0x10(%rdi),%rax
  efc004:	48 89 45 c8          	mov    %rax,-0x38(%rbp)
  efc008:	48 8b 07             	mov    (%rdi),%rax
  efc00b:	48 8b 4f 08          	mov    0x8(%rdi),%rcx
  efc00f:	48 89 4d c0          	mov    %rcx,-0x40(%rbp)
  efc013:	48 89 45 b8          	mov    %rax,-0x48(%rbp)
  efc017:	48 8d 45 b8          	lea    -0x48(%rbp),%rax
  efc01b:	48 89 45 e8          	mov    %rax,-0x18(%rbp)
  efc01f:	48 89 55 f0          	mov    %rdx,-0x10(%rbp)
  efc023:	c6 45 f8 00          	movb   $0x0,-0x8(%rbp)
  efc027:	40 88 75 f9          	mov    %sil,-0x7(%rbp)
  efc02b:	48 8d 7d e8          	lea    -0x18(%rbp),%rdi
  efc02f:	ff 15 93 2e 00 00    	call   *0x2e93(%rip)        # efeec8 <memcpy+0x1248>
  efc035:	cc                   	int3
  efc036:	cc                   	int3
  efc037:	cc                   	int3
  efc038:	cc                   	int3
  efc039:	cc                   	int3
  efc03a:	cc                   	int3
  efc03b:	cc                   	int3
  efc03c:	cc                   	int3
  efc03d:	cc                   	int3
  efc03e:	cc                   	int3
  efc03f:	cc                   	int3

0000000000efc040 <_ZN4core9panicking5panic17hdbca58b08003962eE>:
  efc040:	55                   	push   %rbp
  efc041:	48 89 e5             	mov    %rsp,%rbp
  efc044:	48 83 ec 40          	sub    $0x40,%rsp
  efc048:	48 89 7d f0          	mov    %rdi,-0x10(%rbp)
  efc04c:	48 89 75 f8          	mov    %rsi,-0x8(%rbp)
  efc050:	48 8d 45 f0          	lea    -0x10(%rbp),%rax
  efc054:	48 89 45 c0          	mov    %rax,-0x40(%rbp)
  efc058:	48 c7 45 c8 01 00 00 	movq   $0x1,-0x38(%rbp)
  efc05f:	00 
  efc060:	48 c7 45 e0 00 00 00 	movq   $0x0,-0x20(%rbp)
  efc067:	00 
  efc068:	48 c7 45 d0 08 00 00 	movq   $0x8,-0x30(%rbp)
  efc06f:	00 
  efc070:	48 c7 45 d8 00 00 00 	movq   $0x0,-0x28(%rbp)
  efc077:	00 
  efc078:	48 8d 7d c0          	lea    -0x40(%rbp),%rdi
  efc07c:	48 89 d6             	mov    %rdx,%rsi
  efc07f:	ff 15 83 2e 00 00    	call   *0x2e83(%rip)        # efef08 <memcpy+0x1288>
  efc085:	cc                   	int3
  efc086:	cc                   	int3
  efc087:	cc                   	int3
  efc088:	cc                   	int3
  efc089:	cc                   	int3
  efc08a:	cc                   	int3
  efc08b:	cc                   	int3
  efc08c:	cc                   	int3
  efc08d:	cc                   	int3
  efc08e:	cc                   	int3
  efc08f:	cc                   	int3

0000000000efc090 <_ZN4core9panicking14panic_nounwind17h73726ac9567abe6cE>:
  efc090:	55                   	push   %rbp
  efc091:	48 89 e5             	mov    %rsp,%rbp
  efc094:	48 83 ec 40          	sub    $0x40,%rsp
  efc098:	48 89 7d f0          	mov    %rdi,-0x10(%rbp)
  efc09c:	48 89 75 f8          	mov    %rsi,-0x8(%rbp)
  efc0a0:	48 8d 45 f0          	lea    -0x10(%rbp),%rax
  efc0a4:	48 89 45 c0          	mov    %rax,-0x40(%rbp)
  efc0a8:	48 c7 45 c8 01 00 00 	movq   $0x1,-0x38(%rbp)
  efc0af:	00 
  efc0b0:	48 c7 45 e0 00 00 00 	movq   $0x0,-0x20(%rbp)
  efc0b7:	00 
  efc0b8:	48 c7 45 d0 08 00 00 	movq   $0x8,-0x30(%rbp)
  efc0bf:	00 
  efc0c0:	48 c7 45 d8 00 00 00 	movq   $0x0,-0x28(%rbp)
  efc0c7:	00 
  efc0c8:	48 8d 15 51 2d 00 00 	lea    0x2d51(%rip),%rdx        # efee20 <memcpy+0x11a0>
  efc0cf:	48 8d 7d c0          	lea    -0x40(%rbp),%rdi
  efc0d3:	31 f6                	xor    %esi,%esi
  efc0d5:	ff 15 75 2e 00 00    	call   *0x2e75(%rip)        # efef50 <memcpy+0x12d0>

0000000000efc0db <_ZN4core9panicking36panic_misaligned_pointer_dereference17h959e3ed829549467E>:
  efc0db:	55                   	push   %rbp
  efc0dc:	48 89 e5             	mov    %rsp,%rbp
  efc0df:	48 83 ec 60          	sub    $0x60,%rsp
  efc0e3:	48 8d 45 f8          	lea    -0x8(%rbp),%rax
  efc0e7:	48 89 38             	mov    %rdi,(%rax)
  efc0ea:	48 8d 4d f0          	lea    -0x10(%rbp),%rcx
  efc0ee:	48 89 31             	mov    %rsi,(%rcx)
  efc0f1:	48 8d 75 d0          	lea    -0x30(%rbp),%rsi
  efc0f5:	48 89 06             	mov    %rax,(%rsi)
  efc0f8:	48 8b 05 71 2e 00 00 	mov    0x2e71(%rip),%rax        # efef70 <memcpy+0x12f0>
  efc0ff:	48 89 46 08          	mov    %rax,0x8(%rsi)
  efc103:	48 89 4e 10          	mov    %rcx,0x10(%rsi)
  efc107:	48 89 46 18          	mov    %rax,0x18(%rsi)
  efc10b:	48 8d 05 26 2d 00 00 	lea    0x2d26(%rip),%rax        # efee38 <memcpy+0x11b8>
  efc112:	48 8d 7d a0          	lea    -0x60(%rbp),%rdi
  efc116:	48 89 07             	mov    %rax,(%rdi)
  efc119:	6a 02                	push   $0x2
  efc11b:	58                   	pop    %rax
  efc11c:	48 89 47 08          	mov    %rax,0x8(%rdi)
  efc120:	48 8d 0d 59 39 ff ff 	lea    -0xc6a7(%rip),%rcx        # eefa80 <_ZN63_$LT$common_std..error..RcError$u20$as$u20$core..fmt..Debug$GT$3fmt17h5af9ecfea329b2e5E-0x11c0>
  efc127:	48 89 4f 20          	mov    %rcx,0x20(%rdi)
  efc12b:	48 89 47 28          	mov    %rax,0x28(%rdi)
  efc12f:	48 89 77 10          	mov    %rsi,0x10(%rdi)
  efc133:	48 89 47 18          	mov    %rax,0x18(%rdi)
  efc137:	31 f6                	xor    %esi,%esi
  efc139:	ff 15 11 2e 00 00    	call   *0x2e11(%rip)        # efef50 <memcpy+0x12d0>

0000000000efc13f <_ZN4core9panicking30panic_null_pointer_dereference17h2d94b71991026ab3E>:
  efc13f:	55                   	push   %rbp
  efc140:	48 89 e5             	mov    %rsp,%rbp
  efc143:	48 83 ec 30          	sub    $0x30,%rsp
  efc147:	48 89 fa             	mov    %rdi,%rdx
  efc14a:	48 8d 05 07 2d 00 00 	lea    0x2d07(%rip),%rax        # efee58 <memcpy+0x11d8>
  efc151:	48 8d 7d d0          	lea    -0x30(%rbp),%rdi
  efc155:	48 89 07             	mov    %rax,(%rdi)
  efc158:	48 c7 47 08 01 00 00 	movq   $0x1,0x8(%rdi)
  efc15f:	00 
  efc160:	48 83 67 20 00       	andq   $0x0,0x20(%rdi)
  efc165:	48 c7 47 10 08 00 00 	movq   $0x8,0x10(%rdi)
  efc16c:	00 
  efc16d:	48 83 67 18 00       	andq   $0x0,0x18(%rdi)
  efc172:	31 f6                	xor    %esi,%esi
  efc174:	ff 15 d6 2d 00 00    	call   *0x2dd6(%rip)        # efef50 <memcpy+0x12d0>
  efc17a:	cc                   	int3
  efc17b:	cc                   	int3
  efc17c:	cc                   	int3
  efc17d:	cc                   	int3
  efc17e:	cc                   	int3
  efc17f:	cc                   	int3

0000000000efc180 <_ZN4core6result13unwrap_failed17h6f6c330032cb9c63E>:
  efc180:	55                   	push   %rbp
  efc181:	48 89 e5             	mov    %rsp,%rbp
  efc184:	48 83 ec 70          	sub    $0x70,%rsp
  efc188:	48 89 7d f0          	mov    %rdi,-0x10(%rbp)
  efc18c:	48 89 75 f8          	mov    %rsi,-0x8(%rbp)
  efc190:	48 89 55 e0          	mov    %rdx,-0x20(%rbp)
  efc194:	48 89 4d e8          	mov    %rcx,-0x18(%rbp)
  efc198:	48 8d 45 f0          	lea    -0x10(%rbp),%rax
  efc19c:	48 89 45 c0          	mov    %rax,-0x40(%rbp)
  efc1a0:	48 8d 05 69 1a 00 00 	lea    0x1a69(%rip),%rax        # efdc10 <_ZN44_$LT$$RF$T$u20$as$u20$core..fmt..Display$GT$3fmt17h01ab827f995bcdafE>
  efc1a7:	48 89 45 c8          	mov    %rax,-0x38(%rbp)
  efc1ab:	48 8d 45 e0          	lea    -0x20(%rbp),%rax
  efc1af:	48 89 45 d0          	mov    %rax,-0x30(%rbp)
  efc1b3:	48 8d 05 36 1a 00 00 	lea    0x1a36(%rip),%rax        # efdbf0 <_ZN42_$LT$$RF$T$u20$as$u20$core..fmt..Debug$GT$3fmt17h123e2ff1ec4618b0E>
  efc1ba:	48 89 45 d8          	mov    %rax,-0x28(%rbp)
  efc1be:	48 8d 05 a3 2c 00 00 	lea    0x2ca3(%rip),%rax        # efee68 <memcpy+0x11e8>
  efc1c5:	48 89 45 90          	mov    %rax,-0x70(%rbp)
  efc1c9:	48 c7 45 98 02 00 00 	movq   $0x2,-0x68(%rbp)
  efc1d0:	00 
  efc1d1:	48 c7 45 b0 00 00 00 	movq   $0x0,-0x50(%rbp)
  efc1d8:	00 
  efc1d9:	48 8d 45 c0          	lea    -0x40(%rbp),%rax
  efc1dd:	48 89 45 a0          	mov    %rax,-0x60(%rbp)
  efc1e1:	48 c7 45 a8 02 00 00 	movq   $0x2,-0x58(%rbp)
  efc1e8:	00 
  efc1e9:	48 8d 7d 90          	lea    -0x70(%rbp),%rdi
  efc1ed:	4c 89 c6             	mov    %r8,%rsi
  efc1f0:	ff 15 12 2d 00 00    	call   *0x2d12(%rip)        # efef08 <memcpy+0x1288>
  efc1f6:	cc                   	int3
  efc1f7:	cc                   	int3
  efc1f8:	cc                   	int3
  efc1f9:	cc                   	int3
  efc1fa:	cc                   	int3
  efc1fb:	cc                   	int3
  efc1fc:	cc                   	int3
  efc1fd:	cc                   	int3
  efc1fe:	cc                   	int3
  efc1ff:	cc                   	int3

0000000000efc200 <_ZN4core3fmt8builders10PadAdapter4wrap17ha72ab7c4e477f246E>:
  efc200:	55                   	push   %rbp
  efc201:	48 89 e5             	mov    %rsp,%rbp
  efc204:	48 89 f8             	mov    %rdi,%rax
  efc207:	48 8b 3e             	mov    (%rsi),%rdi
  efc20a:	4c 8b 46 08          	mov    0x8(%rsi),%r8
  efc20e:	48 89 3a             	mov    %rdi,(%rdx)
  efc211:	4c 89 42 08          	mov    %r8,0x8(%rdx)
  efc215:	48 89 4a 10          	mov    %rcx,0x10(%rdx)
  efc219:	48 8b 4e 10          	mov    0x10(%rsi),%rcx
  efc21d:	48 89 48 10          	mov    %rcx,0x10(%rax)
  efc221:	48 89 10             	mov    %rdx,(%rax)
  efc224:	48 8d 0d 5d 2c 00 00 	lea    0x2c5d(%rip),%rcx        # efee88 <memcpy+0x1208>
  efc22b:	48 89 48 08          	mov    %rcx,0x8(%rax)
  efc22f:	5d                   	pop    %rbp
  efc230:	c3                   	ret
  efc231:	cc                   	int3
  efc232:	cc                   	int3
  efc233:	cc                   	int3
  efc234:	cc                   	int3
  efc235:	cc                   	int3
  efc236:	cc                   	int3
  efc237:	cc                   	int3
  efc238:	cc                   	int3
  efc239:	cc                   	int3
  efc23a:	cc                   	int3
  efc23b:	cc                   	int3
  efc23c:	cc                   	int3
  efc23d:	cc                   	int3
  efc23e:	cc                   	int3
  efc23f:	cc                   	int3

0000000000efc240 <_ZN68_$LT$core..fmt..builders..PadAdapter$u20$as$u20$core..fmt..Write$GT$9write_str17h4fbc7b58611a3905E>:
  efc240:	55                   	push   %rbp
  efc241:	48 89 e5             	mov    %rsp,%rbp
  efc244:	41 57                	push   %r15
  efc246:	41 56                	push   %r14
  efc248:	41 55                	push   %r13
  efc24a:	41 54                	push   %r12
  efc24c:	53                   	push   %rbx
  efc24d:	48 83 ec 38          	sub    $0x38,%rsp
  efc251:	48 89 75 d0          	mov    %rsi,-0x30(%rbp)
  efc255:	48 bb 80 80 80 80 80 	movabs $0x8080808080808080,%rbx
  efc25c:	80 80 80 
  efc25f:	48 8b 47 10          	mov    0x10(%rdi),%rax
  efc263:	48 89 45 b0          	mov    %rax,-0x50(%rbp)
  efc267:	48 8b 07             	mov    (%rdi),%rax
  efc26a:	48 89 45 b8          	mov    %rax,-0x48(%rbp)
  efc26e:	48 8b 47 08          	mov    0x8(%rdi),%rax
  efc272:	48 89 45 c0          	mov    %rax,-0x40(%rbp)
  efc276:	45 31 f6             	xor    %r14d,%r14d
  efc279:	45 31 ff             	xor    %r15d,%r15d
  efc27c:	48 c7 45 a8 00 00 00 	movq   $0x0,-0x58(%rbp)
  efc283:	00 
  efc284:	48 89 55 c8          	mov    %rdx,-0x38(%rbp)
  efc288:	eb 3e                	jmp    efc2c8 <_ZN68_$LT$core..fmt..builders..PadAdapter$u20$as$u20$core..fmt..Write$GT$9write_str17h4fbc7b58611a3905E+0x88>
  efc28a:	66 0f 1f 44 00 00    	nopw   0x0(%rax,%rax,1)
  efc290:	41 80 7c 1b ff 0a    	cmpb   $0xa,-0x1(%r11,%rbx,1)
  efc296:	0f 94 c0             	sete   %al
  efc299:	4c 29 fb             	sub    %r15,%rbx
  efc29c:	4d 01 df             	add    %r11,%r15
  efc29f:	48 8b 4d b0          	mov    -0x50(%rbp),%rcx
  efc2a3:	88 01                	mov    %al,(%rcx)
  efc2a5:	48 8b 7d b8          	mov    -0x48(%rbp),%rdi
  efc2a9:	4c 89 fe             	mov    %r15,%rsi
  efc2ac:	48 89 da             	mov    %rbx,%rdx
  efc2af:	48 8b 45 c0          	mov    -0x40(%rbp),%rax
  efc2b3:	ff 50 18             	call   *0x18(%rax)
  efc2b6:	4d 89 ef             	mov    %r13,%r15
  efc2b9:	84 c0                	test   %al,%al
  efc2bb:	4c 89 e3             	mov    %r12,%rbx
  efc2be:	48 8b 55 c8          	mov    -0x38(%rbp),%rdx
  efc2c2:	0f 85 ce 01 00 00    	jne    efc496 <_ZN68_$LT$core..fmt..builders..PadAdapter$u20$as$u20$core..fmt..Write$GT$9write_str17h4fbc7b58611a3905E+0x256>
  efc2c8:	f6 45 a8 01          	testb  $0x1,-0x58(%rbp)
  efc2cc:	0f 85 c0 01 00 00    	jne    efc492 <_ZN68_$LT$core..fmt..builders..PadAdapter$u20$as$u20$core..fmt..Write$GT$9write_str17h4fbc7b58611a3905E+0x252>
  efc2d2:	4c 39 f2             	cmp    %r14,%rdx
  efc2d5:	73 19                	jae    efc2f0 <_ZN68_$LT$core..fmt..builders..PadAdapter$u20$as$u20$core..fmt..Write$GT$9write_str17h4fbc7b58611a3905E+0xb0>
  efc2d7:	4d 89 f5             	mov    %r14,%r13
  efc2da:	4c 8b 5d d0          	mov    -0x30(%rbp),%r11
  efc2de:	e9 60 01 00 00       	jmp    efc443 <_ZN68_$LT$core..fmt..builders..PadAdapter$u20$as$u20$core..fmt..Write$GT$9write_str17h4fbc7b58611a3905E+0x203>
  efc2e3:	66 66 66 66 2e 0f 1f 	data16 data16 data16 cs nopw 0x0(%rax,%rax,1)
  efc2ea:	84 00 00 00 00 00 
  efc2f0:	4c 8b 5d d0          	mov    -0x30(%rbp),%r11
  efc2f4:	eb 16                	jmp    efc30c <_ZN68_$LT$core..fmt..builders..PadAdapter$u20$as$u20$core..fmt..Write$GT$9write_str17h4fbc7b58611a3905E+0xcc>
  efc2f6:	66 2e 0f 1f 84 00 00 	cs nopw 0x0(%rax,%rax,1)
  efc2fd:	00 00 00 
  efc300:	4d 89 ee             	mov    %r13,%r14
  efc303:	49 39 d5             	cmp    %rdx,%r13
  efc306:	0f 87 37 01 00 00    	ja     efc443 <_ZN68_$LT$core..fmt..builders..PadAdapter$u20$as$u20$core..fmt..Write$GT$9write_str17h4fbc7b58611a3905E+0x203>
  efc30c:	48 89 d1             	mov    %rdx,%rcx
  efc30f:	4c 29 f1             	sub    %r14,%rcx
  efc312:	4b 8d 04 33          	lea    (%r11,%r14,1),%rax
  efc316:	48 83 f9 0f          	cmp    $0xf,%rcx
  efc31a:	77 34                	ja     efc350 <_ZN68_$LT$core..fmt..builders..PadAdapter$u20$as$u20$core..fmt..Write$GT$9write_str17h4fbc7b58611a3905E+0x110>
  efc31c:	4c 39 f2             	cmp    %r14,%rdx
  efc31f:	0f 84 1b 01 00 00    	je     efc440 <_ZN68_$LT$core..fmt..builders..PadAdapter$u20$as$u20$core..fmt..Write$GT$9write_str17h4fbc7b58611a3905E+0x200>
  efc325:	31 ff                	xor    %edi,%edi
  efc327:	66 0f 1f 84 00 00 00 	nopw   0x0(%rax,%rax,1)
  efc32e:	00 00 
  efc330:	80 3c 38 0a          	cmpb   $0xa,(%rax,%rdi,1)
  efc334:	0f 84 d6 00 00 00    	je     efc410 <_ZN68_$LT$core..fmt..builders..PadAdapter$u20$as$u20$core..fmt..Write$GT$9write_str17h4fbc7b58611a3905E+0x1d0>
  efc33a:	48 ff c7             	inc    %rdi
  efc33d:	48 39 f9             	cmp    %rdi,%rcx
  efc340:	75 ee                	jne    efc330 <_ZN68_$LT$core..fmt..builders..PadAdapter$u20$as$u20$core..fmt..Write$GT$9write_str17h4fbc7b58611a3905E+0xf0>
  efc342:	e9 f9 00 00 00       	jmp    efc440 <_ZN68_$LT$core..fmt..builders..PadAdapter$u20$as$u20$core..fmt..Write$GT$9write_str17h4fbc7b58611a3905E+0x200>
  efc347:	66 0f 1f 84 00 00 00 	nopw   0x0(%rax,%rax,1)
  efc34e:	00 00 
  efc350:	48 8d 70 07          	lea    0x7(%rax),%rsi
  efc354:	48 83 e6 f8          	and    $0xfffffffffffffff8,%rsi
  efc358:	49 89 f4             	mov    %rsi,%r12
  efc35b:	49 29 c4             	sub    %rax,%r12
  efc35e:	49 bd 00 01 01 01 01 	movabs $0x101010101010100,%r13
  efc365:	01 01 01 
  efc368:	74 23                	je     efc38d <_ZN68_$LT$core..fmt..builders..PadAdapter$u20$as$u20$core..fmt..Write$GT$9write_str17h4fbc7b58611a3905E+0x14d>
  efc36a:	31 ff                	xor    %edi,%edi
  efc36c:	0f 1f 40 00          	nopl   0x0(%rax)
  efc370:	80 3c 38 0a          	cmpb   $0xa,(%rax,%rdi,1)
  efc374:	0f 84 96 00 00 00    	je     efc410 <_ZN68_$LT$core..fmt..builders..PadAdapter$u20$as$u20$core..fmt..Write$GT$9write_str17h4fbc7b58611a3905E+0x1d0>
  efc37a:	48 ff c7             	inc    %rdi
  efc37d:	49 39 fc             	cmp    %rdi,%r12
  efc380:	75 ee                	jne    efc370 <_ZN68_$LT$core..fmt..builders..PadAdapter$u20$as$u20$core..fmt..Write$GT$9write_str17h4fbc7b58611a3905E+0x130>
  efc382:	48 8d 79 f0          	lea    -0x10(%rcx),%rdi
  efc386:	49 39 fc             	cmp    %rdi,%r12
  efc389:	76 06                	jbe    efc391 <_ZN68_$LT$core..fmt..builders..PadAdapter$u20$as$u20$core..fmt..Write$GT$9write_str17h4fbc7b58611a3905E+0x151>
  efc38b:	eb 5d                	jmp    efc3ea <_ZN68_$LT$core..fmt..builders..PadAdapter$u20$as$u20$core..fmt..Write$GT$9write_str17h4fbc7b58611a3905E+0x1aa>
  efc38d:	48 8d 79 f0          	lea    -0x10(%rcx),%rdi
  efc391:	ba 08 00 00 00       	mov    $0x8,%edx
  efc396:	48 01 d6             	add    %rdx,%rsi
  efc399:	48 ba 0a 0a 0a 0a 0a 	movabs $0xa0a0a0a0a0a0a0a,%rdx
  efc3a0:	0a 0a 0a 
  efc3a3:	66 66 66 66 2e 0f 1f 	data16 data16 data16 cs nopw 0x0(%rax,%rax,1)
  efc3aa:	84 00 00 00 00 00 
  efc3b0:	4c 8b 46 f8          	mov    -0x8(%rsi),%r8
  efc3b4:	4d 89 c1             	mov    %r8,%r9
  efc3b7:	49 31 d1             	xor    %rdx,%r9
  efc3ba:	4d 89 ea             	mov    %r13,%r10
  efc3bd:	4d 29 ca             	sub    %r9,%r10
  efc3c0:	4d 09 c2             	or     %r8,%r10
  efc3c3:	4c 8b 06             	mov    (%rsi),%r8
  efc3c6:	49 31 d0             	xor    %rdx,%r8
  efc3c9:	4d 89 e9             	mov    %r13,%r9
  efc3cc:	4d 29 c1             	sub    %r8,%r9
  efc3cf:	4d 09 c1             	or     %r8,%r9
  efc3d2:	49 21 da             	and    %rbx,%r10
  efc3d5:	4d 21 ca             	and    %r9,%r10
  efc3d8:	49 39 da             	cmp    %rbx,%r10
  efc3db:	75 0d                	jne    efc3ea <_ZN68_$LT$core..fmt..builders..PadAdapter$u20$as$u20$core..fmt..Write$GT$9write_str17h4fbc7b58611a3905E+0x1aa>
  efc3dd:	49 83 c4 10          	add    $0x10,%r12
  efc3e1:	48 83 c6 10          	add    $0x10,%rsi
  efc3e5:	49 39 fc             	cmp    %rdi,%r12
  efc3e8:	76 c6                	jbe    efc3b0 <_ZN68_$LT$core..fmt..builders..PadAdapter$u20$as$u20$core..fmt..Write$GT$9write_str17h4fbc7b58611a3905E+0x170>
  efc3ea:	4c 89 e7             	mov    %r12,%rdi
  efc3ed:	4c 39 e1             	cmp    %r12,%rcx
  efc3f0:	48 8b 55 c8          	mov    -0x38(%rbp),%rdx
  efc3f4:	74 4a                	je     efc440 <_ZN68_$LT$core..fmt..builders..PadAdapter$u20$as$u20$core..fmt..Write$GT$9write_str17h4fbc7b58611a3905E+0x200>
  efc3f6:	66 2e 0f 1f 84 00 00 	cs nopw 0x0(%rax,%rax,1)
  efc3fd:	00 00 00 
  efc400:	80 3c 38 0a          	cmpb   $0xa,(%rax,%rdi,1)
  efc404:	74 0a                	je     efc410 <_ZN68_$LT$core..fmt..builders..PadAdapter$u20$as$u20$core..fmt..Write$GT$9write_str17h4fbc7b58611a3905E+0x1d0>
  efc406:	48 ff c7             	inc    %rdi
  efc409:	48 39 f9             	cmp    %rdi,%rcx
  efc40c:	75 f2                	jne    efc400 <_ZN68_$LT$core..fmt..builders..PadAdapter$u20$as$u20$core..fmt..Write$GT$9write_str17h4fbc7b58611a3905E+0x1c0>
  efc40e:	eb 30                	jmp    efc440 <_ZN68_$LT$core..fmt..builders..PadAdapter$u20$as$u20$core..fmt..Write$GT$9write_str17h4fbc7b58611a3905E+0x200>
  efc410:	4d 8d 2c 3e          	lea    (%r14,%rdi,1),%r13
  efc414:	49 ff c5             	inc    %r13
  efc417:	49 01 fe             	add    %rdi,%r14
  efc41a:	49 39 d6             	cmp    %rdx,%r14
  efc41d:	0f 83 dd fe ff ff    	jae    efc300 <_ZN68_$LT$core..fmt..builders..PadAdapter$u20$as$u20$core..fmt..Write$GT$9write_str17h4fbc7b58611a3905E+0xc0>
  efc423:	80 3c 07 0a          	cmpb   $0xa,(%rdi,%rax,1)
  efc427:	0f 85 d3 fe ff ff    	jne    efc300 <_ZN68_$LT$core..fmt..builders..PadAdapter$u20$as$u20$core..fmt..Write$GT$9write_str17h4fbc7b58611a3905E+0xc0>
  efc42d:	49 89 dc             	mov    %rbx,%r12
  efc430:	4d 89 ee             	mov    %r13,%r14
  efc433:	4c 89 eb             	mov    %r13,%rbx
  efc436:	eb 22                	jmp    efc45a <_ZN68_$LT$core..fmt..builders..PadAdapter$u20$as$u20$core..fmt..Write$GT$9write_str17h4fbc7b58611a3905E+0x21a>
  efc438:	0f 1f 84 00 00 00 00 	nopl   0x0(%rax,%rax,1)
  efc43f:	00 
  efc440:	49 89 d5             	mov    %rdx,%r13
  efc443:	49 89 dc             	mov    %rbx,%r12
  efc446:	b0 01                	mov    $0x1,%al
  efc448:	48 89 45 a8          	mov    %rax,-0x58(%rbp)
  efc44c:	4d 89 ee             	mov    %r13,%r14
  efc44f:	4d 89 fd             	mov    %r15,%r13
  efc452:	48 89 d3             	mov    %rdx,%rbx
  efc455:	4c 39 fa             	cmp    %r15,%rdx
  efc458:	74 38                	je     efc492 <_ZN68_$LT$core..fmt..builders..PadAdapter$u20$as$u20$core..fmt..Write$GT$9write_str17h4fbc7b58611a3905E+0x252>
  efc45a:	48 8b 45 b0          	mov    -0x50(%rbp),%rax
  efc45e:	80 38 00             	cmpb   $0x0,(%rax)
  efc461:	74 1f                	je     efc482 <_ZN68_$LT$core..fmt..builders..PadAdapter$u20$as$u20$core..fmt..Write$GT$9write_str17h4fbc7b58611a3905E+0x242>
  efc463:	ba 04 00 00 00       	mov    $0x4,%edx
  efc468:	48 8b 7d b8          	mov    -0x48(%rbp),%rdi
  efc46c:	48 8d 35 8d 0f e3 ff 	lea    -0x1cf073(%rip),%rsi        # d2d400 <_ZN63_$LT$common_std..error..RcError$u20$as$u20$core..fmt..Debug$GT$3fmt17h5af9ecfea329b2e5E-0x1c3840>
  efc473:	48 8b 45 c0          	mov    -0x40(%rbp),%rax
  efc477:	ff 50 18             	call   *0x18(%rax)
  efc47a:	4c 8b 5d d0          	mov    -0x30(%rbp),%r11
  efc47e:	84 c0                	test   %al,%al
  efc480:	75 14                	jne    efc496 <_ZN68_$LT$core..fmt..builders..PadAdapter$u20$as$u20$core..fmt..Write$GT$9write_str17h4fbc7b58611a3905E+0x256>
  efc482:	4c 39 fb             	cmp    %r15,%rbx
  efc485:	0f 85 05 fe ff ff    	jne    efc290 <_ZN68_$LT$core..fmt..builders..PadAdapter$u20$as$u20$core..fmt..Write$GT$9write_str17h4fbc7b58611a3905E+0x50>
  efc48b:	31 c0                	xor    %eax,%eax
  efc48d:	e9 07 fe ff ff       	jmp    efc299 <_ZN68_$LT$core..fmt..builders..PadAdapter$u20$as$u20$core..fmt..Write$GT$9write_str17h4fbc7b58611a3905E+0x59>
  efc492:	31 c0                	xor    %eax,%eax
  efc494:	eb 02                	jmp    efc498 <_ZN68_$LT$core..fmt..builders..PadAdapter$u20$as$u20$core..fmt..Write$GT$9write_str17h4fbc7b58611a3905E+0x258>
  efc496:	b0 01                	mov    $0x1,%al
  efc498:	48 83 c4 38          	add    $0x38,%rsp
  efc49c:	5b                   	pop    %rbx
  efc49d:	41 5c                	pop    %r12
  efc49f:	41 5d                	pop    %r13
  efc4a1:	41 5e                	pop    %r14
  efc4a3:	41 5f                	pop    %r15
  efc4a5:	5d                   	pop    %rbp
  efc4a6:	c3                   	ret
  efc4a7:	cc                   	int3
  efc4a8:	cc                   	int3
  efc4a9:	cc                   	int3
  efc4aa:	cc                   	int3
  efc4ab:	cc                   	int3
  efc4ac:	cc                   	int3
  efc4ad:	cc                   	int3
  efc4ae:	cc                   	int3
  efc4af:	cc                   	int3

0000000000efc4b0 <_ZN68_$LT$core..fmt..builders..PadAdapter$u20$as$u20$core..fmt..Write$GT$10write_char17hc4981dfa8555604bE>:
  efc4b0:	55                   	push   %rbp
  efc4b1:	48 89 e5             	mov    %rsp,%rbp
  efc4b4:	41 57                	push   %r15
  efc4b6:	41 56                	push   %r14
  efc4b8:	41 54                	push   %r12
  efc4ba:	53                   	push   %rbx
  efc4bb:	4c 8b 77 10          	mov    0x10(%rdi),%r14
  efc4bf:	48 8b 1f             	mov    (%rdi),%rbx
  efc4c2:	4c 8b 7f 08          	mov    0x8(%rdi),%r15
  efc4c6:	41 80 3e 00          	cmpb   $0x0,(%r14)
  efc4ca:	74 2b                	je     efc4f7 <_ZN68_$LT$core..fmt..builders..PadAdapter$u20$as$u20$core..fmt..Write$GT$10write_char17hc4981dfa8555604bE+0x47>
  efc4cc:	48 8d 05 2d 0f e3 ff 	lea    -0x1cf0d3(%rip),%rax        # d2d400 <_ZN63_$LT$common_std..error..RcError$u20$as$u20$core..fmt..Debug$GT$3fmt17h5af9ecfea329b2e5E-0x1c3840>
  efc4d3:	ba 04 00 00 00       	mov    $0x4,%edx
  efc4d8:	48 89 df             	mov    %rbx,%rdi
  efc4db:	41 89 f4             	mov    %esi,%r12d
  efc4de:	48 89 c6             	mov    %rax,%rsi
  efc4e1:	41 ff 57 18          	call   *0x18(%r15)
  efc4e5:	44 89 e6             	mov    %r12d,%esi
  efc4e8:	84 c0                	test   %al,%al
  efc4ea:	74 0b                	je     efc4f7 <_ZN68_$LT$core..fmt..builders..PadAdapter$u20$as$u20$core..fmt..Write$GT$10write_char17hc4981dfa8555604bE+0x47>
  efc4ec:	b0 01                	mov    $0x1,%al
  efc4ee:	5b                   	pop    %rbx
  efc4ef:	41 5c                	pop    %r12
  efc4f1:	41 5e                	pop    %r14
  efc4f3:	41 5f                	pop    %r15
  efc4f5:	5d                   	pop    %rbp
  efc4f6:	c3                   	ret
  efc4f7:	83 fe 0a             	cmp    $0xa,%esi
  efc4fa:	41 0f 94 06          	sete   (%r14)
  efc4fe:	49 8b 47 20          	mov    0x20(%r15),%rax
  efc502:	48 89 df             	mov    %rbx,%rdi
  efc505:	5b                   	pop    %rbx
  efc506:	41 5c                	pop    %r12
  efc508:	41 5e                	pop    %r14
  efc50a:	41 5f                	pop    %r15
  efc50c:	5d                   	pop    %rbp
  efc50d:	ff e0                	jmp    *%rax
  efc50f:	cc                   	int3

0000000000efc510 <_ZN4core3fmt8builders11DebugStruct5field17h02f163e801bd2abcE>:
  efc510:	55                   	push   %rbp
  efc511:	48 89 e5             	mov    %rsp,%rbp
  efc514:	41 57                	push   %r15
  efc516:	41 56                	push   %r14
  efc518:	41 55                	push   %r13
  efc51a:	41 54                	push   %r12
  efc51c:	53                   	push   %rbx
  efc51d:	48 83 ec 48          	sub    $0x48,%rsp
  efc521:	48 89 fb             	mov    %rdi,%rbx
  efc524:	41 b4 01             	mov    $0x1,%r12b
  efc527:	80 7f 08 00          	cmpb   $0x0,0x8(%rdi)
  efc52b:	74 1a                	je     efc547 <_ZN4core3fmt8builders11DebugStruct5field17h02f163e801bd2abcE+0x37>
  efc52d:	44 88 63 08          	mov    %r12b,0x8(%rbx)
  efc531:	c6 43 09 01          	movb   $0x1,0x9(%rbx)
  efc535:	48 89 d8             	mov    %rbx,%rax
  efc538:	48 83 c4 48          	add    $0x48,%rsp
  efc53c:	5b                   	pop    %rbx
  efc53d:	41 5c                	pop    %r12
  efc53f:	41 5d                	pop    %r13
  efc541:	41 5e                	pop    %r14
  efc543:	41 5f                	pop    %r15
  efc545:	5d                   	pop    %rbp
  efc546:	c3                   	ret
  efc547:	48 89 4d c0          	mov    %rcx,-0x40(%rbp)
  efc54b:	4c 89 45 c8          	mov    %r8,-0x38(%rbp)
  efc54f:	4c 8b 3b             	mov    (%rbx),%r15
  efc552:	41 f6 47 12 80       	testb  $0x80,0x12(%r15)
  efc557:	0f b6 43 09          	movzbl 0x9(%rbx),%eax
  efc55b:	75 74                	jne    efc5d1 <_ZN4core3fmt8builders11DebugStruct5field17h02f163e801bd2abcE+0xc1>
  efc55d:	49 89 f6             	mov    %rsi,%r14
  efc560:	49 89 d5             	mov    %rdx,%r13
  efc563:	0f b6 d0             	movzbl %al,%edx
  efc566:	48 83 f2 03          	xor    $0x3,%rdx
  efc56a:	48 8d 0d 95 35 ff ff 	lea    -0xca6b(%rip),%rcx        # eefb06 <_ZN63_$LT$common_std..error..RcError$u20$as$u20$core..fmt..Debug$GT$3fmt17h5af9ecfea329b2e5E-0x113a>
  efc571:	48 8d 35 8b 35 ff ff 	lea    -0xca75(%rip),%rsi        # eefb03 <_ZN63_$LT$common_std..error..RcError$u20$as$u20$core..fmt..Debug$GT$3fmt17h5af9ecfea329b2e5E-0x113d>
  efc578:	84 c0                	test   %al,%al
  efc57a:	48 0f 45 f1          	cmovne %rcx,%rsi
  efc57e:	49 8b 3f             	mov    (%r15),%rdi
  efc581:	49 8b 47 08          	mov    0x8(%r15),%rax
  efc585:	ff 50 18             	call   *0x18(%rax)
  efc588:	84 c0                	test   %al,%al
  efc58a:	75 a1                	jne    efc52d <_ZN4core3fmt8builders11DebugStruct5field17h02f163e801bd2abcE+0x1d>
  efc58c:	49 8b 3f             	mov    (%r15),%rdi
  efc58f:	49 8b 47 08          	mov    0x8(%r15),%rax
  efc593:	4c 89 f6             	mov    %r14,%rsi
  efc596:	4c 89 ea             	mov    %r13,%rdx
  efc599:	ff 50 18             	call   *0x18(%rax)
  efc59c:	84 c0                	test   %al,%al
  efc59e:	75 8d                	jne    efc52d <_ZN4core3fmt8builders11DebugStruct5field17h02f163e801bd2abcE+0x1d>
  efc5a0:	49 8b 3f             	mov    (%r15),%rdi
  efc5a3:	49 8b 47 08          	mov    0x8(%r15),%rax
  efc5a7:	48 8d 35 53 35 ff ff 	lea    -0xcaad(%rip),%rsi        # eefb01 <_ZN63_$LT$common_std..error..RcError$u20$as$u20$core..fmt..Debug$GT$3fmt17h5af9ecfea329b2e5E-0x113f>
  efc5ae:	ba 02 00 00 00       	mov    $0x2,%edx
  efc5b3:	ff 50 18             	call   *0x18(%rax)
  efc5b6:	84 c0                	test   %al,%al
  efc5b8:	0f 85 6f ff ff ff    	jne    efc52d <_ZN4core3fmt8builders11DebugStruct5field17h02f163e801bd2abcE+0x1d>
  efc5be:	48 8b 7d c0          	mov    -0x40(%rbp),%rdi
  efc5c2:	4c 89 fe             	mov    %r15,%rsi
  efc5c5:	48 8b 45 c8          	mov    -0x38(%rbp),%rax
  efc5c9:	ff 50 18             	call   *0x18(%rax)
  efc5cc:	e9 c4 00 00 00       	jmp    efc695 <_ZN4core3fmt8builders11DebugStruct5field17h02f163e801bd2abcE+0x185>
  efc5d1:	84 c0                	test   %al,%al
  efc5d3:	75 30                	jne    efc605 <_ZN4core3fmt8builders11DebugStruct5field17h02f163e801bd2abcE+0xf5>
  efc5d5:	49 8b 3f             	mov    (%r15),%rdi
  efc5d8:	49 8b 4f 08          	mov    0x8(%r15),%rcx
  efc5dc:	48 8d 05 25 35 ff ff 	lea    -0xcadb(%rip),%rax        # eefb08 <_ZN63_$LT$common_std..error..RcError$u20$as$u20$core..fmt..Debug$GT$3fmt17h5af9ecfea329b2e5E-0x1138>
  efc5e3:	49 89 d6             	mov    %rdx,%r14
  efc5e6:	ba 03 00 00 00       	mov    $0x3,%edx
  efc5eb:	49 89 f4             	mov    %rsi,%r12
  efc5ee:	48 89 c6             	mov    %rax,%rsi
  efc5f1:	ff 51 18             	call   *0x18(%rcx)
  efc5f4:	4c 89 e6             	mov    %r12,%rsi
  efc5f7:	4c 89 f2             	mov    %r14,%rdx
  efc5fa:	41 b4 01             	mov    $0x1,%r12b
  efc5fd:	84 c0                	test   %al,%al
  efc5ff:	0f 85 28 ff ff ff    	jne    efc52d <_ZN4core3fmt8builders11DebugStruct5field17h02f163e801bd2abcE+0x1d>
  efc605:	c6 45 d7 01          	movb   $0x1,-0x29(%rbp)
  efc609:	49 8b 07             	mov    (%r15),%rax
  efc60c:	49 8b 4f 08          	mov    0x8(%r15),%rcx
  efc610:	48 89 45 90          	mov    %rax,-0x70(%rbp)
  efc614:	48 89 4d 98          	mov    %rcx,-0x68(%rbp)
  efc618:	48 8d 45 d7          	lea    -0x29(%rbp),%rax
  efc61c:	48 89 45 a0          	mov    %rax,-0x60(%rbp)
  efc620:	49 8b 47 10          	mov    0x10(%r15),%rax
  efc624:	48 89 45 b8          	mov    %rax,-0x48(%rbp)
  efc628:	48 8d 7d 90          	lea    -0x70(%rbp),%rdi
  efc62c:	48 89 7d a8          	mov    %rdi,-0x58(%rbp)
  efc630:	48 8d 05 51 28 00 00 	lea    0x2851(%rip),%rax        # efee88 <memcpy+0x1208>
  efc637:	48 89 45 b0          	mov    %rax,-0x50(%rbp)
  efc63b:	ff 15 37 29 00 00    	call   *0x2937(%rip)        # efef78 <memcpy+0x12f8>
  efc641:	84 c0                	test   %al,%al
  efc643:	0f 85 e4 fe ff ff    	jne    efc52d <_ZN4core3fmt8builders11DebugStruct5field17h02f163e801bd2abcE+0x1d>
  efc649:	48 8d 35 b1 34 ff ff 	lea    -0xcb4f(%rip),%rsi        # eefb01 <_ZN63_$LT$common_std..error..RcError$u20$as$u20$core..fmt..Debug$GT$3fmt17h5af9ecfea329b2e5E-0x113f>
  efc650:	48 8d 7d 90          	lea    -0x70(%rbp),%rdi
  efc654:	ba 02 00 00 00       	mov    $0x2,%edx
  efc659:	ff 15 19 29 00 00    	call   *0x2919(%rip)        # efef78 <memcpy+0x12f8>
  efc65f:	84 c0                	test   %al,%al
  efc661:	0f 85 c6 fe ff ff    	jne    efc52d <_ZN4core3fmt8builders11DebugStruct5field17h02f163e801bd2abcE+0x1d>
  efc667:	48 8d 75 a8          	lea    -0x58(%rbp),%rsi
  efc66b:	48 8b 7d c0          	mov    -0x40(%rbp),%rdi
  efc66f:	48 8b 45 c8          	mov    -0x38(%rbp),%rax
  efc673:	ff 50 18             	call   *0x18(%rax)
  efc676:	84 c0                	test   %al,%al
  efc678:	0f 85 af fe ff ff    	jne    efc52d <_ZN4core3fmt8builders11DebugStruct5field17h02f163e801bd2abcE+0x1d>
  efc67e:	48 8b 7d a8          	mov    -0x58(%rbp),%rdi
  efc682:	48 8b 45 b0          	mov    -0x50(%rbp),%rax
  efc686:	48 8d 35 7e 34 ff ff 	lea    -0xcb82(%rip),%rsi        # eefb0b <_ZN63_$LT$common_std..error..RcError$u20$as$u20$core..fmt..Debug$GT$3fmt17h5af9ecfea329b2e5E-0x1135>
  efc68d:	ba 02 00 00 00       	mov    $0x2,%edx
  efc692:	ff 50 18             	call   *0x18(%rax)
  efc695:	41 89 c4             	mov    %eax,%r12d
  efc698:	e9 90 fe ff ff       	jmp    efc52d <_ZN4core3fmt8builders11DebugStruct5field17h02f163e801bd2abcE+0x1d>
  efc69d:	cc                   	int3
  efc69e:	cc                   	int3
  efc69f:	cc                   	int3

0000000000efc6a0 <_ZN4core3fmt8builders11DebugStruct6finish17h701f82355ae946ffE>:
  efc6a0:	0f b6 47 08          	movzbl 0x8(%rdi),%eax
  efc6a4:	80 7f 09 00          	cmpb   $0x0,0x9(%rdi)
  efc6a8:	74 4f                	je     efc6f9 <_ZN4core3fmt8builders11DebugStruct6finish17h701f82355ae946ffE+0x59>
  efc6aa:	a8 01                	test   $0x1,%al
  efc6ac:	b0 01                	mov    $0x1,%al
  efc6ae:	75 46                	jne    efc6f6 <_ZN4core3fmt8builders11DebugStruct6finish17h701f82355ae946ffE+0x56>
  efc6b0:	55                   	push   %rbp
  efc6b1:	48 89 e5             	mov    %rsp,%rbp
  efc6b4:	53                   	push   %rbx
  efc6b5:	50                   	push   %rax
  efc6b6:	48 89 fb             	mov    %rdi,%rbx
  efc6b9:	48 8b 07             	mov    (%rdi),%rax
  efc6bc:	f6 40 12 80          	testb  $0x80,0x12(%rax)
  efc6c0:	75 15                	jne    efc6d7 <_ZN4core3fmt8builders11DebugStruct6finish17h701f82355ae946ffE+0x37>
  efc6c2:	48 8b 38             	mov    (%rax),%rdi
  efc6c5:	48 8b 40 08          	mov    0x8(%rax),%rax
  efc6c9:	48 8d 35 3e 34 ff ff 	lea    -0xcbc2(%rip),%rsi        # eefb0e <_ZN63_$LT$common_std..error..RcError$u20$as$u20$core..fmt..Debug$GT$3fmt17h5af9ecfea329b2e5E-0x1132>
  efc6d0:	ba 02 00 00 00       	mov    $0x2,%edx
  efc6d5:	eb 13                	jmp    efc6ea <_ZN4core3fmt8builders11DebugStruct6finish17h701f82355ae946ffE+0x4a>
  efc6d7:	48 8b 38             	mov    (%rax),%rdi
  efc6da:	48 8b 40 08          	mov    0x8(%rax),%rax
  efc6de:	48 8d 35 28 34 ff ff 	lea    -0xcbd8(%rip),%rsi        # eefb0d <_ZN63_$LT$common_std..error..RcError$u20$as$u20$core..fmt..Debug$GT$3fmt17h5af9ecfea329b2e5E-0x1133>
  efc6e5:	ba 01 00 00 00       	mov    $0x1,%edx
  efc6ea:	ff 50 18             	call   *0x18(%rax)
  efc6ed:	48 89 df             	mov    %rbx,%rdi
  efc6f0:	48 83 c4 08          	add    $0x8,%rsp
  efc6f4:	5b                   	pop    %rbx
  efc6f5:	5d                   	pop    %rbp
  efc6f6:	88 47 08             	mov    %al,0x8(%rdi)
  efc6f9:	24 01                	and    $0x1,%al
  efc6fb:	c3                   	ret
  efc6fc:	cc                   	int3
  efc6fd:	cc                   	int3
  efc6fe:	cc                   	int3
  efc6ff:	cc                   	int3

0000000000efc700 <_ZN4core3fmt5Write9write_fmt17hff95d950839cfd07E>:
  efc700:	55                   	push   %rbp
  efc701:	48 89 e5             	mov    %rsp,%rbp
  efc704:	48 89 f2             	mov    %rsi,%rdx
  efc707:	48 8d 35 7a 27 00 00 	lea    0x277a(%rip),%rsi        # efee88 <memcpy+0x1208>
  efc70e:	5d                   	pop    %rbp
  efc70f:	ff 25 13 28 00 00    	jmp    *0x2813(%rip)        # efef28 <memcpy+0x12a8>
  efc715:	cc                   	int3
  efc716:	cc                   	int3
  efc717:	cc                   	int3
  efc718:	cc                   	int3
  efc719:	cc                   	int3
  efc71a:	cc                   	int3
  efc71b:	cc                   	int3
  efc71c:	cc                   	int3
  efc71d:	cc                   	int3
  efc71e:	cc                   	int3
  efc71f:	cc                   	int3

0000000000efc720 <_ZN4core3fmt5write17ha2ba9032afa671ccE>:
  efc720:	55                   	push   %rbp
  efc721:	48 89 e5             	mov    %rsp,%rbp
  efc724:	41 57                	push   %r15
  efc726:	41 56                	push   %r14
  efc728:	41 55                	push   %r13
  efc72a:	41 54                	push   %r12
  efc72c:	53                   	push   %rbx
  efc72d:	48 83 ec 28          	sub    $0x28,%rsp
  efc731:	b8 20 00 00 e0       	mov    $0xe0000020,%eax
  efc736:	48 89 45 d0          	mov    %rax,-0x30(%rbp)
  efc73a:	48 89 7d c0          	mov    %rdi,-0x40(%rbp)
  efc73e:	48 89 75 c8          	mov    %rsi,-0x38(%rbp)
  efc742:	4c 8b 62 20          	mov    0x20(%rdx),%r12
  efc746:	4d 85 e4             	test   %r12,%r12
  efc749:	48 89 55 b0          	mov    %rdx,-0x50(%rbp)
  efc74d:	0f 84 08 01 00 00    	je     efc85b <_ZN4core3fmt5write17ha2ba9032afa671ccE+0x13b>
  efc753:	48 8b 42 28          	mov    0x28(%rdx),%rax
  efc757:	48 85 c0             	test   %rax,%rax
  efc75a:	0f 84 77 01 00 00    	je     efc8d7 <_ZN4core3fmt5write17ha2ba9032afa671ccE+0x1b7>
  efc760:	4c 8b 2a             	mov    (%rdx),%r13
  efc763:	4c 8b 72 10          	mov    0x10(%rdx),%r14
  efc767:	49 83 c5 08          	add    $0x8,%r13
  efc76b:	48 c1 e0 04          	shl    $0x4,%rax
  efc76f:	48 8d 04 40          	lea    (%rax,%rax,2),%rax
  efc773:	48 89 45 b8          	mov    %rax,-0x48(%rbp)
  efc777:	31 db                	xor    %ebx,%ebx
  efc779:	45 31 ff             	xor    %r15d,%r15d
  efc77c:	0f 1f 40 00          	nopl   0x0(%rax)
  efc780:	49 8b 55 00          	mov    0x0(%r13),%rdx
  efc784:	48 85 d2             	test   %rdx,%rdx
  efc787:	74 17                	je     efc7a0 <_ZN4core3fmt5write17ha2ba9032afa671ccE+0x80>
  efc789:	48 8b 7d c0          	mov    -0x40(%rbp),%rdi
  efc78d:	48 8b 45 c8          	mov    -0x38(%rbp),%rax
  efc791:	49 8b 75 f8          	mov    -0x8(%r13),%rsi
  efc795:	ff 50 18             	call   *0x18(%rax)
  efc798:	84 c0                	test   %al,%al
  efc79a:	0f 85 33 01 00 00    	jne    efc8d3 <_ZN4core3fmt5write17ha2ba9032afa671ccE+0x1b3>
  efc7a0:	41 0f b7 44 1c 10    	movzwl 0x10(%r12,%rbx,1),%eax
  efc7a6:	85 c0                	test   %eax,%eax
  efc7a8:	74 36                	je     efc7e0 <_ZN4core3fmt5write17ha2ba9032afa671ccE+0xc0>
  efc7aa:	83 f8 01             	cmp    $0x1,%eax
  efc7ad:	75 51                	jne    efc800 <_ZN4core3fmt5write17ha2ba9032afa671ccE+0xe0>
  efc7af:	49 8b 44 1c 18       	mov    0x18(%r12,%rbx,1),%rax
  efc7b4:	48 c1 e0 04          	shl    $0x4,%rax
  efc7b8:	41 0f b7 44 06 08    	movzwl 0x8(%r14,%rax,1),%eax
  efc7be:	41 0f b7 0c 1c       	movzwl (%r12,%rbx,1),%ecx
  efc7c3:	83 f9 02             	cmp    $0x2,%ecx
  efc7c6:	74 28                	je     efc7f0 <_ZN4core3fmt5write17ha2ba9032afa671ccE+0xd0>
  efc7c8:	83 f9 01             	cmp    $0x1,%ecx
  efc7cb:	75 43                	jne    efc810 <_ZN4core3fmt5write17ha2ba9032afa671ccE+0xf0>
  efc7cd:	49 8b 4c 1c 08       	mov    0x8(%r12,%rbx,1),%rcx
  efc7d2:	48 c1 e1 04          	shl    $0x4,%rcx
  efc7d6:	41 0f b7 4c 0e 08    	movzwl 0x8(%r14,%rcx,1),%ecx
  efc7dc:	eb 38                	jmp    efc816 <_ZN4core3fmt5write17ha2ba9032afa671ccE+0xf6>
  efc7de:	66 90                	xchg   %ax,%ax
  efc7e0:	41 0f b7 44 1c 12    	movzwl 0x12(%r12,%rbx,1),%eax
  efc7e6:	41 0f b7 0c 1c       	movzwl (%r12,%rbx,1),%ecx
  efc7eb:	83 f9 02             	cmp    $0x2,%ecx
  efc7ee:	75 d8                	jne    efc7c8 <_ZN4core3fmt5write17ha2ba9032afa671ccE+0xa8>
  efc7f0:	31 c9                	xor    %ecx,%ecx
  efc7f2:	eb 22                	jmp    efc816 <_ZN4core3fmt5write17ha2ba9032afa671ccE+0xf6>
  efc7f4:	66 66 66 2e 0f 1f 84 	data16 data16 cs nopw 0x0(%rax,%rax,1)
  efc7fb:	00 00 00 00 00 
  efc800:	31 c0                	xor    %eax,%eax
  efc802:	41 0f b7 0c 1c       	movzwl (%r12,%rbx,1),%ecx
  efc807:	83 f9 02             	cmp    $0x2,%ecx
  efc80a:	75 bc                	jne    efc7c8 <_ZN4core3fmt5write17ha2ba9032afa671ccE+0xa8>
  efc80c:	eb e2                	jmp    efc7f0 <_ZN4core3fmt5write17ha2ba9032afa671ccE+0xd0>
  efc80e:	66 90                	xchg   %ax,%ax
  efc810:	41 0f b7 4c 1c 02    	movzwl 0x2(%r12,%rbx,1),%ecx
  efc816:	41 8b 54 1c 28       	mov    0x28(%r12,%rbx,1),%edx
  efc81b:	4d 8b 44 1c 20       	mov    0x20(%r12,%rbx,1),%r8
  efc820:	49 c1 e0 04          	shl    $0x4,%r8
  efc824:	89 55 d0             	mov    %edx,-0x30(%rbp)
  efc827:	66 89 45 d4          	mov    %ax,-0x2c(%rbp)
  efc82b:	66 89 4d d6          	mov    %cx,-0x2a(%rbp)
  efc82f:	4b 8b 3c 06          	mov    (%r14,%r8,1),%rdi
  efc833:	48 8d 75 c0          	lea    -0x40(%rbp),%rsi
  efc837:	43 ff 54 06 08       	call   *0x8(%r14,%r8,1)
  efc83c:	84 c0                	test   %al,%al
  efc83e:	0f 85 8f 00 00 00    	jne    efc8d3 <_ZN4core3fmt5write17ha2ba9032afa671ccE+0x1b3>
  efc844:	49 83 c5 10          	add    $0x10,%r13
  efc848:	48 83 c3 30          	add    $0x30,%rbx
  efc84c:	49 ff c7             	inc    %r15
  efc84f:	48 39 5d b8          	cmp    %rbx,-0x48(%rbp)
  efc853:	0f 85 27 ff ff ff    	jne    efc780 <_ZN4core3fmt5write17ha2ba9032afa671ccE+0x60>
  efc859:	eb 6c                	jmp    efc8c7 <_ZN4core3fmt5write17ha2ba9032afa671ccE+0x1a7>
  efc85b:	48 8b 5a 18          	mov    0x18(%rdx),%rbx
  efc85f:	48 85 db             	test   %rbx,%rbx
  efc862:	0f 84 7e 00 00 00    	je     efc8e6 <_ZN4core3fmt5write17ha2ba9032afa671ccE+0x1c6>
  efc868:	48 8b 42 10          	mov    0x10(%rdx),%rax
  efc86c:	48 c1 e3 04          	shl    $0x4,%rbx
  efc870:	48 89 45 b8          	mov    %rax,-0x48(%rbp)
  efc874:	48 01 c3             	add    %rax,%rbx
  efc877:	4c 8b 2a             	mov    (%rdx),%r13
  efc87a:	45 31 f6             	xor    %r14d,%r14d
  efc87d:	45 31 ff             	xor    %r15d,%r15d
  efc880:	4b 8b 54 35 08       	mov    0x8(%r13,%r14,1),%rdx
  efc885:	48 85 d2             	test   %rdx,%rdx
  efc888:	74 14                	je     efc89e <_ZN4core3fmt5write17ha2ba9032afa671ccE+0x17e>
  efc88a:	48 8b 7d c0          	mov    -0x40(%rbp),%rdi
  efc88e:	48 8b 45 c8          	mov    -0x38(%rbp),%rax
  efc892:	4b 8b 74 35 00       	mov    0x0(%r13,%r14,1),%rsi
  efc897:	ff 50 18             	call   *0x18(%rax)
  efc89a:	84 c0                	test   %al,%al
  efc89c:	75 35                	jne    efc8d3 <_ZN4core3fmt5write17ha2ba9032afa671ccE+0x1b3>
  efc89e:	48 8b 45 b8          	mov    -0x48(%rbp),%rax
  efc8a2:	4e 8d 24 30          	lea    (%rax,%r14,1),%r12
  efc8a6:	49 8b 3c 24          	mov    (%r12),%rdi
  efc8aa:	48 8d 75 c0          	lea    -0x40(%rbp),%rsi
  efc8ae:	41 ff 54 24 08       	call   *0x8(%r12)
  efc8b3:	84 c0                	test   %al,%al
  efc8b5:	75 1c                	jne    efc8d3 <_ZN4core3fmt5write17ha2ba9032afa671ccE+0x1b3>
  efc8b7:	49 83 c6 10          	add    $0x10,%r14
  efc8bb:	49 83 c4 10          	add    $0x10,%r12
  efc8bf:	49 ff c7             	inc    %r15
  efc8c2:	49 39 dc             	cmp    %rbx,%r12
  efc8c5:	75 b9                	jne    efc880 <_ZN4core3fmt5write17ha2ba9032afa671ccE+0x160>
  efc8c7:	48 8b 45 b0          	mov    -0x50(%rbp),%rax
  efc8cb:	4c 3b 78 08          	cmp    0x8(%rax),%r15
  efc8cf:	73 45                	jae    efc916 <_ZN4core3fmt5write17ha2ba9032afa671ccE+0x1f6>
  efc8d1:	eb 20                	jmp    efc8f3 <_ZN4core3fmt5write17ha2ba9032afa671ccE+0x1d3>
  efc8d3:	b0 01                	mov    $0x1,%al
  efc8d5:	eb 41                	jmp    efc918 <_ZN4core3fmt5write17ha2ba9032afa671ccE+0x1f8>
  efc8d7:	45 31 ff             	xor    %r15d,%r15d
  efc8da:	48 8b 45 b0          	mov    -0x50(%rbp),%rax
  efc8de:	4c 3b 78 08          	cmp    0x8(%rax),%r15
  efc8e2:	73 32                	jae    efc916 <_ZN4core3fmt5write17ha2ba9032afa671ccE+0x1f6>
  efc8e4:	eb 0d                	jmp    efc8f3 <_ZN4core3fmt5write17ha2ba9032afa671ccE+0x1d3>
  efc8e6:	45 31 ff             	xor    %r15d,%r15d
  efc8e9:	48 8b 45 b0          	mov    -0x50(%rbp),%rax
  efc8ed:	4c 3b 78 08          	cmp    0x8(%rax),%r15
  efc8f1:	73 23                	jae    efc916 <_ZN4core3fmt5write17ha2ba9032afa671ccE+0x1f6>
  efc8f3:	48 8b 00             	mov    (%rax),%rax
  efc8f6:	49 c1 e7 04          	shl    $0x4,%r15
  efc8fa:	48 8b 7d c0          	mov    -0x40(%rbp),%rdi
  efc8fe:	48 8b 4d c8          	mov    -0x38(%rbp),%rcx
  efc902:	4a 8b 34 38          	mov    (%rax,%r15,1),%rsi
  efc906:	4a 8b 54 38 08       	mov    0x8(%rax,%r15,1),%rdx
  efc90b:	ff 51 18             	call   *0x18(%rcx)
  efc90e:	89 c1                	mov    %eax,%ecx
  efc910:	b0 01                	mov    $0x1,%al
  efc912:	84 c9                	test   %cl,%cl
  efc914:	75 02                	jne    efc918 <_ZN4core3fmt5write17ha2ba9032afa671ccE+0x1f8>
  efc916:	31 c0                	xor    %eax,%eax
  efc918:	48 83 c4 28          	add    $0x28,%rsp
  efc91c:	5b                   	pop    %rbx
  efc91d:	41 5c                	pop    %r12
  efc91f:	41 5d                	pop    %r13
  efc921:	41 5e                	pop    %r14
  efc923:	41 5f                	pop    %r15
  efc925:	5d                   	pop    %rbp
  efc926:	c3                   	ret
  efc927:	cc                   	int3
  efc928:	cc                   	int3
  efc929:	cc                   	int3
  efc92a:	cc                   	int3
  efc92b:	cc                   	int3
  efc92c:	cc                   	int3
  efc92d:	cc                   	int3
  efc92e:	cc                   	int3
  efc92f:	cc                   	int3

0000000000efc930 <_ZN4core3fmt9Formatter12pad_integral17hdd2a78d3a27a2508E>:
  efc930:	55                   	push   %rbp
  efc931:	48 89 e5             	mov    %rsp,%rbp
  efc934:	41 57                	push   %r15
  efc936:	41 56                	push   %r14
  efc938:	41 55                	push   %r13
  efc93a:	41 54                	push   %r12
  efc93c:	53                   	push   %rbx
  efc93d:	48 83 ec 48          	sub    $0x48,%rsp
  efc941:	4c 89 45 b8          	mov    %r8,-0x48(%rbp)
  efc945:	49 89 d6             	mov    %rdx,%r14
  efc948:	49 89 fc             	mov    %rdi,%r12
  efc94b:	85 f6                	test   %esi,%esi
  efc94d:	74 5e                	je     efc9ad <_ZN4core3fmt9Formatter12pad_integral17hdd2a78d3a27a2508E+0x7d>
  efc94f:	45 8b 7c 24 10       	mov    0x10(%r12),%r15d
  efc954:	44 89 fa             	mov    %r15d,%edx
  efc957:	81 e2 00 00 20 00    	and    $0x200000,%edx
  efc95d:	b8 00 00 11 00       	mov    $0x110000,%eax
  efc962:	be 2b 00 00 00       	mov    $0x2b,%esi
  efc967:	0f 44 f0             	cmove  %eax,%esi
  efc96a:	89 75 d4             	mov    %esi,-0x2c(%rbp)
  efc96d:	c1 ea 15             	shr    $0x15,%edx
  efc970:	4c 01 ca             	add    %r9,%rdx
  efc973:	41 f7 c7 00 00 80 00 	test   $0x800000,%r15d
  efc97a:	74 4a                	je     efc9c6 <_ZN4core3fmt9Formatter12pad_integral17hdd2a78d3a27a2508E+0x96>
  efc97c:	48 89 55 c8          	mov    %rdx,-0x38(%rbp)
  efc980:	48 83 f9 20          	cmp    $0x20,%rcx
  efc984:	0f 83 97 00 00 00    	jae    efca21 <_ZN4core3fmt9Formatter12pad_integral17hdd2a78d3a27a2508E+0xf1>
  efc98a:	48 85 c9             	test   %rcx,%rcx
  efc98d:	0f 84 ab 00 00 00    	je     efca3e <_ZN4core3fmt9Formatter12pad_integral17hdd2a78d3a27a2508E+0x10e>
  efc993:	41 89 ca             	mov    %ecx,%r10d
  efc996:	41 83 e2 03          	and    $0x3,%r10d
  efc99a:	48 83 f9 04          	cmp    $0x4,%rcx
  efc99e:	0f 83 9e 00 00 00    	jae    efca42 <_ZN4core3fmt9Formatter12pad_integral17hdd2a78d3a27a2508E+0x112>
  efc9a4:	31 c0                	xor    %eax,%eax
  efc9a6:	31 d2                	xor    %edx,%edx
  efc9a8:	e9 e6 00 00 00       	jmp    efca93 <_ZN4core3fmt9Formatter12pad_integral17hdd2a78d3a27a2508E+0x163>
  efc9ad:	49 8d 51 01          	lea    0x1(%r9),%rdx
  efc9b1:	45 8b 7c 24 10       	mov    0x10(%r12),%r15d
  efc9b6:	c7 45 d4 2d 00 00 00 	movl   $0x2d,-0x2c(%rbp)
  efc9bd:	41 f7 c7 00 00 80 00 	test   $0x800000,%r15d
  efc9c4:	75 b6                	jne    efc97c <_ZN4core3fmt9Formatter12pad_integral17hdd2a78d3a27a2508E+0x4c>
  efc9c6:	45 31 f6             	xor    %r14d,%r14d
  efc9c9:	45 0f b7 6c 24 14    	movzwl 0x14(%r12),%r13d
  efc9cf:	4c 39 ea             	cmp    %r13,%rdx
  efc9d2:	0f 82 f3 00 00 00    	jb     efcacb <_ZN4core3fmt9Formatter12pad_integral17hdd2a78d3a27a2508E+0x19b>
  efc9d8:	4d 89 cd             	mov    %r9,%r13
  efc9db:	49 89 c8             	mov    %rcx,%r8
  efc9de:	49 8b 1c 24          	mov    (%r12),%rbx
  efc9e2:	4d 8b 7c 24 08       	mov    0x8(%r12),%r15
  efc9e7:	48 89 df             	mov    %rbx,%rdi
  efc9ea:	4c 89 fe             	mov    %r15,%rsi
  efc9ed:	8b 55 d4             	mov    -0x2c(%rbp),%edx
  efc9f0:	4c 89 f1             	mov    %r14,%rcx
  efc9f3:	e8 78 02 00 00       	call   efcc70 <_ZN4core3fmt9Formatter12pad_integral12write_prefix17h9dd486356b7c1929E>
  efc9f8:	41 b6 01             	mov    $0x1,%r14b
  efc9fb:	84 c0                	test   %al,%al
  efc9fd:	0f 85 58 02 00 00    	jne    efcc5b <_ZN4core3fmt9Formatter12pad_integral17hdd2a78d3a27a2508E+0x32b>
  efca03:	49 8b 47 18          	mov    0x18(%r15),%rax
  efca07:	48 89 df             	mov    %rbx,%rdi
  efca0a:	48 8b 75 b8          	mov    -0x48(%rbp),%rsi
  efca0e:	4c 89 ea             	mov    %r13,%rdx
  efca11:	48 83 c4 48          	add    $0x48,%rsp
  efca15:	5b                   	pop    %rbx
  efca16:	41 5c                	pop    %r12
  efca18:	41 5d                	pop    %r13
  efca1a:	41 5e                	pop    %r14
  efca1c:	41 5f                	pop    %r15
  efca1e:	5d                   	pop    %rbp
  efca1f:	ff e0                	jmp    *%rax
  efca21:	4c 89 f7             	mov    %r14,%rdi
  efca24:	48 89 ce             	mov    %rcx,%rsi
  efca27:	49 89 cd             	mov    %rcx,%r13
  efca2a:	4c 89 cb             	mov    %r9,%rbx
  efca2d:	ff 15 2d 25 00 00    	call   *0x252d(%rip)        # efef60 <memcpy+0x12e0>
  efca33:	49 89 d9             	mov    %rbx,%r9
  efca36:	4c 89 e9             	mov    %r13,%rcx
  efca39:	e9 77 00 00 00       	jmp    efcab5 <_ZN4core3fmt9Formatter12pad_integral17hdd2a78d3a27a2508E+0x185>
  efca3e:	31 c0                	xor    %eax,%eax
  efca40:	eb 73                	jmp    efcab5 <_ZN4core3fmt9Formatter12pad_integral17hdd2a78d3a27a2508E+0x185>
  efca42:	89 ce                	mov    %ecx,%esi
  efca44:	83 e6 1c             	and    $0x1c,%esi
  efca47:	31 c0                	xor    %eax,%eax
  efca49:	31 d2                	xor    %edx,%edx
  efca4b:	0f 1f 44 00 00       	nopl   0x0(%rax,%rax,1)
  efca50:	31 ff                	xor    %edi,%edi
  efca52:	41 80 3c 16 c0       	cmpb   $0xc0,(%r14,%rdx,1)
  efca57:	40 0f 9d c7          	setge  %dil
  efca5b:	48 01 c7             	add    %rax,%rdi
  efca5e:	31 c0                	xor    %eax,%eax
  efca60:	41 80 7c 16 01 c0    	cmpb   $0xc0,0x1(%r14,%rdx,1)
  efca66:	0f 9d c0             	setge  %al
  efca69:	45 31 c0             	xor    %r8d,%r8d
  efca6c:	41 80 7c 16 02 c0    	cmpb   $0xc0,0x2(%r14,%rdx,1)
  efca72:	41 0f 9d c0          	setge  %r8b
  efca76:	49 01 c0             	add    %rax,%r8
  efca79:	49 01 f8             	add    %rdi,%r8
  efca7c:	31 c0                	xor    %eax,%eax
  efca7e:	41 80 7c 16 03 c0    	cmpb   $0xc0,0x3(%r14,%rdx,1)
  efca84:	0f 9d c0             	setge  %al
  efca87:	4c 01 c0             	add    %r8,%rax
  efca8a:	48 83 c2 04          	add    $0x4,%rdx
  efca8e:	48 39 d6             	cmp    %rdx,%rsi
  efca91:	75 bd                	jne    efca50 <_ZN4core3fmt9Formatter12pad_integral17hdd2a78d3a27a2508E+0x120>
  efca93:	4d 85 d2             	test   %r10,%r10
  efca96:	74 1d                	je     efcab5 <_ZN4core3fmt9Formatter12pad_integral17hdd2a78d3a27a2508E+0x185>
  efca98:	4c 01 f2             	add    %r14,%rdx
  efca9b:	31 f6                	xor    %esi,%esi
  efca9d:	0f 1f 00             	nopl   (%rax)
  efcaa0:	31 ff                	xor    %edi,%edi
  efcaa2:	80 3c 32 c0          	cmpb   $0xc0,(%rdx,%rsi,1)
  efcaa6:	40 0f 9d c7          	setge  %dil
  efcaaa:	48 01 f8             	add    %rdi,%rax
  efcaad:	48 ff c6             	inc    %rsi
  efcab0:	49 39 f2             	cmp    %rsi,%r10
  efcab3:	75 eb                	jne    efcaa0 <_ZN4core3fmt9Formatter12pad_integral17hdd2a78d3a27a2508E+0x170>
  efcab5:	48 8b 55 c8          	mov    -0x38(%rbp),%rdx
  efcab9:	48 01 c2             	add    %rax,%rdx
  efcabc:	45 0f b7 6c 24 14    	movzwl 0x14(%r12),%r13d
  efcac2:	4c 39 ea             	cmp    %r13,%rdx
  efcac5:	0f 83 0d ff ff ff    	jae    efc9d8 <_ZN4core3fmt9Formatter12pad_integral17hdd2a78d3a27a2508E+0xa8>
  efcacb:	41 f7 c7 00 00 00 01 	test   $0x1000000,%r15d
  efcad2:	4c 89 4d b0          	mov    %r9,-0x50(%rbp)
  efcad6:	48 89 55 c8          	mov    %rdx,-0x38(%rbp)
  efcada:	75 2c                	jne    efcb08 <_ZN4core3fmt9Formatter12pad_integral17hdd2a78d3a27a2508E+0x1d8>
  efcadc:	44 89 ee             	mov    %r13d,%esi
  efcadf:	29 d6                	sub    %edx,%esi
  efcae1:	44 89 f8             	mov    %r15d,%eax
  efcae4:	c1 e8 1d             	shr    $0x1d,%eax
  efcae7:	83 e0 03             	and    $0x3,%eax
  efcaea:	48 8d 15 ff 2d ff ff 	lea    -0xd201(%rip),%rdx        # eef8f0 <_ZN63_$LT$common_std..error..RcError$u20$as$u20$core..fmt..Debug$GT$3fmt17h5af9ecfea329b2e5E-0x1350>
  efcaf1:	48 63 04 82          	movslq (%rdx,%rax,4),%rax
  efcaf5:	48 01 d0             	add    %rdx,%rax
  efcaf8:	48 89 4d 98          	mov    %rcx,-0x68(%rbp)
  efcafc:	89 75 d0             	mov    %esi,-0x30(%rbp)
  efcaff:	ff e0                	jmp    *%rax
  efcb01:	89 f0                	mov    %esi,%eax
  efcb03:	e9 92 00 00 00       	jmp    efcb9a <_ZN4core3fmt9Formatter12pad_integral17hdd2a78d3a27a2508E+0x26a>
  efcb08:	49 8b 44 24 10       	mov    0x10(%r12),%rax
  efcb0d:	48 89 45 c0          	mov    %rax,-0x40(%rbp)
  efcb11:	25 00 00 e0 9f       	and    $0x9fe00000,%eax
  efcb16:	0d 30 00 00 20       	or     $0x20000030,%eax
  efcb1b:	41 89 44 24 10       	mov    %eax,0x10(%r12)
  efcb20:	4d 8b 3c 24          	mov    (%r12),%r15
  efcb24:	49 89 c8             	mov    %rcx,%r8
  efcb27:	49 8b 5c 24 08       	mov    0x8(%r12),%rbx
  efcb2c:	4c 89 ff             	mov    %r15,%rdi
  efcb2f:	48 89 de             	mov    %rbx,%rsi
  efcb32:	8b 55 d4             	mov    -0x2c(%rbp),%edx
  efcb35:	4c 89 f1             	mov    %r14,%rcx
  efcb38:	e8 33 01 00 00       	call   efcc70 <_ZN4core3fmt9Formatter12pad_integral12write_prefix17h9dd486356b7c1929E>
  efcb3d:	41 b6 01             	mov    $0x1,%r14b
  efcb40:	84 c0                	test   %al,%al
  efcb42:	0f 85 13 01 00 00    	jne    efcc5b <_ZN4core3fmt9Formatter12pad_integral17hdd2a78d3a27a2508E+0x32b>
  efcb48:	44 2b 6d c8          	sub    -0x38(%rbp),%r13d
  efcb4c:	41 ff c5             	inc    %r13d
  efcb4f:	90                   	nop
  efcb50:	66 41 ff cd          	dec    %r13w
  efcb54:	74 14                	je     efcb6a <_ZN4core3fmt9Formatter12pad_integral17hdd2a78d3a27a2508E+0x23a>
  efcb56:	4c 89 ff             	mov    %r15,%rdi
  efcb59:	be 30 00 00 00       	mov    $0x30,%esi
  efcb5e:	ff 53 20             	call   *0x20(%rbx)
  efcb61:	84 c0                	test   %al,%al
  efcb63:	74 eb                	je     efcb50 <_ZN4core3fmt9Formatter12pad_integral17hdd2a78d3a27a2508E+0x220>
  efcb65:	e9 f1 00 00 00       	jmp    efcc5b <_ZN4core3fmt9Formatter12pad_integral17hdd2a78d3a27a2508E+0x32b>
  efcb6a:	4c 89 ff             	mov    %r15,%rdi
  efcb6d:	48 8b 75 b8          	mov    -0x48(%rbp),%rsi
  efcb71:	48 8b 55 b0          	mov    -0x50(%rbp),%rdx
  efcb75:	ff 53 18             	call   *0x18(%rbx)
  efcb78:	84 c0                	test   %al,%al
  efcb7a:	0f 85 db 00 00 00    	jne    efcc5b <_ZN4core3fmt9Formatter12pad_integral17hdd2a78d3a27a2508E+0x32b>
  efcb80:	48 8b 45 c0          	mov    -0x40(%rbp),%rax
  efcb84:	49 89 44 24 10       	mov    %rax,0x10(%r12)
  efcb89:	45 31 f6             	xor    %r14d,%r14d
  efcb8c:	e9 ca 00 00 00       	jmp    efcc5b <_ZN4core3fmt9Formatter12pad_integral17hdd2a78d3a27a2508E+0x32b>
  efcb91:	31 c0                	xor    %eax,%eax
  efcb93:	eb 05                	jmp    efcb9a <_ZN4core3fmt9Formatter12pad_integral17hdd2a78d3a27a2508E+0x26a>
  efcb95:	0f b7 c6             	movzwl %si,%eax
  efcb98:	d1 e8                	shr    $1,%eax
  efcb9a:	41 81 e7 ff ff 1f 00 	and    $0x1fffff,%r15d
  efcba1:	44 89 7d c0          	mov    %r15d,-0x40(%rbp)
  efcba5:	4c 89 e1             	mov    %r12,%rcx
  efcba8:	4d 8b 24 24          	mov    (%r12),%r12
  efcbac:	48 8b 59 08          	mov    0x8(%rcx),%rbx
  efcbb0:	48 89 45 a0          	mov    %rax,-0x60(%rbp)
  efcbb4:	44 8d 78 01          	lea    0x1(%rax),%r15d
  efcbb8:	0f 1f 84 00 00 00 00 	nopl   0x0(%rax,%rax,1)
  efcbbf:	00 
  efcbc0:	66 41 ff cf          	dec    %r15w
  efcbc4:	74 15                	je     efcbdb <_ZN4core3fmt9Formatter12pad_integral17hdd2a78d3a27a2508E+0x2ab>
  efcbc6:	4c 89 e7             	mov    %r12,%rdi
  efcbc9:	8b 75 c0             	mov    -0x40(%rbp),%esi
  efcbcc:	ff 53 20             	call   *0x20(%rbx)
  efcbcf:	84 c0                	test   %al,%al
  efcbd1:	74 ed                	je     efcbc0 <_ZN4core3fmt9Formatter12pad_integral17hdd2a78d3a27a2508E+0x290>
  efcbd3:	41 b6 01             	mov    $0x1,%r14b
  efcbd6:	e9 80 00 00 00       	jmp    efcc5b <_ZN4core3fmt9Formatter12pad_integral17hdd2a78d3a27a2508E+0x32b>
  efcbdb:	4d 89 e7             	mov    %r12,%r15
  efcbde:	4c 89 e7             	mov    %r12,%rdi
  efcbe1:	48 89 de             	mov    %rbx,%rsi
  efcbe4:	48 89 5d a8          	mov    %rbx,-0x58(%rbp)
  efcbe8:	8b 55 d4             	mov    -0x2c(%rbp),%edx
  efcbeb:	4c 89 f1             	mov    %r14,%rcx
  efcbee:	4c 8b 45 98          	mov    -0x68(%rbp),%r8
  efcbf2:	e8 79 00 00 00       	call   efcc70 <_ZN4core3fmt9Formatter12pad_integral12write_prefix17h9dd486356b7c1929E>
  efcbf7:	41 b6 01             	mov    $0x1,%r14b
  efcbfa:	84 c0                	test   %al,%al
  efcbfc:	75 5d                	jne    efcc5b <_ZN4core3fmt9Formatter12pad_integral17hdd2a78d3a27a2508E+0x32b>
  efcbfe:	4c 89 ff             	mov    %r15,%rdi
  efcc01:	48 8b 75 b8          	mov    -0x48(%rbp),%rsi
  efcc05:	48 8b 55 b0          	mov    -0x50(%rbp),%rdx
  efcc09:	48 8b 45 a8          	mov    -0x58(%rbp),%rax
  efcc0d:	ff 50 18             	call   *0x18(%rax)
  efcc10:	84 c0                	test   %al,%al
  efcc12:	75 47                	jne    efcc5b <_ZN4core3fmt9Formatter12pad_integral17hdd2a78d3a27a2508E+0x32b>
  efcc14:	4c 8b 7d a0          	mov    -0x60(%rbp),%r15
  efcc18:	44 29 7d d0          	sub    %r15d,-0x30(%rbp)
  efcc1c:	44 03 7d c8          	add    -0x38(%rbp),%r15d
  efcc20:	45 29 ef             	sub    %r13d,%r15d
  efcc23:	66 41 be ff ff       	mov    $0xffff,%r14w
  efcc28:	44 8b 6d c0          	mov    -0x40(%rbp),%r13d
  efcc2c:	0f 1f 40 00          	nopl   0x0(%rax)
  efcc30:	43 8d 04 37          	lea    (%r15,%r14,1),%eax
  efcc34:	66 83 f8 ff          	cmp    $0xffff,%ax
  efcc38:	74 12                	je     efcc4c <_ZN4core3fmt9Formatter12pad_integral17hdd2a78d3a27a2508E+0x31c>
  efcc3a:	4c 89 e7             	mov    %r12,%rdi
  efcc3d:	44 89 ee             	mov    %r13d,%esi
  efcc40:	ff 53 20             	call   *0x20(%rbx)
  efcc43:	41 ff c6             	inc    %r14d
  efcc46:	84 c0                	test   %al,%al
  efcc48:	74 e6                	je     efcc30 <_ZN4core3fmt9Formatter12pad_integral17hdd2a78d3a27a2508E+0x300>
  efcc4a:	eb 06                	jmp    efcc52 <_ZN4core3fmt9Formatter12pad_integral17hdd2a78d3a27a2508E+0x322>
  efcc4c:	8b 45 d0             	mov    -0x30(%rbp),%eax
  efcc4f:	41 89 c6             	mov    %eax,%r14d
  efcc52:	66 44 3b 75 d0       	cmp    -0x30(%rbp),%r14w
  efcc57:	41 0f 92 c6          	setb   %r14b
  efcc5b:	44 89 f0             	mov    %r14d,%eax
  efcc5e:	48 83 c4 48          	add    $0x48,%rsp
  efcc62:	5b                   	pop    %rbx
  efcc63:	41 5c                	pop    %r12
  efcc65:	41 5d                	pop    %r13
  efcc67:	41 5e                	pop    %r14
  efcc69:	41 5f                	pop    %r15
  efcc6b:	5d                   	pop    %rbp
  efcc6c:	c3                   	ret
  efcc6d:	cc                   	int3
  efcc6e:	cc                   	int3
  efcc6f:	cc                   	int3

0000000000efcc70 <_ZN4core3fmt9Formatter12pad_integral12write_prefix17h9dd486356b7c1929E>:
  efcc70:	55                   	push   %rbp
  efcc71:	48 89 e5             	mov    %rsp,%rbp
  efcc74:	41 57                	push   %r15
  efcc76:	41 56                	push   %r14
  efcc78:	41 54                	push   %r12
  efcc7a:	53                   	push   %rbx
  efcc7b:	4c 89 c3             	mov    %r8,%rbx
  efcc7e:	49 89 ce             	mov    %rcx,%r14
  efcc81:	49 89 f7             	mov    %rsi,%r15
  efcc84:	81 fa 00 00 11 00    	cmp    $0x110000,%edx
  efcc8a:	74 14                	je     efcca0 <_ZN4core3fmt9Formatter12pad_integral12write_prefix17h9dd486356b7c1929E+0x30>
  efcc8c:	49 89 fc             	mov    %rdi,%r12
  efcc8f:	89 d6                	mov    %edx,%esi
  efcc91:	41 ff 57 20          	call   *0x20(%r15)
  efcc95:	4c 89 e7             	mov    %r12,%rdi
  efcc98:	89 c1                	mov    %eax,%ecx
  efcc9a:	b0 01                	mov    $0x1,%al
  efcc9c:	84 c9                	test   %cl,%cl
  efcc9e:	75 1b                	jne    efccbb <_ZN4core3fmt9Formatter12pad_integral12write_prefix17h9dd486356b7c1929E+0x4b>
  efcca0:	4d 85 f6             	test   %r14,%r14
  efcca3:	74 14                	je     efccb9 <_ZN4core3fmt9Formatter12pad_integral12write_prefix17h9dd486356b7c1929E+0x49>
  efcca5:	49 8b 47 18          	mov    0x18(%r15),%rax
  efcca9:	4c 89 f6             	mov    %r14,%rsi
  efccac:	48 89 da             	mov    %rbx,%rdx
  efccaf:	5b                   	pop    %rbx
  efccb0:	41 5c                	pop    %r12
  efccb2:	41 5e                	pop    %r14
  efccb4:	41 5f                	pop    %r15
  efccb6:	5d                   	pop    %rbp
  efccb7:	ff e0                	jmp    *%rax
  efccb9:	31 c0                	xor    %eax,%eax
  efccbb:	5b                   	pop    %rbx
  efccbc:	41 5c                	pop    %r12
  efccbe:	41 5e                	pop    %r14
  efccc0:	41 5f                	pop    %r15
  efccc2:	5d                   	pop    %rbp
  efccc3:	c3                   	ret
  efccc4:	cc                   	int3
  efccc5:	cc                   	int3
  efccc6:	cc                   	int3
  efccc7:	cc                   	int3
  efccc8:	cc                   	int3
  efccc9:	cc                   	int3
  efccca:	cc                   	int3
  efcccb:	cc                   	int3
  efcccc:	cc                   	int3
  efcccd:	cc                   	int3
  efccce:	cc                   	int3
  efcccf:	cc                   	int3

0000000000efccd0 <_ZN4core3fmt9Formatter3pad17h404afbaf9d8dfecbE>:
  efccd0:	55                   	push   %rbp
  efccd1:	48 89 e5             	mov    %rsp,%rbp
  efccd4:	41 57                	push   %r15
  efccd6:	41 56                	push   %r14
  efccd8:	41 55                	push   %r13
  efccda:	41 54                	push   %r12
  efccdc:	53                   	push   %rbx
  efccdd:	48 83 ec 28          	sub    $0x28,%rsp
  efcce1:	49 89 d5             	mov    %rdx,%r13
  efcce4:	49 89 f6             	mov    %rsi,%r14
  efcce7:	44 8b 7f 10          	mov    0x10(%rdi),%r15d
  efcceb:	41 f7 c7 00 00 00 18 	test   $0x18000000,%r15d
  efccf2:	0f 84 f7 00 00 00    	je     efcdef <_ZN4core3fmt9Formatter3pad17h404afbaf9d8dfecbE+0x11f>
  efccf8:	41 f7 c7 00 00 00 10 	test   $0x10000000,%r15d
  efccff:	75 2d                	jne    efcd2e <_ZN4core3fmt9Formatter3pad17h404afbaf9d8dfecbE+0x5e>
  efcd01:	49 83 fd 20          	cmp    $0x20,%r13
  efcd05:	0f 83 88 00 00 00    	jae    efcd93 <_ZN4core3fmt9Formatter3pad17h404afbaf9d8dfecbE+0xc3>
  efcd0b:	4d 85 ed             	test   %r13,%r13
  efcd0e:	0f 84 a3 01 00 00    	je     efceb7 <_ZN4core3fmt9Formatter3pad17h404afbaf9d8dfecbE+0x1e7>
  efcd14:	44 89 e8             	mov    %r13d,%eax
  efcd17:	83 e0 03             	and    $0x3,%eax
  efcd1a:	49 83 fd 04          	cmp    $0x4,%r13
  efcd1e:	0f 83 9e 01 00 00    	jae    efcec2 <_ZN4core3fmt9Formatter3pad17h404afbaf9d8dfecbE+0x1f2>
  efcd24:	45 31 e4             	xor    %r12d,%r12d
  efcd27:	31 c9                	xor    %ecx,%ecx
  efcd29:	e9 e9 01 00 00       	jmp    efcf17 <_ZN4core3fmt9Formatter3pad17h404afbaf9d8dfecbE+0x247>
  efcd2e:	44 0f b7 67 16       	movzwl 0x16(%rdi),%r12d
  efcd33:	4d 85 e4             	test   %r12,%r12
  efcd36:	74 72                	je     efcdaa <_ZN4core3fmt9Formatter3pad17h404afbaf9d8dfecbE+0xda>
  efcd38:	4d 01 f5             	add    %r14,%r13
  efcd3b:	4c 89 e0             	mov    %r12,%rax
  efcd3e:	31 f6                	xor    %esi,%esi
  efcd40:	4c 89 f1             	mov    %r14,%rcx
  efcd43:	eb 20                	jmp    efcd65 <_ZN4core3fmt9Formatter3pad17h404afbaf9d8dfecbE+0x95>
  efcd45:	66 66 2e 0f 1f 84 00 	data16 cs nopw 0x0(%rax,%rax,1)
  efcd4c:	00 00 00 00 
  efcd50:	4c 8d 41 01          	lea    0x1(%rcx),%r8
  efcd54:	4c 89 c6             	mov    %r8,%rsi
  efcd57:	48 29 ce             	sub    %rcx,%rsi
  efcd5a:	48 01 d6             	add    %rdx,%rsi
  efcd5d:	4c 89 c1             	mov    %r8,%rcx
  efcd60:	48 ff c8             	dec    %rax
  efcd63:	74 47                	je     efcdac <_ZN4core3fmt9Formatter3pad17h404afbaf9d8dfecbE+0xdc>
  efcd65:	48 89 f2             	mov    %rsi,%rdx
  efcd68:	4c 39 e9             	cmp    %r13,%rcx
  efcd6b:	74 43                	je     efcdb0 <_ZN4core3fmt9Formatter3pad17h404afbaf9d8dfecbE+0xe0>
  efcd6d:	0f b6 31             	movzbl (%rcx),%esi
  efcd70:	40 84 f6             	test   %sil,%sil
  efcd73:	79 db                	jns    efcd50 <_ZN4core3fmt9Formatter3pad17h404afbaf9d8dfecbE+0x80>
  efcd75:	40 80 fe e0          	cmp    $0xe0,%sil
  efcd79:	72 0c                	jb     efcd87 <_ZN4core3fmt9Formatter3pad17h404afbaf9d8dfecbE+0xb7>
  efcd7b:	40 80 fe f0          	cmp    $0xf0,%sil
  efcd7f:	72 0c                	jb     efcd8d <_ZN4core3fmt9Formatter3pad17h404afbaf9d8dfecbE+0xbd>
  efcd81:	4c 8d 41 04          	lea    0x4(%rcx),%r8
  efcd85:	eb cd                	jmp    efcd54 <_ZN4core3fmt9Formatter3pad17h404afbaf9d8dfecbE+0x84>
  efcd87:	4c 8d 41 02          	lea    0x2(%rcx),%r8
  efcd8b:	eb c7                	jmp    efcd54 <_ZN4core3fmt9Formatter3pad17h404afbaf9d8dfecbE+0x84>
  efcd8d:	4c 8d 41 03          	lea    0x3(%rcx),%r8
  efcd91:	eb c1                	jmp    efcd54 <_ZN4core3fmt9Formatter3pad17h404afbaf9d8dfecbE+0x84>
  efcd93:	48 89 fb             	mov    %rdi,%rbx
  efcd96:	4c 89 f7             	mov    %r14,%rdi
  efcd99:	4c 89 ee             	mov    %r13,%rsi
  efcd9c:	ff 15 be 21 00 00    	call   *0x21be(%rip)        # efef60 <memcpy+0x12e0>
  efcda2:	48 89 df             	mov    %rbx,%rdi
  efcda5:	49 89 c4             	mov    %rax,%r12
  efcda8:	eb 0f                	jmp    efcdb9 <_ZN4core3fmt9Formatter3pad17h404afbaf9d8dfecbE+0xe9>
  efcdaa:	31 f6                	xor    %esi,%esi
  efcdac:	31 c0                	xor    %eax,%eax
  efcdae:	eb 03                	jmp    efcdb3 <_ZN4core3fmt9Formatter3pad17h404afbaf9d8dfecbE+0xe3>
  efcdb0:	48 89 d6             	mov    %rdx,%rsi
  efcdb3:	49 29 c4             	sub    %rax,%r12
  efcdb6:	49 89 f5             	mov    %rsi,%r13
  efcdb9:	0f b7 47 14          	movzwl 0x14(%rdi),%eax
  efcdbd:	49 39 c4             	cmp    %rax,%r12
  efcdc0:	73 2d                	jae    efcdef <_ZN4core3fmt9Formatter3pad17h404afbaf9d8dfecbE+0x11f>
  efcdc2:	48 89 45 c0          	mov    %rax,-0x40(%rbp)
  efcdc6:	89 c2                	mov    %eax,%edx
  efcdc8:	44 29 e2             	sub    %r12d,%edx
  efcdcb:	44 89 f8             	mov    %r15d,%eax
  efcdce:	c1 e8 1d             	shr    $0x1d,%eax
  efcdd1:	83 e0 03             	and    $0x3,%eax
  efcdd4:	48 8d 0d 25 2b ff ff 	lea    -0xd4db(%rip),%rcx        # eef900 <_ZN63_$LT$common_std..error..RcError$u20$as$u20$core..fmt..Debug$GT$3fmt17h5af9ecfea329b2e5E-0x1340>
  efcddb:	48 63 04 81          	movslq (%rcx,%rax,4),%rax
  efcddf:	48 01 c8             	add    %rcx,%rax
  efcde2:	4c 89 6d b0          	mov    %r13,-0x50(%rbp)
  efcde6:	89 55 cc             	mov    %edx,-0x34(%rbp)
  efcde9:	ff e0                	jmp    *%rax
  efcdeb:	31 c0                	xor    %eax,%eax
  efcded:	eb 2d                	jmp    efce1c <_ZN4core3fmt9Formatter3pad17h404afbaf9d8dfecbE+0x14c>
  efcdef:	48 8b 07             	mov    (%rdi),%rax
  efcdf2:	48 8b 4f 08          	mov    0x8(%rdi),%rcx
  efcdf6:	48 8b 49 18          	mov    0x18(%rcx),%rcx
  efcdfa:	48 89 c7             	mov    %rax,%rdi
  efcdfd:	4c 89 f6             	mov    %r14,%rsi
  efce00:	4c 89 ea             	mov    %r13,%rdx
  efce03:	48 83 c4 28          	add    $0x28,%rsp
  efce07:	5b                   	pop    %rbx
  efce08:	41 5c                	pop    %r12
  efce0a:	41 5d                	pop    %r13
  efce0c:	41 5e                	pop    %r14
  efce0e:	41 5f                	pop    %r15
  efce10:	5d                   	pop    %rbp
  efce11:	ff e1                	jmp    *%rcx
  efce13:	89 d0                	mov    %edx,%eax
  efce15:	eb 05                	jmp    efce1c <_ZN4core3fmt9Formatter3pad17h404afbaf9d8dfecbE+0x14c>
  efce17:	0f b7 c2             	movzwl %dx,%eax
  efce1a:	d1 e8                	shr    $1,%eax
  efce1c:	41 81 e7 ff ff 1f 00 	and    $0x1fffff,%r15d
  efce23:	4c 8b 2f             	mov    (%rdi),%r13
  efce26:	48 8b 4f 08          	mov    0x8(%rdi),%rcx
  efce2a:	48 89 4d d0          	mov    %rcx,-0x30(%rbp)
  efce2e:	48 89 45 b8          	mov    %rax,-0x48(%rbp)
  efce32:	8d 58 01             	lea    0x1(%rax),%ebx
  efce35:	66 66 2e 0f 1f 84 00 	data16 cs nopw 0x0(%rax,%rax,1)
  efce3c:	00 00 00 00 
  efce40:	4c 89 ef             	mov    %r13,%rdi
  efce43:	66 ff cb             	dec    %bx
  efce46:	74 15                	je     efce5d <_ZN4core3fmt9Formatter3pad17h404afbaf9d8dfecbE+0x18d>
  efce48:	44 89 fe             	mov    %r15d,%esi
  efce4b:	48 8b 45 d0          	mov    -0x30(%rbp),%rax
  efce4f:	ff 50 20             	call   *0x20(%rax)
  efce52:	84 c0                	test   %al,%al
  efce54:	74 ea                	je     efce40 <_ZN4core3fmt9Formatter3pad17h404afbaf9d8dfecbE+0x170>
  efce56:	b0 01                	mov    $0x1,%al
  efce58:	e9 f7 00 00 00       	jmp    efcf54 <_ZN4core3fmt9Formatter3pad17h404afbaf9d8dfecbE+0x284>
  efce5d:	4c 89 f6             	mov    %r14,%rsi
  efce60:	48 8b 55 b0          	mov    -0x50(%rbp),%rdx
  efce64:	48 8b 45 d0          	mov    -0x30(%rbp),%rax
  efce68:	ff 50 18             	call   *0x18(%rax)
  efce6b:	89 c1                	mov    %eax,%ecx
  efce6d:	b0 01                	mov    $0x1,%al
  efce6f:	84 c9                	test   %cl,%cl
  efce71:	0f 85 dd 00 00 00    	jne    efcf54 <_ZN4core3fmt9Formatter3pad17h404afbaf9d8dfecbE+0x284>
  efce77:	8b 5d cc             	mov    -0x34(%rbp),%ebx
  efce7a:	48 8b 45 b8          	mov    -0x48(%rbp),%rax
  efce7e:	29 c3                	sub    %eax,%ebx
  efce80:	44 01 e0             	add    %r12d,%eax
  efce83:	49 89 c4             	mov    %rax,%r12
  efce86:	44 2b 65 c0          	sub    -0x40(%rbp),%r12d
  efce8a:	66 41 be ff ff       	mov    $0xffff,%r14w
  efce8f:	90                   	nop
  efce90:	43 8d 04 34          	lea    (%r12,%r14,1),%eax
  efce94:	66 83 f8 ff          	cmp    $0xffff,%ax
  efce98:	0f 84 ac 00 00 00    	je     efcf4a <_ZN4core3fmt9Formatter3pad17h404afbaf9d8dfecbE+0x27a>
  efce9e:	4c 89 ef             	mov    %r13,%rdi
  efcea1:	44 89 fe             	mov    %r15d,%esi
  efcea4:	48 8b 45 d0          	mov    -0x30(%rbp),%rax
  efcea8:	ff 50 20             	call   *0x20(%rax)
  efceab:	41 ff c6             	inc    %r14d
  efceae:	84 c0                	test   %al,%al
  efceb0:	74 de                	je     efce90 <_ZN4core3fmt9Formatter3pad17h404afbaf9d8dfecbE+0x1c0>
  efceb2:	e9 96 00 00 00       	jmp    efcf4d <_ZN4core3fmt9Formatter3pad17h404afbaf9d8dfecbE+0x27d>
  efceb7:	45 31 ed             	xor    %r13d,%r13d
  efceba:	45 31 e4             	xor    %r12d,%r12d
  efcebd:	e9 f7 fe ff ff       	jmp    efcdb9 <_ZN4core3fmt9Formatter3pad17h404afbaf9d8dfecbE+0xe9>
  efcec2:	44 89 ea             	mov    %r13d,%edx
  efcec5:	83 e2 1c             	and    $0x1c,%edx
  efcec8:	45 31 e4             	xor    %r12d,%r12d
  efcecb:	31 c9                	xor    %ecx,%ecx
  efcecd:	0f 1f 00             	nopl   (%rax)
  efced0:	31 f6                	xor    %esi,%esi
  efced2:	41 80 3c 0e c0       	cmpb   $0xc0,(%r14,%rcx,1)
  efced7:	40 0f 9d c6          	setge  %sil
  efcedb:	4c 01 e6             	add    %r12,%rsi
  efcede:	45 31 c0             	xor    %r8d,%r8d
  efcee1:	41 80 7c 0e 01 c0    	cmpb   $0xc0,0x1(%r14,%rcx,1)
  efcee7:	41 0f 9d c0          	setge  %r8b
  efceeb:	45 31 c9             	xor    %r9d,%r9d
  efceee:	41 80 7c 0e 02 c0    	cmpb   $0xc0,0x2(%r14,%rcx,1)
  efcef4:	41 0f 9d c1          	setge  %r9b
  efcef8:	4d 01 c1             	add    %r8,%r9
  efcefb:	49 01 f1             	add    %rsi,%r9
  efcefe:	45 31 e4             	xor    %r12d,%r12d
  efcf01:	41 80 7c 0e 03 c0    	cmpb   $0xc0,0x3(%r14,%rcx,1)
  efcf07:	41 0f 9d c4          	setge  %r12b
  efcf0b:	4d 01 cc             	add    %r9,%r12
  efcf0e:	48 83 c1 04          	add    $0x4,%rcx
  efcf12:	48 39 ca             	cmp    %rcx,%rdx
  efcf15:	75 b9                	jne    efced0 <_ZN4core3fmt9Formatter3pad17h404afbaf9d8dfecbE+0x200>
  efcf17:	48 85 c0             	test   %rax,%rax
  efcf1a:	0f 84 99 fe ff ff    	je     efcdb9 <_ZN4core3fmt9Formatter3pad17h404afbaf9d8dfecbE+0xe9>
  efcf20:	4c 01 f1             	add    %r14,%rcx
  efcf23:	31 d2                	xor    %edx,%edx
  efcf25:	66 66 2e 0f 1f 84 00 	data16 cs nopw 0x0(%rax,%rax,1)
  efcf2c:	00 00 00 00 
  efcf30:	31 f6                	xor    %esi,%esi
  efcf32:	80 3c 11 c0          	cmpb   $0xc0,(%rcx,%rdx,1)
  efcf36:	40 0f 9d c6          	setge  %sil
  efcf3a:	49 01 f4             	add    %rsi,%r12
  efcf3d:	48 ff c2             	inc    %rdx
  efcf40:	48 39 d0             	cmp    %rdx,%rax
  efcf43:	75 eb                	jne    efcf30 <_ZN4core3fmt9Formatter3pad17h404afbaf9d8dfecbE+0x260>
  efcf45:	e9 6f fe ff ff       	jmp    efcdb9 <_ZN4core3fmt9Formatter3pad17h404afbaf9d8dfecbE+0xe9>
  efcf4a:	41 89 de             	mov    %ebx,%r14d
  efcf4d:	66 41 39 de          	cmp    %bx,%r14w
  efcf51:	0f 92 c0             	setb   %al
  efcf54:	48 83 c4 28          	add    $0x28,%rsp
  efcf58:	5b                   	pop    %rbx
  efcf59:	41 5c                	pop    %r12
  efcf5b:	41 5d                	pop    %r13
  efcf5d:	41 5e                	pop    %r14
  efcf5f:	41 5f                	pop    %r15
  efcf61:	5d                   	pop    %rbp
  efcf62:	c3                   	ret
  efcf63:	cc                   	int3
  efcf64:	cc                   	int3
  efcf65:	cc                   	int3
  efcf66:	cc                   	int3
  efcf67:	cc                   	int3
  efcf68:	cc                   	int3
  efcf69:	cc                   	int3
  efcf6a:	cc                   	int3
  efcf6b:	cc                   	int3
  efcf6c:	cc                   	int3
  efcf6d:	cc                   	int3
  efcf6e:	cc                   	int3
  efcf6f:	cc                   	int3

0000000000efcf70 <_ZN4core3fmt9Formatter9write_str17hf965cee11a947509E>:
  efcf70:	55                   	push   %rbp
  efcf71:	48 89 e5             	mov    %rsp,%rbp
  efcf74:	48 8b 07             	mov    (%rdi),%rax
  efcf77:	48 8b 4f 08          	mov    0x8(%rdi),%rcx
  efcf7b:	48 8b 49 18          	mov    0x18(%rcx),%rcx
  efcf7f:	48 89 c7             	mov    %rax,%rdi
  efcf82:	5d                   	pop    %rbp
  efcf83:	ff e1                	jmp    *%rcx
  efcf85:	cc                   	int3
  efcf86:	cc                   	int3
  efcf87:	cc                   	int3
  efcf88:	cc                   	int3
  efcf89:	cc                   	int3
  efcf8a:	cc                   	int3
  efcf8b:	cc                   	int3
  efcf8c:	cc                   	int3
  efcf8d:	cc                   	int3
  efcf8e:	cc                   	int3
  efcf8f:	cc                   	int3

0000000000efcf90 <_ZN4core3fmt9Formatter12debug_struct17hf56ef2c0cb1087a9E>:
  efcf90:	55                   	push   %rbp
  efcf91:	48 89 e5             	mov    %rsp,%rbp
  efcf94:	41 56                	push   %r14
  efcf96:	53                   	push   %rbx
  efcf97:	48 89 f3             	mov    %rsi,%rbx
  efcf9a:	49 89 fe             	mov    %rdi,%r14
  efcf9d:	48 8b 3e             	mov    (%rsi),%rdi
  efcfa0:	48 8b 46 08          	mov    0x8(%rsi),%rax
  efcfa4:	48 89 d6             	mov    %rdx,%rsi
  efcfa7:	48 89 ca             	mov    %rcx,%rdx
  efcfaa:	ff 50 18             	call   *0x18(%rax)
  efcfad:	49 89 1e             	mov    %rbx,(%r14)
  efcfb0:	41 88 46 08          	mov    %al,0x8(%r14)
  efcfb4:	41 c6 46 09 00       	movb   $0x0,0x9(%r14)
  efcfb9:	4c 89 f0             	mov    %r14,%rax
  efcfbc:	5b                   	pop    %rbx
  efcfbd:	41 5e                	pop    %r14
  efcfbf:	5d                   	pop    %rbp
  efcfc0:	c3                   	ret
  efcfc1:	cc                   	int3
  efcfc2:	cc                   	int3
  efcfc3:	cc                   	int3
  efcfc4:	cc                   	int3
  efcfc5:	cc                   	int3
  efcfc6:	cc                   	int3
  efcfc7:	cc                   	int3
  efcfc8:	cc                   	int3
  efcfc9:	cc                   	int3
  efcfca:	cc                   	int3
  efcfcb:	cc                   	int3
  efcfcc:	cc                   	int3
  efcfcd:	cc                   	int3
  efcfce:	cc                   	int3
  efcfcf:	cc                   	int3

0000000000efcfd0 <_ZN4core3fmt9Formatter26debug_struct_field2_finish17h9c4cd22640c56f49E>:
  efcfd0:	55                   	push   %rbp
  efcfd1:	48 89 e5             	mov    %rsp,%rbp
  efcfd4:	41 57                	push   %r15
  efcfd6:	41 56                	push   %r14
  efcfd8:	41 55                	push   %r13
  efcfda:	41 54                	push   %r12
  efcfdc:	53                   	push   %rbx
  efcfdd:	48 83 ec 18          	sub    $0x18,%rsp
  efcfe1:	4c 89 cb             	mov    %r9,%rbx
  efcfe4:	4d 89 c6             	mov    %r8,%r14
  efcfe7:	49 89 cf             	mov    %rcx,%r15
  efcfea:	49 89 fc             	mov    %rdi,%r12
  efcfed:	48 8b 3f             	mov    (%rdi),%rdi
  efcff0:	49 8b 44 24 08       	mov    0x8(%r12),%rax
  efcff5:	ff 50 18             	call   *0x18(%rax)
  efcff8:	4c 89 65 c8          	mov    %r12,-0x38(%rbp)
  efcffc:	88 45 d0             	mov    %al,-0x30(%rbp)
  efcfff:	c6 45 d1 00          	movb   $0x0,-0x2f(%rbp)
  efd003:	4c 8b 2d 3e 1f 00 00 	mov    0x1f3e(%rip),%r13        # efef48 <memcpy+0x12c8>
  efd00a:	4c 8d 65 c8          	lea    -0x38(%rbp),%r12
  efd00e:	4c 89 e7             	mov    %r12,%rdi
  efd011:	4c 89 fe             	mov    %r15,%rsi
  efd014:	4c 89 f2             	mov    %r14,%rdx
  efd017:	48 89 d9             	mov    %rbx,%rcx
  efd01a:	4c 8b 45 10          	mov    0x10(%rbp),%r8
  efd01e:	41 ff d5             	call   *%r13
  efd021:	4c 89 e7             	mov    %r12,%rdi
  efd024:	48 8b 75 18          	mov    0x18(%rbp),%rsi
  efd028:	48 8b 55 20          	mov    0x20(%rbp),%rdx
  efd02c:	48 8b 4d 28          	mov    0x28(%rbp),%rcx
  efd030:	4c 8b 45 30          	mov    0x30(%rbp),%r8
  efd034:	41 ff d5             	call   *%r13
  efd037:	0f b6 4d d0          	movzbl -0x30(%rbp),%ecx
  efd03b:	0f b6 45 d1          	movzbl -0x2f(%rbp),%eax
  efd03f:	89 c2                	mov    %eax,%edx
  efd041:	f6 d2                	not    %dl
  efd043:	08 ca                	or     %cl,%dl
  efd045:	f6 c2 01             	test   $0x1,%dl
  efd048:	74 04                	je     efd04e <_ZN4core3fmt9Formatter26debug_struct_field2_finish17h9c4cd22640c56f49E+0x7e>
  efd04a:	08 c8                	or     %cl,%al
  efd04c:	eb 35                	jmp    efd083 <_ZN4core3fmt9Formatter26debug_struct_field2_finish17h9c4cd22640c56f49E+0xb3>
  efd04e:	48 8b 45 c8          	mov    -0x38(%rbp),%rax
  efd052:	f6 40 12 80          	testb  $0x80,0x12(%rax)
  efd056:	75 15                	jne    efd06d <_ZN4core3fmt9Formatter26debug_struct_field2_finish17h9c4cd22640c56f49E+0x9d>
  efd058:	48 8b 38             	mov    (%rax),%rdi
  efd05b:	48 8b 40 08          	mov    0x8(%rax),%rax
  efd05f:	48 8d 35 a8 2a ff ff 	lea    -0xd558(%rip),%rsi        # eefb0e <_ZN63_$LT$common_std..error..RcError$u20$as$u20$core..fmt..Debug$GT$3fmt17h5af9ecfea329b2e5E-0x1132>
  efd066:	ba 02 00 00 00       	mov    $0x2,%edx
  efd06b:	eb 13                	jmp    efd080 <_ZN4core3fmt9Formatter26debug_struct_field2_finish17h9c4cd22640c56f49E+0xb0>
  efd06d:	48 8b 38             	mov    (%rax),%rdi
  efd070:	48 8b 40 08          	mov    0x8(%rax),%rax
  efd074:	48 8d 35 92 2a ff ff 	lea    -0xd56e(%rip),%rsi        # eefb0d <_ZN63_$LT$common_std..error..RcError$u20$as$u20$core..fmt..Debug$GT$3fmt17h5af9ecfea329b2e5E-0x1133>
  efd07b:	ba 01 00 00 00       	mov    $0x1,%edx
  efd080:	ff 50 18             	call   *0x18(%rax)
  efd083:	24 01                	and    $0x1,%al
  efd085:	48 83 c4 18          	add    $0x18,%rsp
  efd089:	5b                   	pop    %rbx
  efd08a:	41 5c                	pop    %r12
  efd08c:	41 5d                	pop    %r13
  efd08e:	41 5e                	pop    %r14
  efd090:	41 5f                	pop    %r15
  efd092:	5d                   	pop    %rbp
  efd093:	c3                   	ret
  efd094:	cc                   	int3
  efd095:	cc                   	int3
  efd096:	cc                   	int3
  efd097:	cc                   	int3
  efd098:	cc                   	int3
  efd099:	cc                   	int3
  efd09a:	cc                   	int3
  efd09b:	cc                   	int3
  efd09c:	cc                   	int3
  efd09d:	cc                   	int3
  efd09e:	cc                   	int3
  efd09f:	cc                   	int3

0000000000efd0a0 <_ZN4core3fmt17pointer_fmt_inner17hcdf85cdc78cc0298E>:
  efd0a0:	55                   	push   %rbp
  efd0a1:	48 89 e5             	mov    %rsp,%rbp
  efd0a4:	41 56                	push   %r14
  efd0a6:	53                   	push   %rbx
  efd0a7:	48 81 ec 80 00 00 00 	sub    $0x80,%rsp
  efd0ae:	48 89 f3             	mov    %rsi,%rbx
  efd0b1:	4c 8b 76 10          	mov    0x10(%rsi),%r14
  efd0b5:	44 89 f0             	mov    %r14d,%eax
  efd0b8:	41 f7 c6 00 00 80 00 	test   $0x800000,%r14d
  efd0bf:	74 1b                	je     efd0dc <_ZN4core3fmt17pointer_fmt_inner17hcdf85cdc78cc0298E+0x3c>
  efd0c1:	41 f7 c6 00 00 00 08 	test   $0x8000000,%r14d
  efd0c8:	75 0d                	jne    efd0d7 <_ZN4core3fmt17pointer_fmt_inner17hcdf85cdc78cc0298E+0x37>
  efd0ca:	0d 00 00 00 09       	or     $0x9000000,%eax
  efd0cf:	66 c7 43 14 12 00    	movw   $0x12,0x14(%rbx)
  efd0d5:	eb 05                	jmp    efd0dc <_ZN4core3fmt17pointer_fmt_inner17hcdf85cdc78cc0298E+0x3c>
  efd0d7:	0d 00 00 00 01       	or     $0x1000000,%eax
  efd0dc:	0d 00 00 80 00       	or     $0x800000,%eax
  efd0e1:	89 43 10             	mov    %eax,0x10(%rbx)
  efd0e4:	45 31 c9             	xor    %r9d,%r9d
  efd0e7:	48 89 f8             	mov    %rdi,%rax
  efd0ea:	66 0f 1f 44 00 00    	nopw   0x0(%rax,%rax,1)
  efd0f0:	48 c1 e8 04          	shr    $0x4,%rax
  efd0f4:	89 f9                	mov    %edi,%ecx
  efd0f6:	80 e1 0f             	and    $0xf,%cl
  efd0f9:	8d 51 30             	lea    0x30(%rcx),%edx
  efd0fc:	8d 71 57             	lea    0x57(%rcx),%esi
  efd0ff:	80 f9 0a             	cmp    $0xa,%cl
  efd102:	0f b6 ca             	movzbl %dl,%ecx
  efd105:	40 0f b6 d6          	movzbl %sil,%edx
  efd109:	0f 42 d1             	cmovb  %ecx,%edx
  efd10c:	42 88 54 0d ef       	mov    %dl,-0x11(%rbp,%r9,1)
  efd111:	49 ff c9             	dec    %r9
  efd114:	48 83 ff 0f          	cmp    $0xf,%rdi
  efd118:	48 89 c7             	mov    %rax,%rdi
  efd11b:	77 d3                	ja     efd0f0 <_ZN4core3fmt17pointer_fmt_inner17hcdf85cdc78cc0298E+0x50>
  efd11d:	4d 8d 04 29          	lea    (%r9,%rbp,1),%r8
  efd121:	49 83 c0 f0          	add    $0xfffffffffffffff0,%r8
  efd125:	49 f7 d9             	neg    %r9
  efd128:	48 8d 15 e1 29 ff ff 	lea    -0xd61f(%rip),%rdx        # eefb10 <_ZN63_$LT$common_std..error..RcError$u20$as$u20$core..fmt..Debug$GT$3fmt17h5af9ecfea329b2e5E-0x1130>
  efd12f:	b9 02 00 00 00       	mov    $0x2,%ecx
  efd134:	48 89 df             	mov    %rbx,%rdi
  efd137:	be 01 00 00 00       	mov    $0x1,%esi
  efd13c:	ff 15 16 1e 00 00    	call   *0x1e16(%rip)        # efef58 <memcpy+0x12d8>
  efd142:	4c 89 73 10          	mov    %r14,0x10(%rbx)
  efd146:	48 81 c4 80 00 00 00 	add    $0x80,%rsp
  efd14d:	5b                   	pop    %rbx
  efd14e:	41 5e                	pop    %r14
  efd150:	5d                   	pop    %rbp
  efd151:	c3                   	ret
  efd152:	cc                   	int3
  efd153:	cc                   	int3
  efd154:	cc                   	int3
  efd155:	cc                   	int3
  efd156:	cc                   	int3
  efd157:	cc                   	int3
  efd158:	cc                   	int3
  efd159:	cc                   	int3
  efd15a:	cc                   	int3
  efd15b:	cc                   	int3
  efd15c:	cc                   	int3
  efd15d:	cc                   	int3
  efd15e:	cc                   	int3
  efd15f:	cc                   	int3

0000000000efd160 <_ZN4core3str5count14do_count_chars17h8dfc53d2b43744e6E>:
  efd160:	4c 8d 4f 07          	lea    0x7(%rdi),%r9
  efd164:	49 83 e1 f8          	and    $0xfffffffffffffff8,%r9
  efd168:	4c 89 c8             	mov    %r9,%rax
  efd16b:	48 29 f8             	sub    %rdi,%rax
  efd16e:	48 89 f1             	mov    %rsi,%rcx
  efd171:	48 29 c1             	sub    %rax,%rcx
  efd174:	73 19                	jae    efd18f <_ZN4core3str5count14do_count_chars17h8dfc53d2b43744e6E+0x2f>
  efd176:	48 85 f6             	test   %rsi,%rsi
  efd179:	74 59                	je     efd1d4 <_ZN4core3str5count14do_count_chars17h8dfc53d2b43744e6E+0x74>
  efd17b:	89 f1                	mov    %esi,%ecx
  efd17d:	83 e1 03             	and    $0x3,%ecx
  efd180:	48 83 fe 04          	cmp    $0x4,%rsi
  efd184:	73 51                	jae    efd1d7 <_ZN4core3str5count14do_count_chars17h8dfc53d2b43744e6E+0x77>
  efd186:	31 c0                	xor    %eax,%eax
  efd188:	31 d2                	xor    %edx,%edx
  efd18a:	e9 91 00 00 00       	jmp    efd220 <_ZN4core3str5count14do_count_chars17h8dfc53d2b43744e6E+0xc0>
  efd18f:	48 83 f9 08          	cmp    $0x8,%rcx
  efd193:	72 e1                	jb     efd176 <_ZN4core3str5count14do_count_chars17h8dfc53d2b43744e6E+0x16>
  efd195:	55                   	push   %rbp
  efd196:	48 89 e5             	mov    %rsp,%rbp
  efd199:	41 57                	push   %r15
  efd19b:	41 56                	push   %r14
  efd19d:	41 55                	push   %r13
  efd19f:	41 54                	push   %r12
  efd1a1:	53                   	push   %rbx
  efd1a2:	89 ca                	mov    %ecx,%edx
  efd1a4:	83 e2 07             	and    $0x7,%edx
  efd1a7:	49 39 f9             	cmp    %rdi,%r9
  efd1aa:	75 07                	jne    efd1b3 <_ZN4core3str5count14do_count_chars17h8dfc53d2b43744e6E+0x53>
  efd1ac:	31 f6                	xor    %esi,%esi
  efd1ae:	e9 14 01 00 00       	jmp    efd2c7 <_ZN4core3str5count14do_count_chars17h8dfc53d2b43744e6E+0x167>
  efd1b3:	41 89 c0             	mov    %eax,%r8d
  efd1b6:	41 83 e0 03          	and    $0x3,%r8d
  efd1ba:	48 89 fe             	mov    %rdi,%rsi
  efd1bd:	4c 29 ce             	sub    %r9,%rsi
  efd1c0:	48 83 fe fc          	cmp    $0xfffffffffffffffc,%rsi
  efd1c4:	0f 86 7c 00 00 00    	jbe    efd246 <_ZN4core3str5count14do_count_chars17h8dfc53d2b43744e6E+0xe6>
  efd1ca:	31 f6                	xor    %esi,%esi
  efd1cc:	45 31 c9             	xor    %r9d,%r9d
  efd1cf:	e9 d0 00 00 00       	jmp    efd2a4 <_ZN4core3str5count14do_count_chars17h8dfc53d2b43744e6E+0x144>
  efd1d4:	31 c0                	xor    %eax,%eax
  efd1d6:	c3                   	ret
  efd1d7:	48 83 e6 fc          	and    $0xfffffffffffffffc,%rsi
  efd1db:	31 c0                	xor    %eax,%eax
  efd1dd:	31 d2                	xor    %edx,%edx
  efd1df:	90                   	nop
  efd1e0:	45 31 c0             	xor    %r8d,%r8d
  efd1e3:	80 3c 17 c0          	cmpb   $0xc0,(%rdi,%rdx,1)
  efd1e7:	41 0f 9d c0          	setge  %r8b
  efd1eb:	49 01 c0             	add    %rax,%r8
  efd1ee:	31 c0                	xor    %eax,%eax
  efd1f0:	80 7c 17 01 c0       	cmpb   $0xc0,0x1(%rdi,%rdx,1)
  efd1f5:	0f 9d c0             	setge  %al
  efd1f8:	45 31 c9             	xor    %r9d,%r9d
  efd1fb:	80 7c 17 02 c0       	cmpb   $0xc0,0x2(%rdi,%rdx,1)
  efd200:	41 0f 9d c1          	setge  %r9b
  efd204:	49 01 c1             	add    %rax,%r9
  efd207:	4d 01 c1             	add    %r8,%r9
  efd20a:	31 c0                	xor    %eax,%eax
  efd20c:	80 7c 17 03 c0       	cmpb   $0xc0,0x3(%rdi,%rdx,1)
  efd211:	0f 9d c0             	setge  %al
  efd214:	4c 01 c8             	add    %r9,%rax
  efd217:	48 83 c2 04          	add    $0x4,%rdx
  efd21b:	48 39 d6             	cmp    %rdx,%rsi
  efd21e:	75 c0                	jne    efd1e0 <_ZN4core3str5count14do_count_chars17h8dfc53d2b43744e6E+0x80>
  efd220:	48 85 c9             	test   %rcx,%rcx
  efd223:	74 20                	je     efd245 <_ZN4core3str5count14do_count_chars17h8dfc53d2b43744e6E+0xe5>
  efd225:	48 01 d7             	add    %rdx,%rdi
  efd228:	31 d2                	xor    %edx,%edx
  efd22a:	66 0f 1f 44 00 00    	nopw   0x0(%rax,%rax,1)
  efd230:	31 f6                	xor    %esi,%esi
  efd232:	80 3c 17 c0          	cmpb   $0xc0,(%rdi,%rdx,1)
  efd236:	40 0f 9d c6          	setge  %sil
  efd23a:	48 01 f0             	add    %rsi,%rax
  efd23d:	48 ff c2             	inc    %rdx
  efd240:	48 39 d1             	cmp    %rdx,%rcx
  efd243:	75 eb                	jne    efd230 <_ZN4core3str5count14do_count_chars17h8dfc53d2b43744e6E+0xd0>
  efd245:	c3                   	ret
  efd246:	41 89 c2             	mov    %eax,%r10d
  efd249:	41 83 e2 04          	and    $0x4,%r10d
  efd24d:	31 f6                	xor    %esi,%esi
  efd24f:	45 31 c9             	xor    %r9d,%r9d
  efd252:	66 66 66 66 66 2e 0f 	data16 data16 data16 data16 cs nopw 0x0(%rax,%rax,1)
  efd259:	1f 84 00 00 00 00 00 
  efd260:	45 31 db             	xor    %r11d,%r11d
  efd263:	42 80 3c 0f c0       	cmpb   $0xc0,(%rdi,%r9,1)
  efd268:	41 0f 9d c3          	setge  %r11b
  efd26c:	49 01 f3             	add    %rsi,%r11
  efd26f:	31 f6                	xor    %esi,%esi
  efd271:	42 80 7c 0f 01 c0    	cmpb   $0xc0,0x1(%rdi,%r9,1)
  efd277:	40 0f 9d c6          	setge  %sil
  efd27b:	31 db                	xor    %ebx,%ebx
  efd27d:	42 80 7c 0f 02 c0    	cmpb   $0xc0,0x2(%rdi,%r9,1)
  efd283:	0f 9d c3             	setge  %bl
  efd286:	48 01 f3             	add    %rsi,%rbx
  efd289:	4c 01 db             	add    %r11,%rbx
  efd28c:	31 f6                	xor    %esi,%esi
  efd28e:	42 80 7c 0f 03 c0    	cmpb   $0xc0,0x3(%rdi,%r9,1)
  efd294:	40 0f 9d c6          	setge  %sil
  efd298:	48 01 de             	add    %rbx,%rsi
  efd29b:	49 83 c1 04          	add    $0x4,%r9
  efd29f:	4d 39 ca             	cmp    %r9,%r10
  efd2a2:	75 bc                	jne    efd260 <_ZN4core3str5count14do_count_chars17h8dfc53d2b43744e6E+0x100>
  efd2a4:	4d 85 c0             	test   %r8,%r8
  efd2a7:	74 1e                	je     efd2c7 <_ZN4core3str5count14do_count_chars17h8dfc53d2b43744e6E+0x167>
  efd2a9:	49 01 f9             	add    %rdi,%r9
  efd2ac:	45 31 d2             	xor    %r10d,%r10d
  efd2af:	90                   	nop
  efd2b0:	45 31 db             	xor    %r11d,%r11d
  efd2b3:	43 80 3c 11 c0       	cmpb   $0xc0,(%r9,%r10,1)
  efd2b8:	41 0f 9d c3          	setge  %r11b
  efd2bc:	4c 01 de             	add    %r11,%rsi
  efd2bf:	49 ff c2             	inc    %r10
  efd2c2:	4d 39 d0             	cmp    %r10,%r8
  efd2c5:	75 e9                	jne    efd2b0 <_ZN4core3str5count14do_count_chars17h8dfc53d2b43744e6E+0x150>
  efd2c7:	48 01 c7             	add    %rax,%rdi
  efd2ca:	48 85 d2             	test   %rdx,%rdx
  efd2cd:	0f 84 8f 00 00 00    	je     efd362 <_ZN4core3str5count14do_count_chars17h8dfc53d2b43744e6E+0x202>
  efd2d3:	49 89 c8             	mov    %rcx,%r8
  efd2d6:	49 83 e0 f8          	and    $0xfffffffffffffff8,%r8
  efd2da:	31 c0                	xor    %eax,%eax
  efd2dc:	42 80 3c 07 c0       	cmpb   $0xc0,(%rdi,%r8,1)
  efd2e1:	0f 9d c0             	setge  %al
  efd2e4:	83 fa 01             	cmp    $0x1,%edx
  efd2e7:	74 7b                	je     efd364 <_ZN4core3str5count14do_count_chars17h8dfc53d2b43744e6E+0x204>
  efd2e9:	45 31 c9             	xor    %r9d,%r9d
  efd2ec:	42 80 7c 07 01 c0    	cmpb   $0xc0,0x1(%rdi,%r8,1)
  efd2f2:	41 0f 9d c1          	setge  %r9b
  efd2f6:	4c 01 c8             	add    %r9,%rax
  efd2f9:	83 fa 02             	cmp    $0x2,%edx
  efd2fc:	74 66                	je     efd364 <_ZN4core3str5count14do_count_chars17h8dfc53d2b43744e6E+0x204>
  efd2fe:	45 31 c9             	xor    %r9d,%r9d
  efd301:	42 80 7c 07 02 c0    	cmpb   $0xc0,0x2(%rdi,%r8,1)
  efd307:	41 0f 9d c1          	setge  %r9b
  efd30b:	4c 01 c8             	add    %r9,%rax
  efd30e:	83 fa 03             	cmp    $0x3,%edx
  efd311:	74 51                	je     efd364 <_ZN4core3str5count14do_count_chars17h8dfc53d2b43744e6E+0x204>
  efd313:	45 31 c9             	xor    %r9d,%r9d
  efd316:	42 80 7c 07 03 c0    	cmpb   $0xc0,0x3(%rdi,%r8,1)
  efd31c:	41 0f 9d c1          	setge  %r9b
  efd320:	4c 01 c8             	add    %r9,%rax
  efd323:	83 fa 04             	cmp    $0x4,%edx
  efd326:	74 3c                	je     efd364 <_ZN4core3str5count14do_count_chars17h8dfc53d2b43744e6E+0x204>
  efd328:	45 31 c9             	xor    %r9d,%r9d
  efd32b:	42 80 7c 07 04 c0    	cmpb   $0xc0,0x4(%rdi,%r8,1)
  efd331:	41 0f 9d c1          	setge  %r9b
  efd335:	4c 01 c8             	add    %r9,%rax
  efd338:	83 fa 05             	cmp    $0x5,%edx
  efd33b:	74 27                	je     efd364 <_ZN4core3str5count14do_count_chars17h8dfc53d2b43744e6E+0x204>
  efd33d:	45 31 c9             	xor    %r9d,%r9d
  efd340:	42 80 7c 07 05 c0    	cmpb   $0xc0,0x5(%rdi,%r8,1)
  efd346:	41 0f 9d c1          	setge  %r9b
  efd34a:	4c 01 c8             	add    %r9,%rax
  efd34d:	83 fa 06             	cmp    $0x6,%edx
  efd350:	74 12                	je     efd364 <_ZN4core3str5count14do_count_chars17h8dfc53d2b43744e6E+0x204>
  efd352:	31 d2                	xor    %edx,%edx
  efd354:	42 80 7c 07 06 c0    	cmpb   $0xc0,0x6(%rdi,%r8,1)
  efd35a:	0f 9d c2             	setge  %dl
  efd35d:	48 01 d0             	add    %rdx,%rax
  efd360:	eb 02                	jmp    efd364 <_ZN4core3str5count14do_count_chars17h8dfc53d2b43744e6E+0x204>
  efd362:	31 c0                	xor    %eax,%eax
  efd364:	48 01 f0             	add    %rsi,%rax
  efd367:	48 c1 e9 03          	shr    $0x3,%rcx
  efd36b:	49 b8 01 01 01 01 01 	movabs $0x101010101010101,%r8
  efd372:	01 01 01 
  efd375:	48 be ff 00 ff 00 ff 	movabs $0xff00ff00ff00ff,%rsi
  efd37c:	00 ff 00 
  efd37f:	48 ba 01 00 01 00 01 	movabs $0x1000100010001,%rdx
  efd386:	00 01 00 
  efd389:	eb 38                	jmp    efd3c3 <_ZN4core3str5count14do_count_chars17h8dfc53d2b43744e6E+0x263>
  efd38b:	0f 1f 44 00 00       	nopl   0x0(%rax,%rax,1)
  efd390:	31 db                	xor    %ebx,%ebx
  efd392:	4c 01 cf             	add    %r9,%rdi
  efd395:	4c 29 d1             	sub    %r10,%rcx
  efd398:	45 89 d3             	mov    %r10d,%r11d
  efd39b:	41 83 e3 03          	and    $0x3,%r11d
  efd39f:	49 89 de             	mov    %rbx,%r14
  efd3a2:	49 21 f6             	and    %rsi,%r14
  efd3a5:	48 c1 eb 08          	shr    $0x8,%rbx
  efd3a9:	48 21 f3             	and    %rsi,%rbx
  efd3ac:	4c 01 f3             	add    %r14,%rbx
  efd3af:	48 0f af da          	imul   %rdx,%rbx
  efd3b3:	48 c1 eb 30          	shr    $0x30,%rbx
  efd3b7:	48 01 d8             	add    %rbx,%rax
  efd3ba:	4d 85 db             	test   %r11,%r11
  efd3bd:	0f 85 b6 00 00 00    	jne    efd479 <_ZN4core3str5count14do_count_chars17h8dfc53d2b43744e6E+0x319>
  efd3c3:	48 85 c9             	test   %rcx,%rcx
  efd3c6:	0f 84 2e 01 00 00    	je     efd4fa <_ZN4core3str5count14do_count_chars17h8dfc53d2b43744e6E+0x39a>
  efd3cc:	49 89 f9             	mov    %rdi,%r9
  efd3cf:	48 81 f9 c0 00 00 00 	cmp    $0xc0,%rcx
  efd3d6:	41 ba c0 00 00 00    	mov    $0xc0,%r10d
  efd3dc:	4c 0f 42 d1          	cmovb  %rcx,%r10
  efd3e0:	42 8d 3c d5 00 00 00 	lea    0x0(,%r10,8),%edi
  efd3e7:	00 
  efd3e8:	48 83 f9 04          	cmp    $0x4,%rcx
  efd3ec:	72 a2                	jb     efd390 <_ZN4core3str5count14do_count_chars17h8dfc53d2b43744e6E+0x230>
  efd3ee:	41 89 fb             	mov    %edi,%r11d
  efd3f1:	41 81 e3 e0 07 00 00 	and    $0x7e0,%r11d
  efd3f8:	4d 01 cb             	add    %r9,%r11
  efd3fb:	31 db                	xor    %ebx,%ebx
  efd3fd:	4d 89 ce             	mov    %r9,%r14
  efd400:	4d 8b 3e             	mov    (%r14),%r15
  efd403:	4d 8b 66 08          	mov    0x8(%r14),%r12
  efd407:	4d 89 fd             	mov    %r15,%r13
  efd40a:	49 f7 d5             	not    %r13
  efd40d:	49 c1 ed 07          	shr    $0x7,%r13
  efd411:	49 c1 ef 06          	shr    $0x6,%r15
  efd415:	4d 09 ef             	or     %r13,%r15
  efd418:	4d 21 c7             	and    %r8,%r15
  efd41b:	49 01 df             	add    %rbx,%r15
  efd41e:	4c 89 e3             	mov    %r12,%rbx
  efd421:	48 f7 d3             	not    %rbx
  efd424:	48 c1 eb 07          	shr    $0x7,%rbx
  efd428:	49 c1 ec 06          	shr    $0x6,%r12
  efd42c:	49 09 dc             	or     %rbx,%r12
  efd42f:	4d 21 c4             	and    %r8,%r12
  efd432:	4d 8b 6e 10          	mov    0x10(%r14),%r13
  efd436:	4c 89 eb             	mov    %r13,%rbx
  efd439:	48 f7 d3             	not    %rbx
  efd43c:	48 c1 eb 07          	shr    $0x7,%rbx
  efd440:	49 c1 ed 06          	shr    $0x6,%r13
  efd444:	49 09 dd             	or     %rbx,%r13
  efd447:	4d 21 c5             	and    %r8,%r13
  efd44a:	4d 01 e5             	add    %r12,%r13
  efd44d:	4d 01 fd             	add    %r15,%r13
  efd450:	49 8b 5e 18          	mov    0x18(%r14),%rbx
  efd454:	49 89 df             	mov    %rbx,%r15
  efd457:	49 f7 d7             	not    %r15
  efd45a:	49 c1 ef 07          	shr    $0x7,%r15
  efd45e:	48 c1 eb 06          	shr    $0x6,%rbx
  efd462:	4c 09 fb             	or     %r15,%rbx
  efd465:	4c 21 c3             	and    %r8,%rbx
  efd468:	4c 01 eb             	add    %r13,%rbx
  efd46b:	49 83 c6 20          	add    $0x20,%r14
  efd46f:	4d 39 de             	cmp    %r11,%r14
  efd472:	75 8c                	jne    efd400 <_ZN4core3str5count14do_count_chars17h8dfc53d2b43744e6E+0x2a0>
  efd474:	e9 19 ff ff ff       	jmp    efd392 <_ZN4core3str5count14do_count_chars17h8dfc53d2b43744e6E+0x232>
  efd479:	41 81 e2 fc 00 00 00 	and    $0xfc,%r10d
  efd480:	44 89 d1             	mov    %r10d,%ecx
  efd483:	49 8b 0c c9          	mov    (%r9,%rcx,8),%rcx
  efd487:	48 89 cf             	mov    %rcx,%rdi
  efd48a:	48 f7 d7             	not    %rdi
  efd48d:	48 c1 ef 07          	shr    $0x7,%rdi
  efd491:	48 c1 e9 06          	shr    $0x6,%rcx
  efd495:	48 09 f9             	or     %rdi,%rcx
  efd498:	4c 21 c1             	and    %r8,%rcx
  efd49b:	41 83 fb 01          	cmp    $0x1,%r11d
  efd49f:	74 3e                	je     efd4df <_ZN4core3str5count14do_count_chars17h8dfc53d2b43744e6E+0x37f>
  efd4a1:	4b 8b 7c d1 08       	mov    0x8(%r9,%r10,8),%rdi
  efd4a6:	48 89 fb             	mov    %rdi,%rbx
  efd4a9:	48 f7 d3             	not    %rbx
  efd4ac:	48 c1 eb 07          	shr    $0x7,%rbx
  efd4b0:	48 c1 ef 06          	shr    $0x6,%rdi
  efd4b4:	48 09 df             	or     %rbx,%rdi
  efd4b7:	4c 21 c7             	and    %r8,%rdi
  efd4ba:	48 01 f9             	add    %rdi,%rcx
  efd4bd:	41 83 fb 02          	cmp    $0x2,%r11d
  efd4c1:	74 1c                	je     efd4df <_ZN4core3str5count14do_count_chars17h8dfc53d2b43744e6E+0x37f>
  efd4c3:	4b 8b 7c d1 10       	mov    0x10(%r9,%r10,8),%rdi
  efd4c8:	49 89 f9             	mov    %rdi,%r9
  efd4cb:	49 f7 d1             	not    %r9
  efd4ce:	49 c1 e9 07          	shr    $0x7,%r9
  efd4d2:	48 c1 ef 06          	shr    $0x6,%rdi
  efd4d6:	4c 09 cf             	or     %r9,%rdi
  efd4d9:	4c 21 c7             	and    %r8,%rdi
  efd4dc:	48 01 f9             	add    %rdi,%rcx
  efd4df:	48 89 cf             	mov    %rcx,%rdi
  efd4e2:	48 21 f7             	and    %rsi,%rdi
  efd4e5:	48 c1 e9 08          	shr    $0x8,%rcx
  efd4e9:	48 21 f1             	and    %rsi,%rcx
  efd4ec:	48 01 f9             	add    %rdi,%rcx
  efd4ef:	48 0f af ca          	imul   %rdx,%rcx
  efd4f3:	48 c1 e9 30          	shr    $0x30,%rcx
  efd4f7:	48 01 c8             	add    %rcx,%rax
  efd4fa:	5b                   	pop    %rbx
  efd4fb:	41 5c                	pop    %r12
  efd4fd:	41 5d                	pop    %r13
  efd4ff:	41 5e                	pop    %r14
  efd501:	41 5f                	pop    %r15
  efd503:	5d                   	pop    %rbp
  efd504:	c3                   	ret
  efd505:	cc                   	int3
  efd506:	cc                   	int3
  efd507:	cc                   	int3
  efd508:	cc                   	int3
  efd509:	cc                   	int3
  efd50a:	cc                   	int3
  efd50b:	cc                   	int3
  efd50c:	cc                   	int3
  efd50d:	cc                   	int3
  efd50e:	cc                   	int3
  efd50f:	cc                   	int3

0000000000efd510 <_ZN4core5alloc6layout6Layout19is_size_align_valid17ha11f759dd1b6f314E>:
  efd510:	55                   	push   %rbp
  efd511:	48 89 e5             	mov    %rsp,%rbp
  efd514:	48 8d 46 ff          	lea    -0x1(%rsi),%rax
  efd518:	48 89 f1             	mov    %rsi,%rcx
  efd51b:	48 31 c1             	xor    %rax,%rcx
  efd51e:	48 39 c1             	cmp    %rax,%rcx
  efd521:	0f 97 c1             	seta   %cl
  efd524:	48 b8 00 00 00 00 00 	movabs $0x8000000000000000,%rax
  efd52b:	00 00 80 
  efd52e:	48 29 f0             	sub    %rsi,%rax
  efd531:	48 39 c7             	cmp    %rax,%rdi
  efd534:	0f 96 c0             	setbe  %al
  efd537:	20 c8                	and    %cl,%al
  efd539:	5d                   	pop    %rbp
  efd53a:	c3                   	ret
  efd53b:	cc                   	int3
  efd53c:	cc                   	int3
  efd53d:	cc                   	int3
  efd53e:	cc                   	int3
  efd53f:	cc                   	int3

0000000000efd540 <_ZN73_$LT$core..num..nonzero..NonZero$LT$T$GT$$u20$as$u20$core..fmt..Debug$GT$3fmt17hbfc288894e22a63aE>:
  efd540:	55                   	push   %rbp
  efd541:	48 89 e5             	mov    %rsp,%rbp
  efd544:	48 81 ec 80 00 00 00 	sub    $0x80,%rsp
  efd54b:	48 8b 3f             	mov    (%rdi),%rdi
  efd54e:	8b 46 10             	mov    0x10(%rsi),%eax
  efd551:	a9 00 00 00 02       	test   $0x2000000,%eax
  efd556:	75 1c                	jne    efd574 <_ZN73_$LT$core..num..nonzero..NonZero$LT$T$GT$$u20$as$u20$core..fmt..Debug$GT$3fmt17hbfc288894e22a63aE+0x34>
  efd558:	a9 00 00 00 04       	test   $0x4000000,%eax
  efd55d:	75 51                	jne    efd5b0 <_ZN73_$LT$core..num..nonzero..NonZero$LT$T$GT$$u20$as$u20$core..fmt..Debug$GT$3fmt17hbfc288894e22a63aE+0x70>
  efd55f:	48 89 f2             	mov    %rsi,%rdx
  efd562:	be 01 00 00 00       	mov    $0x1,%esi
  efd567:	48 81 c4 80 00 00 00 	add    $0x80,%rsp
  efd56e:	5d                   	pop    %rbp
  efd56f:	e9 6c 05 00 00       	jmp    efdae0 <_ZN4core3fmt3num3imp21_$LT$impl$u20$u64$GT$4_fmt17h349bd2eabd5dc64dE>
  efd574:	45 31 c9             	xor    %r9d,%r9d
  efd577:	48 89 f8             	mov    %rdi,%rax
  efd57a:	66 0f 1f 44 00 00    	nopw   0x0(%rax,%rax,1)
  efd580:	48 c1 e8 04          	shr    $0x4,%rax
  efd584:	89 f9                	mov    %edi,%ecx
  efd586:	80 e1 0f             	and    $0xf,%cl
  efd589:	8d 51 30             	lea    0x30(%rcx),%edx
  efd58c:	44 8d 41 57          	lea    0x57(%rcx),%r8d
  efd590:	80 f9 0a             	cmp    $0xa,%cl
  efd593:	0f b6 ca             	movzbl %dl,%ecx
  efd596:	41 0f b6 d0          	movzbl %r8b,%edx
  efd59a:	0f 42 d1             	cmovb  %ecx,%edx
  efd59d:	42 88 54 0d ff       	mov    %dl,-0x1(%rbp,%r9,1)
  efd5a2:	49 ff c9             	dec    %r9
  efd5a5:	48 83 ff 0f          	cmp    $0xf,%rdi
  efd5a9:	48 89 c7             	mov    %rax,%rdi
  efd5ac:	77 d2                	ja     efd580 <_ZN73_$LT$core..num..nonzero..NonZero$LT$T$GT$$u20$as$u20$core..fmt..Debug$GT$3fmt17hbfc288894e22a63aE+0x40>
  efd5ae:	eb 3e                	jmp    efd5ee <_ZN73_$LT$core..num..nonzero..NonZero$LT$T$GT$$u20$as$u20$core..fmt..Debug$GT$3fmt17hbfc288894e22a63aE+0xae>
  efd5b0:	45 31 c9             	xor    %r9d,%r9d
  efd5b3:	48 89 f8             	mov    %rdi,%rax
  efd5b6:	66 2e 0f 1f 84 00 00 	cs nopw 0x0(%rax,%rax,1)
  efd5bd:	00 00 00 
  efd5c0:	48 c1 e8 04          	shr    $0x4,%rax
  efd5c4:	89 f9                	mov    %edi,%ecx
  efd5c6:	80 e1 0f             	and    $0xf,%cl
  efd5c9:	8d 51 30             	lea    0x30(%rcx),%edx
  efd5cc:	44 8d 41 37          	lea    0x37(%rcx),%r8d
  efd5d0:	80 f9 0a             	cmp    $0xa,%cl
  efd5d3:	0f b6 ca             	movzbl %dl,%ecx
  efd5d6:	41 0f b6 d0          	movzbl %r8b,%edx
  efd5da:	0f 42 d1             	cmovb  %ecx,%edx
  efd5dd:	42 88 54 0d ff       	mov    %dl,-0x1(%rbp,%r9,1)
  efd5e2:	49 ff c9             	dec    %r9
  efd5e5:	48 83 ff 0f          	cmp    $0xf,%rdi
  efd5e9:	48 89 c7             	mov    %rax,%rdi
  efd5ec:	77 d2                	ja     efd5c0 <_ZN73_$LT$core..num..nonzero..NonZero$LT$T$GT$$u20$as$u20$core..fmt..Debug$GT$3fmt17hbfc288894e22a63aE+0x80>
  efd5ee:	4d 8d 04 29          	lea    (%r9,%rbp,1),%r8
  efd5f2:	49 f7 d9             	neg    %r9
  efd5f5:	48 8d 15 14 25 ff ff 	lea    -0xdaec(%rip),%rdx        # eefb10 <_ZN63_$LT$common_std..error..RcError$u20$as$u20$core..fmt..Debug$GT$3fmt17h5af9ecfea329b2e5E-0x1130>
  efd5fc:	b9 02 00 00 00       	mov    $0x2,%ecx
  efd601:	48 89 f7             	mov    %rsi,%rdi
  efd604:	be 01 00 00 00       	mov    $0x1,%esi
  efd609:	ff 15 49 19 00 00    	call   *0x1949(%rip)        # efef58 <memcpy+0x12d8>
  efd60f:	48 81 c4 80 00 00 00 	add    $0x80,%rsp
  efd616:	5d                   	pop    %rbp
  efd617:	c3                   	ret
  efd618:	cc                   	int3
  efd619:	cc                   	int3
  efd61a:	cc                   	int3
  efd61b:	cc                   	int3
  efd61c:	cc                   	int3
  efd61d:	cc                   	int3
  efd61e:	cc                   	int3
  efd61f:	cc                   	int3

0000000000efd620 <_ZN4core9panicking11panic_const24panic_const_add_overflow17h2e8a9d29e7403df8E>:
  efd620:	55                   	push   %rbp
  efd621:	48 89 e5             	mov    %rsp,%rbp
  efd624:	48 83 ec 30          	sub    $0x30,%rsp
  efd628:	48 89 fe             	mov    %rdi,%rsi
  efd62b:	48 8d 05 3e 17 00 00 	lea    0x173e(%rip),%rax        # efed70 <memcpy+0x10f0>
  efd632:	48 89 45 d0          	mov    %rax,-0x30(%rbp)
  efd636:	48 c7 45 d8 01 00 00 	movq   $0x1,-0x28(%rbp)
  efd63d:	00 
  efd63e:	48 c7 45 f0 00 00 00 	movq   $0x0,-0x10(%rbp)
  efd645:	00 
  efd646:	48 c7 45 e0 08 00 00 	movq   $0x8,-0x20(%rbp)
  efd64d:	00 
  efd64e:	48 c7 45 e8 00 00 00 	movq   $0x0,-0x18(%rbp)
  efd655:	00 
  efd656:	48 8d 7d d0          	lea    -0x30(%rbp),%rdi
  efd65a:	ff 15 a8 18 00 00    	call   *0x18a8(%rip)        # efef08 <memcpy+0x1288>

0000000000efd660 <_ZN4core9panicking11panic_const24panic_const_sub_overflow17h38d790166b4890c1E>:
  efd660:	55                   	push   %rbp
  efd661:	48 89 e5             	mov    %rsp,%rbp
  efd664:	48 83 ec 30          	sub    $0x30,%rsp
  efd668:	48 89 fe             	mov    %rdi,%rsi
  efd66b:	48 8d 05 0e 17 00 00 	lea    0x170e(%rip),%rax        # efed80 <memcpy+0x1100>
  efd672:	48 89 45 d0          	mov    %rax,-0x30(%rbp)
  efd676:	48 c7 45 d8 01 00 00 	movq   $0x1,-0x28(%rbp)
  efd67d:	00 
  efd67e:	48 c7 45 f0 00 00 00 	movq   $0x0,-0x10(%rbp)
  efd685:	00 
  efd686:	48 c7 45 e0 08 00 00 	movq   $0x8,-0x20(%rbp)
  efd68d:	00 
  efd68e:	48 c7 45 e8 00 00 00 	movq   $0x0,-0x18(%rbp)
  efd695:	00 
  efd696:	48 8d 7d d0          	lea    -0x30(%rbp),%rdi
  efd69a:	ff 15 68 18 00 00    	call   *0x1868(%rip)        # efef08 <memcpy+0x1288>

0000000000efd6a0 <_ZN4core9panicking11panic_const24panic_const_mul_overflow17h1610e41a05836d7aE>:
  efd6a0:	55                   	push   %rbp
  efd6a1:	48 89 e5             	mov    %rsp,%rbp
  efd6a4:	48 83 ec 30          	sub    $0x30,%rsp
  efd6a8:	48 89 fe             	mov    %rdi,%rsi
  efd6ab:	48 8d 05 de 16 00 00 	lea    0x16de(%rip),%rax        # efed90 <memcpy+0x1110>
  efd6b2:	48 89 45 d0          	mov    %rax,-0x30(%rbp)
  efd6b6:	48 c7 45 d8 01 00 00 	movq   $0x1,-0x28(%rbp)
  efd6bd:	00 
  efd6be:	48 c7 45 f0 00 00 00 	movq   $0x0,-0x10(%rbp)
  efd6c5:	00 
  efd6c6:	48 c7 45 e0 08 00 00 	movq   $0x8,-0x20(%rbp)
  efd6cd:	00 
  efd6ce:	48 c7 45 e8 00 00 00 	movq   $0x0,-0x18(%rbp)
  efd6d5:	00 
  efd6d6:	48 8d 7d d0          	lea    -0x30(%rbp),%rdi
  efd6da:	ff 15 28 18 00 00    	call   *0x1828(%rip)        # efef08 <memcpy+0x1288>

0000000000efd6e0 <_ZN4core9panicking11panic_const24panic_const_shr_overflow17h1bbdebf690b0b97bE>:
  efd6e0:	55                   	push   %rbp
  efd6e1:	48 89 e5             	mov    %rsp,%rbp
  efd6e4:	48 83 ec 30          	sub    $0x30,%rsp
  efd6e8:	48 89 fe             	mov    %rdi,%rsi
  efd6eb:	48 8d 05 ae 16 00 00 	lea    0x16ae(%rip),%rax        # efeda0 <memcpy+0x1120>
  efd6f2:	48 89 45 d0          	mov    %rax,-0x30(%rbp)
  efd6f6:	48 c7 45 d8 01 00 00 	movq   $0x1,-0x28(%rbp)
  efd6fd:	00 
  efd6fe:	48 c7 45 f0 00 00 00 	movq   $0x0,-0x10(%rbp)
  efd705:	00 
  efd706:	48 c7 45 e0 08 00 00 	movq   $0x8,-0x20(%rbp)
  efd70d:	00 
  efd70e:	48 c7 45 e8 00 00 00 	movq   $0x0,-0x18(%rbp)
  efd715:	00 
  efd716:	48 8d 7d d0          	lea    -0x30(%rbp),%rdi
  efd71a:	ff 15 e8 17 00 00    	call   *0x17e8(%rip)        # efef08 <memcpy+0x1288>

0000000000efd720 <_ZN4core9panicking11panic_const24panic_const_shl_overflow17hc589e3be3ff2c970E>:
  efd720:	55                   	push   %rbp
  efd721:	48 89 e5             	mov    %rsp,%rbp
  efd724:	48 83 ec 30          	sub    $0x30,%rsp
  efd728:	48 89 fe             	mov    %rdi,%rsi
  efd72b:	48 8d 05 7e 16 00 00 	lea    0x167e(%rip),%rax        # efedb0 <memcpy+0x1130>
  efd732:	48 89 45 d0          	mov    %rax,-0x30(%rbp)
  efd736:	48 c7 45 d8 01 00 00 	movq   $0x1,-0x28(%rbp)
  efd73d:	00 
  efd73e:	48 c7 45 f0 00 00 00 	movq   $0x0,-0x10(%rbp)
  efd745:	00 
  efd746:	48 c7 45 e0 08 00 00 	movq   $0x8,-0x20(%rbp)
  efd74d:	00 
  efd74e:	48 c7 45 e8 00 00 00 	movq   $0x0,-0x18(%rbp)
  efd755:	00 
  efd756:	48 8d 7d d0          	lea    -0x30(%rbp),%rdi
  efd75a:	ff 15 a8 17 00 00    	call   *0x17a8(%rip)        # efef08 <memcpy+0x1288>

0000000000efd760 <_ZN4core9panicking11panic_const23panic_const_div_by_zero17h401f3623eca33a75E>:
  efd760:	55                   	push   %rbp
  efd761:	48 89 e5             	mov    %rsp,%rbp
  efd764:	48 83 ec 30          	sub    $0x30,%rsp
  efd768:	48 89 fe             	mov    %rdi,%rsi
  efd76b:	48 8d 05 46 17 00 00 	lea    0x1746(%rip),%rax        # efeeb8 <memcpy+0x1238>
  efd772:	48 89 45 d0          	mov    %rax,-0x30(%rbp)
  efd776:	48 c7 45 d8 01 00 00 	movq   $0x1,-0x28(%rbp)
  efd77d:	00 
  efd77e:	48 c7 45 f0 00 00 00 	movq   $0x0,-0x10(%rbp)
  efd785:	00 
  efd786:	48 c7 45 e0 08 00 00 	movq   $0x8,-0x20(%rbp)
  efd78d:	00 
  efd78e:	48 c7 45 e8 00 00 00 	movq   $0x0,-0x18(%rbp)
  efd795:	00 
  efd796:	48 8d 7d d0          	lea    -0x30(%rbp),%rdi
  efd79a:	ff 15 68 17 00 00    	call   *0x1768(%rip)        # efef08 <memcpy+0x1288>

0000000000efd7a0 <_ZN4core3fmt3num53_$LT$impl$u20$core..fmt..LowerHex$u20$for$u20$i64$GT$3fmt17hc4e8c92e88bf1533E>:
  efd7a0:	55                   	push   %rbp
  efd7a1:	48 89 e5             	mov    %rsp,%rbp
  efd7a4:	48 81 ec 80 00 00 00 	sub    $0x80,%rsp
  efd7ab:	48 8b 07             	mov    (%rdi),%rax
  efd7ae:	45 31 c9             	xor    %r9d,%r9d
  efd7b1:	48 89 c1             	mov    %rax,%rcx
  efd7b4:	66 66 66 2e 0f 1f 84 	data16 data16 cs nopw 0x0(%rax,%rax,1)
  efd7bb:	00 00 00 00 00 
  efd7c0:	48 c1 e9 04          	shr    $0x4,%rcx
  efd7c4:	89 c2                	mov    %eax,%edx
  efd7c6:	80 e2 0f             	and    $0xf,%dl
  efd7c9:	8d 7a 30             	lea    0x30(%rdx),%edi
  efd7cc:	44 8d 42 57          	lea    0x57(%rdx),%r8d
  efd7d0:	80 fa 0a             	cmp    $0xa,%dl
  efd7d3:	40 0f b6 d7          	movzbl %dil,%edx
  efd7d7:	41 0f b6 f8          	movzbl %r8b,%edi
  efd7db:	0f 42 fa             	cmovb  %edx,%edi
  efd7de:	42 88 7c 0d ff       	mov    %dil,-0x1(%rbp,%r9,1)
  efd7e3:	49 ff c9             	dec    %r9
  efd7e6:	48 83 f8 0f          	cmp    $0xf,%rax
  efd7ea:	48 89 c8             	mov    %rcx,%rax
  efd7ed:	77 d1                	ja     efd7c0 <_ZN4core3fmt3num53_$LT$impl$u20$core..fmt..LowerHex$u20$for$u20$i64$GT$3fmt17hc4e8c92e88bf1533E+0x20>
  efd7ef:	4d 8d 04 29          	lea    (%r9,%rbp,1),%r8
  efd7f3:	49 f7 d9             	neg    %r9
  efd7f6:	48 8d 15 13 23 ff ff 	lea    -0xdced(%rip),%rdx        # eefb10 <_ZN63_$LT$common_std..error..RcError$u20$as$u20$core..fmt..Debug$GT$3fmt17h5af9ecfea329b2e5E-0x1130>
  efd7fd:	b9 02 00 00 00       	mov    $0x2,%ecx
  efd802:	48 89 f7             	mov    %rsi,%rdi
  efd805:	be 01 00 00 00       	mov    $0x1,%esi
  efd80a:	ff 15 48 17 00 00    	call   *0x1748(%rip)        # efef58 <memcpy+0x12d8>
  efd810:	48 81 c4 80 00 00 00 	add    $0x80,%rsp
  efd817:	5d                   	pop    %rbp
  efd818:	c3                   	ret
  efd819:	cc                   	int3
  efd81a:	cc                   	int3
  efd81b:	cc                   	int3
  efd81c:	cc                   	int3
  efd81d:	cc                   	int3
  efd81e:	cc                   	int3
  efd81f:	cc                   	int3

0000000000efd820 <_ZN4core3fmt3num53_$LT$impl$u20$core..fmt..UpperHex$u20$for$u20$i64$GT$3fmt17h9d2cb47374a8a007E>:
  efd820:	55                   	push   %rbp
  efd821:	48 89 e5             	mov    %rsp,%rbp
  efd824:	48 81 ec 80 00 00 00 	sub    $0x80,%rsp
  efd82b:	48 8b 07             	mov    (%rdi),%rax
  efd82e:	45 31 c9             	xor    %r9d,%r9d
  efd831:	48 89 c1             	mov    %rax,%rcx
  efd834:	66 66 66 2e 0f 1f 84 	data16 data16 cs nopw 0x0(%rax,%rax,1)
  efd83b:	00 00 00 00 00 
  efd840:	48 c1 e9 04          	shr    $0x4,%rcx
  efd844:	89 c2                	mov    %eax,%edx
  efd846:	80 e2 0f             	and    $0xf,%dl
  efd849:	8d 7a 30             	lea    0x30(%rdx),%edi
  efd84c:	44 8d 42 37          	lea    0x37(%rdx),%r8d
  efd850:	80 fa 0a             	cmp    $0xa,%dl
  efd853:	40 0f b6 d7          	movzbl %dil,%edx
  efd857:	41 0f b6 f8          	movzbl %r8b,%edi
  efd85b:	0f 42 fa             	cmovb  %edx,%edi
  efd85e:	42 88 7c 0d ff       	mov    %dil,-0x1(%rbp,%r9,1)
  efd863:	49 ff c9             	dec    %r9
  efd866:	48 83 f8 0f          	cmp    $0xf,%rax
  efd86a:	48 89 c8             	mov    %rcx,%rax
  efd86d:	77 d1                	ja     efd840 <_ZN4core3fmt3num53_$LT$impl$u20$core..fmt..UpperHex$u20$for$u20$i64$GT$3fmt17h9d2cb47374a8a007E+0x20>
  efd86f:	4d 8d 04 29          	lea    (%r9,%rbp,1),%r8
  efd873:	49 f7 d9             	neg    %r9
  efd876:	48 8d 15 93 22 ff ff 	lea    -0xdd6d(%rip),%rdx        # eefb10 <_ZN63_$LT$common_std..error..RcError$u20$as$u20$core..fmt..Debug$GT$3fmt17h5af9ecfea329b2e5E-0x1130>
  efd87d:	b9 02 00 00 00       	mov    $0x2,%ecx
  efd882:	48 89 f7             	mov    %rsi,%rdi
  efd885:	be 01 00 00 00       	mov    $0x1,%esi
  efd88a:	ff 15 c8 16 00 00    	call   *0x16c8(%rip)        # efef58 <memcpy+0x12d8>
  efd890:	48 81 c4 80 00 00 00 	add    $0x80,%rsp
  efd897:	5d                   	pop    %rbp
  efd898:	c3                   	ret
  efd899:	cc                   	int3
  efd89a:	cc                   	int3
  efd89b:	cc                   	int3
  efd89c:	cc                   	int3
  efd89d:	cc                   	int3
  efd89e:	cc                   	int3
  efd89f:	cc                   	int3

0000000000efd8a0 <_ZN4core3fmt3num50_$LT$impl$u20$core..fmt..Debug$u20$for$u20$u32$GT$3fmt17he232b7d295b99e85E>:
  efd8a0:	55                   	push   %rbp
  efd8a1:	48 89 e5             	mov    %rsp,%rbp
  efd8a4:	48 81 ec 80 00 00 00 	sub    $0x80,%rsp
  efd8ab:	8b 46 10             	mov    0x10(%rsi),%eax
  efd8ae:	a9 00 00 00 02       	test   $0x2000000,%eax
  efd8b3:	75 1e                	jne    efd8d3 <_ZN4core3fmt3num50_$LT$impl$u20$core..fmt..Debug$u20$for$u20$u32$GT$3fmt17he232b7d295b99e85E+0x33>
  efd8b5:	a9 00 00 00 04       	test   $0x4000000,%eax
  efd8ba:	75 52                	jne    efd90e <_ZN4core3fmt3num50_$LT$impl$u20$core..fmt..Debug$u20$for$u20$u32$GT$3fmt17he232b7d295b99e85E+0x6e>
  efd8bc:	8b 3f                	mov    (%rdi),%edi
  efd8be:	48 89 f2             	mov    %rsi,%rdx
  efd8c1:	be 01 00 00 00       	mov    $0x1,%esi
  efd8c6:	48 81 c4 80 00 00 00 	add    $0x80,%rsp
  efd8cd:	5d                   	pop    %rbp
  efd8ce:	e9 cd 00 00 00       	jmp    efd9a0 <_ZN4core3fmt3num3imp21_$LT$impl$u20$u32$GT$4_fmt17hfce450c54e88c45bE>
  efd8d3:	8b 07                	mov    (%rdi),%eax
  efd8d5:	45 31 c9             	xor    %r9d,%r9d
  efd8d8:	89 c1                	mov    %eax,%ecx
  efd8da:	66 0f 1f 44 00 00    	nopw   0x0(%rax,%rax,1)
  efd8e0:	c1 e9 04             	shr    $0x4,%ecx
  efd8e3:	89 c2                	mov    %eax,%edx
  efd8e5:	80 e2 0f             	and    $0xf,%dl
  efd8e8:	8d 7a 30             	lea    0x30(%rdx),%edi
  efd8eb:	44 8d 42 57          	lea    0x57(%rdx),%r8d
  efd8ef:	80 fa 0a             	cmp    $0xa,%dl
  efd8f2:	40 0f b6 d7          	movzbl %dil,%edx
  efd8f6:	41 0f b6 f8          	movzbl %r8b,%edi
  efd8fa:	0f 42 fa             	cmovb  %edx,%edi
  efd8fd:	42 88 7c 0d ff       	mov    %dil,-0x1(%rbp,%r9,1)
  efd902:	49 ff c9             	dec    %r9
  efd905:	83 f8 0f             	cmp    $0xf,%eax
  efd908:	89 c8                	mov    %ecx,%eax
  efd90a:	77 d4                	ja     efd8e0 <_ZN4core3fmt3num50_$LT$impl$u20$core..fmt..Debug$u20$for$u20$u32$GT$3fmt17he232b7d295b99e85E+0x40>
  efd90c:	eb 3e                	jmp    efd94c <_ZN4core3fmt3num50_$LT$impl$u20$core..fmt..Debug$u20$for$u20$u32$GT$3fmt17he232b7d295b99e85E+0xac>
  efd90e:	8b 07                	mov    (%rdi),%eax
  efd910:	45 31 c9             	xor    %r9d,%r9d
  efd913:	89 c1                	mov    %eax,%ecx
  efd915:	66 66 2e 0f 1f 84 00 	data16 cs nopw 0x0(%rax,%rax,1)
  efd91c:	00 00 00 00 
  efd920:	c1 e9 04             	shr    $0x4,%ecx
  efd923:	89 c2                	mov    %eax,%edx
  efd925:	80 e2 0f             	and    $0xf,%dl
  efd928:	8d 7a 30             	lea    0x30(%rdx),%edi
  efd92b:	44 8d 42 37          	lea    0x37(%rdx),%r8d
  efd92f:	80 fa 0a             	cmp    $0xa,%dl
  efd932:	40 0f b6 d7          	movzbl %dil,%edx
  efd936:	41 0f b6 f8          	movzbl %r8b,%edi
  efd93a:	0f 42 fa             	cmovb  %edx,%edi
  efd93d:	42 88 7c 0d ff       	mov    %dil,-0x1(%rbp,%r9,1)
  efd942:	49 ff c9             	dec    %r9
  efd945:	83 f8 0f             	cmp    $0xf,%eax
  efd948:	89 c8                	mov    %ecx,%eax
  efd94a:	77 d4                	ja     efd920 <_ZN4core3fmt3num50_$LT$impl$u20$core..fmt..Debug$u20$for$u20$u32$GT$3fmt17he232b7d295b99e85E+0x80>
  efd94c:	4d 8d 04 29          	lea    (%r9,%rbp,1),%r8
  efd950:	49 f7 d9             	neg    %r9
  efd953:	48 8d 15 b6 21 ff ff 	lea    -0xde4a(%rip),%rdx        # eefb10 <_ZN63_$LT$common_std..error..RcError$u20$as$u20$core..fmt..Debug$GT$3fmt17h5af9ecfea329b2e5E-0x1130>
  efd95a:	b9 02 00 00 00       	mov    $0x2,%ecx
  efd95f:	48 89 f7             	mov    %rsi,%rdi
  efd962:	be 01 00 00 00       	mov    $0x1,%esi
  efd967:	ff 15 eb 15 00 00    	call   *0x15eb(%rip)        # efef58 <memcpy+0x12d8>
  efd96d:	48 81 c4 80 00 00 00 	add    $0x80,%rsp
  efd974:	5d                   	pop    %rbp
  efd975:	c3                   	ret
  efd976:	cc                   	int3
  efd977:	cc                   	int3
  efd978:	cc                   	int3
  efd979:	cc                   	int3
  efd97a:	cc                   	int3
  efd97b:	cc                   	int3
  efd97c:	cc                   	int3
  efd97d:	cc                   	int3
  efd97e:	cc                   	int3
  efd97f:	cc                   	int3

0000000000efd980 <_ZN4core3fmt3num3imp52_$LT$impl$u20$core..fmt..Display$u20$for$u20$u32$GT$3fmt17ha4bdbb06cca74172E>:
  efd980:	55                   	push   %rbp
  efd981:	48 89 e5             	mov    %rsp,%rbp
  efd984:	48 89 f2             	mov    %rsi,%rdx
  efd987:	8b 3f                	mov    (%rdi),%edi
  efd989:	be 01 00 00 00       	mov    $0x1,%esi
  efd98e:	5d                   	pop    %rbp
  efd98f:	e9 0c 00 00 00       	jmp    efd9a0 <_ZN4core3fmt3num3imp21_$LT$impl$u20$u32$GT$4_fmt17hfce450c54e88c45bE>
  efd994:	cc                   	int3
  efd995:	cc                   	int3
  efd996:	cc                   	int3
  efd997:	cc                   	int3
  efd998:	cc                   	int3
  efd999:	cc                   	int3
  efd99a:	cc                   	int3
  efd99b:	cc                   	int3
  efd99c:	cc                   	int3
  efd99d:	cc                   	int3
  efd99e:	cc                   	int3
  efd99f:	cc                   	int3

0000000000efd9a0 <_ZN4core3fmt3num3imp21_$LT$impl$u20$u32$GT$4_fmt17hfce450c54e88c45bE>:
  efd9a0:	55                   	push   %rbp
  efd9a1:	48 89 e5             	mov    %rsp,%rbp
  efd9a4:	41 57                	push   %r15
  efd9a6:	41 56                	push   %r14
  efd9a8:	53                   	push   %rbx
  efd9a9:	48 83 ec 18          	sub    $0x18,%rsp
  efd9ad:	48 89 d0             	mov    %rdx,%rax
  efd9b0:	b9 0a 00 00 00       	mov    $0xa,%ecx
  efd9b5:	48 8d 15 56 21 ff ff 	lea    -0xdeaa(%rip),%rdx        # eefb12 <_ZN63_$LT$common_std..error..RcError$u20$as$u20$core..fmt..Debug$GT$3fmt17h5af9ecfea329b2e5E-0x112e>
  efd9bc:	41 89 f8             	mov    %edi,%r8d
  efd9bf:	81 ff e8 03 00 00    	cmp    $0x3e8,%edi
  efd9c5:	72 6d                	jb     efda34 <_ZN4core3fmt3num3imp21_$LT$impl$u20$u32$GT$4_fmt17hfce450c54e88c45bE+0x94>
  efd9c7:	41 bb 0a 00 00 00    	mov    $0xa,%r11d
  efd9cd:	41 b9 59 17 b7 d1    	mov    $0xd1b71759,%r9d
  efd9d3:	41 89 fa             	mov    %edi,%r10d
  efd9d6:	66 2e 0f 1f 84 00 00 	cs nopw 0x0(%rax,%rax,1)
  efd9dd:	00 00 00 
  efd9e0:	49 8d 4b fc          	lea    -0x4(%r11),%rcx
  efd9e4:	45 89 d0             	mov    %r10d,%r8d
  efd9e7:	4d 0f af c1          	imul   %r9,%r8
  efd9eb:	49 c1 e8 2d          	shr    $0x2d,%r8
  efd9ef:	41 69 d8 10 27 00 00 	imul   $0x2710,%r8d,%ebx
  efd9f6:	45 89 d6             	mov    %r10d,%r14d
  efd9f9:	41 29 de             	sub    %ebx,%r14d
  efd9fc:	41 69 de 7b 14 00 00 	imul   $0x147b,%r14d,%ebx
  efda03:	c1 eb 13             	shr    $0x13,%ebx
  efda06:	44 6b fb 64          	imul   $0x64,%ebx,%r15d
  efda0a:	45 29 fe             	sub    %r15d,%r14d
  efda0d:	0f b7 1c 5a          	movzwl (%rdx,%rbx,2),%ebx
  efda11:	66 42 89 5c 1d da    	mov    %bx,-0x26(%rbp,%r11,1)
  efda17:	41 0f b7 de          	movzwl %r14w,%ebx
  efda1b:	0f b7 1c 5a          	movzwl (%rdx,%rbx,2),%ebx
  efda1f:	66 42 89 5c 1d dc    	mov    %bx,-0x24(%rbp,%r11,1)
  efda25:	49 89 cb             	mov    %rcx,%r11
  efda28:	41 81 fa 7f 96 98 00 	cmp    $0x98967f,%r10d
  efda2f:	45 89 c2             	mov    %r8d,%r10d
  efda32:	77 ac                	ja     efd9e0 <_ZN4core3fmt3num3imp21_$LT$impl$u20$u32$GT$4_fmt17hfce450c54e88c45bE+0x40>
  efda34:	41 83 f8 09          	cmp    $0x9,%r8d
  efda38:	76 30                	jbe    efda6a <_ZN4core3fmt3num3imp21_$LT$impl$u20$u32$GT$4_fmt17hfce450c54e88c45bE+0xca>
  efda3a:	45 0f b7 c8          	movzwl %r8w,%r9d
  efda3e:	41 c1 e9 02          	shr    $0x2,%r9d
  efda42:	45 69 c9 7b 14 00 00 	imul   $0x147b,%r9d,%r9d
  efda49:	41 c1 e9 11          	shr    $0x11,%r9d
  efda4d:	45 6b d1 64          	imul   $0x64,%r9d,%r10d
  efda51:	45 29 d0             	sub    %r10d,%r8d
  efda54:	45 0f b7 c0          	movzwl %r8w,%r8d
  efda58:	46 0f b7 04 42       	movzwl (%rdx,%r8,2),%r8d
  efda5d:	66 44 89 44 0d dc    	mov    %r8w,-0x24(%rbp,%rcx,1)
  efda63:	48 83 c1 fe          	add    $0xfffffffffffffffe,%rcx
  efda67:	45 89 c8             	mov    %r9d,%r8d
  efda6a:	85 ff                	test   %edi,%edi
  efda6c:	74 05                	je     efda73 <_ZN4core3fmt3num3imp21_$LT$impl$u20$u32$GT$4_fmt17hfce450c54e88c45bE+0xd3>
  efda6e:	45 85 c0             	test   %r8d,%r8d
  efda71:	74 11                	je     efda84 <_ZN4core3fmt3num3imp21_$LT$impl$u20$u32$GT$4_fmt17hfce450c54e88c45bE+0xe4>
  efda73:	41 83 e0 0f          	and    $0xf,%r8d
  efda77:	42 0f b6 54 42 01    	movzbl 0x1(%rdx,%r8,2),%edx
  efda7d:	88 54 0d dd          	mov    %dl,-0x23(%rbp,%rcx,1)
  efda81:	48 ff c9             	dec    %rcx
  efda84:	41 b9 0a 00 00 00    	mov    $0xa,%r9d
  efda8a:	49 29 c9             	sub    %rcx,%r9
  efda8d:	4c 8d 04 29          	lea    (%rcx,%rbp,1),%r8
  efda91:	49 83 c0 de          	add    $0xffffffffffffffde,%r8
  efda95:	40 0f b6 f6          	movzbl %sil,%esi
  efda99:	ba 01 00 00 00       	mov    $0x1,%edx
  efda9e:	48 89 c7             	mov    %rax,%rdi
  efdaa1:	31 c9                	xor    %ecx,%ecx
  efdaa3:	ff 15 af 14 00 00    	call   *0x14af(%rip)        # efef58 <memcpy+0x12d8>
  efdaa9:	48 83 c4 18          	add    $0x18,%rsp
  efdaad:	5b                   	pop    %rbx
  efdaae:	41 5e                	pop    %r14
  efdab0:	41 5f                	pop    %r15
  efdab2:	5d                   	pop    %rbp
  efdab3:	c3                   	ret
  efdab4:	cc                   	int3
  efdab5:	cc                   	int3
  efdab6:	cc                   	int3
  efdab7:	cc                   	int3
  efdab8:	cc                   	int3
  efdab9:	cc                   	int3
  efdaba:	cc                   	int3
  efdabb:	cc                   	int3
  efdabc:	cc                   	int3
  efdabd:	cc                   	int3
  efdabe:	cc                   	int3
  efdabf:	cc                   	int3

0000000000efdac0 <_ZN4core3fmt3num3imp52_$LT$impl$u20$core..fmt..Display$u20$for$u20$u64$GT$3fmt17he113aca8b970a373E>:
  efdac0:	55                   	push   %rbp
  efdac1:	48 89 e5             	mov    %rsp,%rbp
  efdac4:	48 89 f2             	mov    %rsi,%rdx
  efdac7:	48 8b 3f             	mov    (%rdi),%rdi
  efdaca:	be 01 00 00 00       	mov    $0x1,%esi
  efdacf:	5d                   	pop    %rbp
  efdad0:	e9 0b 00 00 00       	jmp    efdae0 <_ZN4core3fmt3num3imp21_$LT$impl$u20$u64$GT$4_fmt17h349bd2eabd5dc64dE>
  efdad5:	cc                   	int3
  efdad6:	cc                   	int3
  efdad7:	cc                   	int3
  efdad8:	cc                   	int3
  efdad9:	cc                   	int3
  efdada:	cc                   	int3
  efdadb:	cc                   	int3
  efdadc:	cc                   	int3
  efdadd:	cc                   	int3
  efdade:	cc                   	int3
  efdadf:	cc                   	int3

0000000000efdae0 <_ZN4core3fmt3num3imp21_$LT$impl$u20$u64$GT$4_fmt17h349bd2eabd5dc64dE>:
  efdae0:	55                   	push   %rbp
  efdae1:	48 89 e5             	mov    %rsp,%rbp
  efdae4:	41 57                	push   %r15
  efdae6:	41 56                	push   %r14
  efdae8:	53                   	push   %rbx
  efdae9:	48 83 ec 18          	sub    $0x18,%rsp
  efdaed:	48 89 d1             	mov    %rdx,%rcx
  efdaf0:	41 ba 14 00 00 00    	mov    $0x14,%r10d
  efdaf6:	4c 8d 0d 15 20 ff ff 	lea    -0xdfeb(%rip),%r9        # eefb12 <_ZN63_$LT$common_std..error..RcError$u20$as$u20$core..fmt..Debug$GT$3fmt17h5af9ecfea329b2e5E-0x112e>
  efdafd:	48 89 fa             	mov    %rdi,%rdx
  efdb00:	48 81 ff e8 03 00 00 	cmp    $0x3e8,%rdi
  efdb07:	72 69                	jb     efdb72 <_ZN4core3fmt3num3imp21_$LT$impl$u20$u64$GT$4_fmt17h349bd2eabd5dc64dE+0x92>
  efdb09:	bb 14 00 00 00       	mov    $0x14,%ebx
  efdb0e:	49 bb 4b 59 86 38 d6 	movabs $0x346dc5d63886594b,%r11
  efdb15:	c5 6d 34 
  efdb18:	49 89 f8             	mov    %rdi,%r8
  efdb1b:	0f 1f 44 00 00       	nopl   0x0(%rax,%rax,1)
  efdb20:	4c 8d 53 fc          	lea    -0x4(%rbx),%r10
  efdb24:	4c 89 c0             	mov    %r8,%rax
  efdb27:	49 f7 e3             	mul    %r11
  efdb2a:	48 c1 ea 0b          	shr    $0xb,%rdx
  efdb2e:	69 c2 10 27 00 00    	imul   $0x2710,%edx,%eax
  efdb34:	45 89 c6             	mov    %r8d,%r14d
  efdb37:	41 29 c6             	sub    %eax,%r14d
  efdb3a:	41 69 c6 7b 14 00 00 	imul   $0x147b,%r14d,%eax
  efdb41:	c1 e8 13             	shr    $0x13,%eax
  efdb44:	44 6b f8 64          	imul   $0x64,%eax,%r15d
  efdb48:	45 29 fe             	sub    %r15d,%r14d
  efdb4b:	41 0f b7 04 41       	movzwl (%r9,%rax,2),%eax
  efdb50:	66 89 44 1d d0       	mov    %ax,-0x30(%rbp,%rbx,1)
  efdb55:	41 0f b7 c6          	movzwl %r14w,%eax
  efdb59:	41 0f b7 04 41       	movzwl (%r9,%rax,2),%eax
  efdb5e:	66 89 44 1d d2       	mov    %ax,-0x2e(%rbp,%rbx,1)
  efdb63:	4c 89 d3             	mov    %r10,%rbx
  efdb66:	49 81 f8 7f 96 98 00 	cmp    $0x98967f,%r8
  efdb6d:	49 89 d0             	mov    %rdx,%r8
  efdb70:	77 ae                	ja     efdb20 <_ZN4core3fmt3num3imp21_$LT$impl$u20$u64$GT$4_fmt17h349bd2eabd5dc64dE+0x40>
  efdb72:	48 83 fa 09          	cmp    $0x9,%rdx
  efdb76:	76 2d                	jbe    efdba5 <_ZN4core3fmt3num3imp21_$LT$impl$u20$u64$GT$4_fmt17h349bd2eabd5dc64dE+0xc5>
  efdb78:	89 d0                	mov    %edx,%eax
  efdb7a:	c1 e8 02             	shr    $0x2,%eax
  efdb7d:	0f b7 c0             	movzwl %ax,%eax
  efdb80:	69 c0 7b 14 00 00    	imul   $0x147b,%eax,%eax
  efdb86:	c1 e8 11             	shr    $0x11,%eax
  efdb89:	44 6b c0 64          	imul   $0x64,%eax,%r8d
  efdb8d:	44 29 c2             	sub    %r8d,%edx
  efdb90:	0f b7 d2             	movzwl %dx,%edx
  efdb93:	41 0f b7 14 51       	movzwl (%r9,%rdx,2),%edx
  efdb98:	66 42 89 54 15 d2    	mov    %dx,-0x2e(%rbp,%r10,1)
  efdb9e:	49 83 c2 fe          	add    $0xfffffffffffffffe,%r10
  efdba2:	48 89 c2             	mov    %rax,%rdx
  efdba5:	48 85 ff             	test   %rdi,%rdi
  efdba8:	74 05                	je     efdbaf <_ZN4core3fmt3num3imp21_$LT$impl$u20$u64$GT$4_fmt17h349bd2eabd5dc64dE+0xcf>
  efdbaa:	48 85 d2             	test   %rdx,%rdx
  efdbad:	74 11                	je     efdbc0 <_ZN4core3fmt3num3imp21_$LT$impl$u20$u64$GT$4_fmt17h349bd2eabd5dc64dE+0xe0>
  efdbaf:	83 e2 0f             	and    $0xf,%edx
  efdbb2:	41 0f b6 44 51 01    	movzbl 0x1(%r9,%rdx,2),%eax
  efdbb8:	42 88 44 15 d3       	mov    %al,-0x2d(%rbp,%r10,1)
  efdbbd:	49 ff ca             	dec    %r10
  efdbc0:	41 b9 14 00 00 00    	mov    $0x14,%r9d
  efdbc6:	4d 29 d1             	sub    %r10,%r9
  efdbc9:	4d 8d 04 2a          	lea    (%r10,%rbp,1),%r8
  efdbcd:	49 83 c0 d4          	add    $0xffffffffffffffd4,%r8
  efdbd1:	40 0f b6 f6          	movzbl %sil,%esi
  efdbd5:	ba 01 00 00 00       	mov    $0x1,%edx
  efdbda:	48 89 cf             	mov    %rcx,%rdi
  efdbdd:	31 c9                	xor    %ecx,%ecx
  efdbdf:	ff 15 73 13 00 00    	call   *0x1373(%rip)        # efef58 <memcpy+0x12d8>
  efdbe5:	48 83 c4 18          	add    $0x18,%rsp
  efdbe9:	5b                   	pop    %rbx
  efdbea:	41 5e                	pop    %r14
  efdbec:	41 5f                	pop    %r15
  efdbee:	5d                   	pop    %rbp
  efdbef:	c3                   	ret

0000000000efdbf0 <_ZN42_$LT$$RF$T$u20$as$u20$core..fmt..Debug$GT$3fmt17h123e2ff1ec4618b0E>:
  efdbf0:	55                   	push   %rbp
  efdbf1:	48 89 e5             	mov    %rsp,%rbp
  efdbf4:	48 8b 07             	mov    (%rdi),%rax
  efdbf7:	48 8b 4f 08          	mov    0x8(%rdi),%rcx
  efdbfb:	48 8b 49 18          	mov    0x18(%rcx),%rcx
  efdbff:	48 89 c7             	mov    %rax,%rdi
  efdc02:	5d                   	pop    %rbp
  efdc03:	ff e1                	jmp    *%rcx
  efdc05:	cc                   	int3
  efdc06:	cc                   	int3
  efdc07:	cc                   	int3
  efdc08:	cc                   	int3
  efdc09:	cc                   	int3
  efdc0a:	cc                   	int3
  efdc0b:	cc                   	int3
  efdc0c:	cc                   	int3
  efdc0d:	cc                   	int3
  efdc0e:	cc                   	int3
  efdc0f:	cc                   	int3

0000000000efdc10 <_ZN44_$LT$$RF$T$u20$as$u20$core..fmt..Display$GT$3fmt17h01ab827f995bcdafE>:
  efdc10:	55                   	push   %rbp
  efdc11:	48 89 e5             	mov    %rsp,%rbp
  efdc14:	48 89 f0             	mov    %rsi,%rax
  efdc17:	48 8b 37             	mov    (%rdi),%rsi
  efdc1a:	48 8b 57 08          	mov    0x8(%rdi),%rdx
  efdc1e:	48 89 c7             	mov    %rax,%rdi
  efdc21:	5d                   	pop    %rbp
  efdc22:	ff 25 f8 12 00 00    	jmp    *0x12f8(%rip)        # efef20 <memcpy+0x12a0>
  efdc28:	cc                   	int3
  efdc29:	cc                   	int3
  efdc2a:	cc                   	int3
  efdc2b:	cc                   	int3
  efdc2c:	cc                   	int3
  efdc2d:	cc                   	int3
  efdc2e:	cc                   	int3
  efdc2f:	cc                   	int3

0000000000efdc30 <memset>:
  efdc30:	55                   	push   %rbp
  efdc31:	48 89 e5             	mov    %rsp,%rbp
  efdc34:	49 89 d0             	mov    %rdx,%r8
  efdc37:	48 89 fa             	mov    %rdi,%rdx
  efdc3a:	89 d1                	mov    %edx,%ecx
  efdc3c:	f7 d9                	neg    %ecx
  efdc3e:	83 e1 07             	and    $0x7,%ecx
  efdc41:	49 39 c8             	cmp    %rcx,%r8
  efdc44:	49 0f 42 c8          	cmovb  %r8,%rcx
  efdc48:	40 0f b6 f6          	movzbl %sil,%esi
  efdc4c:	48 b8 01 01 01 01 01 	movabs $0x101010101010101,%rax
  efdc53:	01 01 01 
  efdc56:	48 0f af c6          	imul   %rsi,%rax
  efdc5a:	49 29 c8             	sub    %rcx,%r8
  efdc5d:	4c 89 c6             	mov    %r8,%rsi
  efdc60:	48 c1 ee 03          	shr    $0x3,%rsi
  efdc64:	41 83 e0 07          	and    $0x7,%r8d
  efdc68:	f3 aa                	rep stos %al,%es:(%rdi)
  efdc6a:	48 89 f1             	mov    %rsi,%rcx
  efdc6d:	f3 48 ab             	rep stos %rax,%es:(%rdi)
  efdc70:	4c 89 c1             	mov    %r8,%rcx
  efdc73:	f3 aa                	rep stos %al,%es:(%rdi)
  efdc75:	48 89 d0             	mov    %rdx,%rax
  efdc78:	5d                   	pop    %rbp
  efdc79:	c3                   	ret
  efdc7a:	cc                   	int3
  efdc7b:	cc                   	int3
  efdc7c:	cc                   	int3
  efdc7d:	cc                   	int3
  efdc7e:	cc                   	int3
  efdc7f:	cc                   	int3

0000000000efdc80 <memcpy>:
  efdc80:	55                   	push   %rbp
  efdc81:	48 89 e5             	mov    %rsp,%rbp
  efdc84:	48 89 f8             	mov    %rdi,%rax
  efdc87:	41 89 c0             	mov    %eax,%r8d
  efdc8a:	41 f7 d8             	neg    %r8d
  efdc8d:	41 83 e0 07          	and    $0x7,%r8d
  efdc91:	4c 39 c2             	cmp    %r8,%rdx
  efdc94:	4c 0f 42 c2          	cmovb  %rdx,%r8
  efdc98:	4c 89 c1             	mov    %r8,%rcx
  efdc9b:	f3 a4                	rep movsb %ds:(%rsi),%es:(%rdi)
  efdc9d:	4c 29 c2             	sub    %r8,%rdx
  efdca0:	48 89 d1             	mov    %rdx,%rcx
  efdca3:	48 c1 e9 03          	shr    $0x3,%rcx
  efdca7:	f3 48 a5             	rep movsq %ds:(%rsi),%es:(%rdi)
  efdcaa:	83 e2 07             	and    $0x7,%edx
  efdcad:	48 89 d1             	mov    %rdx,%rcx
  efdcb0:	f3 a4                	rep movsb %ds:(%rsi),%es:(%rdi)
  efdcb2:	5d                   	pop    %rbp
  efdcb3:	c3                   	ret
